timestamp,open,high,low,close,volume
2024-01-01T00:00:00+00:00,1.100000,1.100210,1.099250,1.099570,941.63
2024-01-01T01:00:00+00:00,1.099570,1.101030,1.099260,1.100730,1111.24
2024-01-01T02:00:00+00:00,1.100730,1.102780,1.100480,1.102200,1172.32
2024-01-01T03:00:00+00:00,1.102200,1.102760,1.102020,1.102560,723.42
2024-01-01T04:00:00+00:00,1.102560,1.104940,1.102390,1.104070,1163.55
2024-01-01T05:00:00+00:00,1.104070,1.104810,1.103960,1.104210,596.08
2024-01-01T06:00:00+00:00,1.104210,1.105550,1.103260,1.105050,904.39
2024-01-01T07:00:00+00:00,1.105050,1.105640,1.104050,1.104800,789.51
2024-01-01T08:00:00+00:00,1.104800,1.104930,1.104740,1.104810,800.40
2024-01-01T09:00:00+00:00,1.104810,1.105340,1.104620,1.105210,652.93
2024-01-01T10:00:00+00:00,1.105210,1.105850,1.105180,1.105400,748.19
2024-01-01T11:00:00+00:00,1.105400,1.105500,1.105060,1.105330,686.26
2024-01-01T12:00:00+00:00,1.105330,1.106940,1.104920,1.106250,902.98
2024-01-01T13:00:00+00:00,1.106250,1.106440,1.105840,1.105890,847.51
2024-01-01T14:00:00+00:00,1.105890,1.105900,1.105180,1.105410,1018.76
2024-01-01T15:00:00+00:00,1.105410,1.106300,1.104850,1.106120,802.78
2024-01-01T16:00:00+00:00,1.106120,1.106420,1.105360,1.105840,973.23
2024-01-01T17:00:00+00:00,1.105840,1.107620,1.105680,1.106890,983.24
2024-01-01T18:00:00+00:00,1.106890,1.108860,1.106330,1.108160,1000.49
2024-01-01T19:00:00+00:00,1.108160,1.108410,1.106500,1.107150,1174.49
2024-01-01T20:00:00+00:00,1.107150,1.107250,1.106770,1.107020,756.84
2024-01-01T21:00:00+00:00,1.107020,1.107690,1.106440,1.107180,723.88
2024-01-01T22:00:00+00:00,1.107180,1.108830,1.106420,1.107800,869.13
2024-01-01T23:00:00+00:00,1.107800,1.107950,1.106760,1.107220,944.46
2024-01-02T00:00:00+00:00,1.107220,1.107680,1.107210,1.107310,779.78
2024-01-02T01:00:00+00:00,1.107310,1.107530,1.107170,1.107270,745.45
2024-01-02T02:00:00+00:00,1.107270,1.109240,1.106660,1.109060,1333.31
2024-01-02T03:00:00+00:00,1.109060,1.111640,1.108300,1.111130,1437.40
2024-01-02T04:00:00+00:00,1.111130,1.112000,1.111070,1.111610,732.06
2024-01-02T05:00:00+00:00,1.111610,1.113360,1.111590,1.112530,940.08
2024-01-02T06:00:00+00:00,1.112530,1.112700,1.112160,1.112160,1021.10
2024-01-02T07:00:00+00:00,1.112160,1.112520,1.111960,1.112120,714.38
2024-01-02T08:00:00+00:00,1.112120,1.113700,1.111200,1.113050,880.85
2024-01-02T09:00:00+00:00,1.113050,1.115200,1.112890,1.114510,1200.37
2024-01-02T10:00:00+00:00,1.114510,1.114700,1.113510,1.113670,1117.06
2024-01-02T11:00:00+00:00,1.113670,1.114020,1.113140,1.113830,592.15
2024-01-02T12:00:00+00:00,1.113830,1.114810,1.113390,1.114490,879.42
2024-01-02T13:00:00+00:00,1.114490,1.114640,1.114110,1.114230,915.84
2024-01-02T14:00:00+00:00,1.114230,1.114490,1.113930,1.114400,731.78
2024-01-02T15:00:00+00:00,1.114400,1.114850,1.114360,1.114700,568.17
2024-01-02T16:00:00+00:00,1.114700,1.115470,1.114460,1.114730,796.31
2024-01-02T17:00:00+00:00,1.114730,1.116570,1.114050,1.115730,1001.39
2024-01-02T18:00:00+00:00,1.115730,1.117790,1.114930,1.117250,1201.65
2024-01-02T19:00:00+00:00,1.117250,1.117420,1.116320,1.116840,994.31
2024-01-02T20:00:00+00:00,1.116840,1.119210,1.116510,1.118970,1595.65
2024-01-02T21:00:00+00:00,1.118970,1.119230,1.118010,1.118210,1140.90
2024-01-02T22:00:00+00:00,1.118210,1.118380,1.117460,1.117640,1040.40
2024-01-02T23:00:00+00:00,1.117640,1.118670,1.116920,1.118200,732.15
2024-01-03T00:00:00+00:00,1.118200,1.119360,1.117930,1.118930,749.27
2024-01-03T01:00:00+00:00,1.118930,1.119180,1.118650,1.118740,764.08
2024-01-03T02:00:00+00:00,1.118740,1.119540,1.117970,1.119040,562.63
2024-01-03T03:00:00+00:00,1.119040,1.119910,1.119000,1.119800,825.67
2024-01-03T04:00:00+00:00,1.119800,1.119950,1.119260,1.119410,863.51
2024-01-03T05:00:00+00:00,1.119410,1.121040,1.119340,1.120990,1328.77
2024-01-03T06:00:00+00:00,1.120990,1.121880,1.119040,1.119470,1517.07
2024-01-03T07:00:00+00:00,1.119470,1.119690,1.118320,1.118590,1079.81
2024-01-03T08:00:00+00:00,1.118590,1.120350,1.118320,1.120020,1103.07
2024-01-03T09:00:00+00:00,1.120020,1.122180,1.119570,1.121150,1071.98
2024-01-03T10:00:00+00:00,1.121150,1.123010,1.120750,1.122580,1221.37
2024-01-03T11:00:00+00:00,1.122580,1.122930,1.122460,1.122610,692.57
2024-01-03T12:00:00+00:00,1.122610,1.122840,1.121960,1.122390,816.57
2024-01-03T13:00:00+00:00,1.122390,1.122760,1.122300,1.122610,563.92
2024-01-03T14:00:00+00:00,1.122610,1.122690,1.121420,1.122090,665.28
2024-01-03T15:00:00+00:00,1.122090,1.122560,1.120350,1.121000,921.62
2024-01-03T16:00:00+00:00,1.121000,1.121370,1.120320,1.120500,793.58
2024-01-03T17:00:00+00:00,1.120500,1.121130,1.120100,1.120300,561.60
2024-01-03T18:00:00+00:00,1.120300,1.120340,1.119810,1.120010,638.21
2024-01-03T19:00:00+00:00,1.120010,1.120420,1.118550,1.119360,818.34
2024-01-03T20:00:00+00:00,1.119360,1.119680,1.118920,1.119060,588.99
2024-01-03T21:00:00+00:00,1.119060,1.120460,1.118600,1.119730,1095.32
2024-01-03T22:00:00+00:00,1.119730,1.119970,1.118020,1.118450,1063.76
2024-01-03T23:00:00+00:00,1.118450,1.118910,1.118320,1.118400,732.14
2024-01-04T00:00:00+00:00,1.118400,1.118560,1.117150,1.117560,835.18
2024-01-04T01:00:00+00:00,1.117560,1.117710,1.116670,1.117180,634.17
2024-01-04T02:00:00+00:00,1.117180,1.117750,1.116630,1.117490,943.46
2024-01-04T03:00:00+00:00,1.117490,1.117740,1.117380,1.117550,795.45
2024-01-04T04:00:00+00:00,1.117550,1.118020,1.117330,1.117740,751.63
2024-01-04T05:00:00+00:00,1.117740,1.118690,1.116230,1.117180,793.36
2024-01-04T06:00:00+00:00,1.117180,1.117360,1.115980,1.116160,873.47
2024-01-04T07:00:00+00:00,1.116160,1.116690,1.115600,1.115620,666.63
2024-01-04T08:00:00+00:00,1.115620,1.116930,1.114980,1.116790,1269.83
2024-01-04T09:00:00+00:00,1.116790,1.117500,1.116340,1.116560,678.00
2024-01-04T10:00:00+00:00,1.116560,1.117810,1.115870,1.116980,913.76
2024-01-04T11:00:00+00:00,1.116980,1.117450,1.114600,1.115090,1476.16
2024-01-04T12:00:00+00:00,1.115090,1.115310,1.115020,1.115210,844.73
2024-01-04T13:00:00+00:00,1.115210,1.115820,1.114390,1.114630,825.51
2024-01-04T14:00:00+00:00,1.114630,1.116200,1.113910,1.115460,1107.86
2024-01-04T15:00:00+00:00,1.115460,1.115700,1.115340,1.115380,769.02
2024-01-04T16:00:00+00:00,1.115380,1.116010,1.114340,1.114350,918.88
2024-01-04T17:00:00+00:00,1.114350,1.115890,1.113780,1.115180,1204.73
2024-01-04T18:00:00+00:00,1.115180,1.115340,1.114800,1.115110,801.00
2024-01-04T19:00:00+00:00,1.115110,1.115680,1.115020,1.115050,757.73
2024-01-04T20:00:00+00:00,1.115050,1.115170,1.114550,1.114780,526.88
2024-01-04T21:00:00+00:00,1.114780,1.115400,1.114710,1.115300,958.72
2024-01-04T22:00:00+00:00,1.115300,1.117070,1.114860,1.116460,1244.27
2024-01-04T23:00:00+00:00,1.116460,1.116710,1.115260,1.116050,749.02
2024-01-05T00:00:00+00:00,1.116050,1.116410,1.115450,1.115840,689.47
2024-01-05T01:00:00+00:00,1.115840,1.115890,1.115470,1.115640,661.89
2024-01-05T02:00:00+00:00,1.115640,1.115980,1.115510,1.115920,971.14
2024-01-05T03:00:00+00:00,1.115920,1.116130,1.114610,1.114960,977.59
2024-01-05T04:00:00+00:00,1.114960,1.115830,1.113800,1.113950,868.81
2024-01-05T05:00:00+00:00,1.113950,1.114360,1.113890,1.114360,915.39
2024-01-05T06:00:00+00:00,1.114360,1.114900,1.113300,1.113950,731.51
2024-01-05T07:00:00+00:00,1.113950,1.114140,1.112380,1.113250,882.16
2024-01-05T08:00:00+00:00,1.113250,1.113660,1.112370,1.112750,750.34
2024-01-05T09:00:00+00:00,1.112750,1.113030,1.112740,1.113010,901.36
2024-01-05T10:00:00+00:00,1.113010,1.113170,1.111060,1.111290,1397.29
2024-01-05T11:00:00+00:00,1.111290,1.111580,1.110560,1.110860,631.45
2024-01-05T12:00:00+00:00,1.110860,1.110880,1.110190,1.110280,663.25
2024-01-05T13:00:00+00:00,1.110280,1.110630,1.109130,1.109260,934.96
2024-01-05T14:00:00+00:00,1.109260,1.109640,1.106990,1.107900,1148.09
2024-01-05T15:00:00+00:00,1.107900,1.108340,1.106100,1.106770,1067.56
2024-01-05T16:00:00+00:00,1.106770,1.106790,1.105680,1.106400,689.01
2024-01-05T17:00:00+00:00,1.106400,1.107010,1.106250,1.106800,920.07
2024-01-05T18:00:00+00:00,1.106800,1.108750,1.105660,1.108350,1600.01
2024-01-05T19:00:00+00:00,1.108350,1.108460,1.108180,1.108270,659.48
2024-01-05T20:00:00+00:00,1.108270,1.108740,1.107250,1.107860,583.87
2024-01-05T21:00:00+00:00,1.107860,1.109830,1.106960,1.108850,1223.85
2024-01-05T22:00:00+00:00,1.108850,1.108990,1.107120,1.107900,929.16
2024-01-05T23:00:00+00:00,1.107900,1.107970,1.106830,1.107320,701.07
2024-01-06T00:00:00+00:00,1.107320,1.108340,1.105430,1.105700,1323.43
2024-01-06T01:00:00+00:00,1.105700,1.106020,1.105110,1.105660,728.07
2024-01-06T02:00:00+00:00,1.105660,1.106310,1.105550,1.105800,888.06
2024-01-06T03:00:00+00:00,1.105800,1.105910,1.104670,1.105160,1008.94
2024-01-06T04:00:00+00:00,1.105160,1.105410,1.104460,1.104930,729.79
2024-01-06T05:00:00+00:00,1.104930,1.106070,1.104680,1.105670,897.15
2024-01-06T06:00:00+00:00,1.105670,1.107150,1.105350,1.106850,1166.32
2024-01-06T07:00:00+00:00,1.106850,1.106970,1.106120,1.106140,987.28
2024-01-06T08:00:00+00:00,1.106140,1.107720,1.105900,1.107290,1143.02
2024-01-06T09:00:00+00:00,1.107290,1.108050,1.106960,1.107930,849.30
2024-01-06T10:00:00+00:00,1.107930,1.108420,1.107580,1.107710,619.46
2024-01-06T11:00:00+00:00,1.107710,1.109900,1.107070,1.109170,1286.57
2024-01-06T12:00:00+00:00,1.109170,1.109900,1.108350,1.108710,839.31
2024-01-06T13:00:00+00:00,1.108710,1.109730,1.108650,1.109440,1035.09
2024-01-06T14:00:00+00:00,1.109440,1.110960,1.108920,1.110630,1158.00
2024-01-06T15:00:00+00:00,1.110630,1.111280,1.110440,1.110730,658.64
2024-01-06T16:00:00+00:00,1.110730,1.110990,1.110560,1.110790,631.90
2024-01-06T17:00:00+00:00,1.110790,1.110890,1.110300,1.110490,797.42
2024-01-06T18:00:00+00:00,1.110490,1.110580,1.110180,1.110480,612.14
2024-01-06T19:00:00+00:00,1.110480,1.110850,1.110030,1.110140,772.92
2024-01-06T20:00:00+00:00,1.110140,1.110260,1.110000,1.110150,622.35
2024-01-06T21:00:00+00:00,1.110150,1.112460,1.109280,1.111850,1502.61
2024-01-06T22:00:00+00:00,1.111850,1.113460,1.111270,1.112880,1172.02
2024-01-06T23:00:00+00:00,1.112880,1.113400,1.112340,1.112510,784.94
2024-01-07T00:00:00+00:00,1.112510,1.113410,1.111880,1.112840,841.58
2024-01-07T01:00:00+00:00,1.112840,1.113590,1.112380,1.113360,841.92
2024-01-07T02:00:00+00:00,1.113360,1.114210,1.112310,1.113070,768.86
2024-01-07T03:00:00+00:00,1.113070,1.113760,1.111960,1.112520,949.95
2024-01-07T04:00:00+00:00,1.112520,1.113370,1.112460,1.112920,830.70
2024-01-07T05:00:00+00:00,1.112920,1.113930,1.112620,1.113730,978.41
2024-01-07T06:00:00+00:00,1.113730,1.113870,1.113500,1.113700,620.63
2024-01-07T07:00:00+00:00,1.113700,1.113910,1.111930,1.112920,888.42
2024-01-07T08:00:00+00:00,1.112920,1.113280,1.112190,1.112220,875.12
2024-01-07T09:00:00+00:00,1.112220,1.114380,1.111270,1.113740,1263.43
2024-01-07T10:00:00+00:00,1.113740,1.114090,1.113020,1.113040,945.65
2024-01-07T11:00:00+00:00,1.113040,1.113390,1.112140,1.112360,986.68
2024-01-07T12:00:00+00:00,1.112360,1.112560,1.112030,1.112050,725.48
2024-01-07T13:00:00+00:00,1.112050,1.113100,1.111900,1.112390,831.74
2024-01-07T14:00:00+00:00,1.112390,1.113280,1.112380,1.113160,1070.29
2024-01-07T15:00:00+00:00,1.113160,1.113380,1.112660,1.112920,668.05
2024-01-07T16:00:00+00:00,1.112920,1.113560,1.111090,1.112040,1100.27
2024-01-07T17:00:00+00:00,1.112040,1.112890,1.111260,1.111320,1059.81
2024-01-07T18:00:00+00:00,1.111320,1.112820,1.110550,1.111980,939.45
2024-01-07T19:00:00+00:00,1.111980,1.113220,1.111620,1.112520,878.82
2024-01-07T20:00:00+00:00,1.112520,1.113130,1.111890,1.112870,671.42
2024-01-07T21:00:00+00:00,1.112870,1.113480,1.112000,1.112300,922.24
2024-01-07T22:00:00+00:00,1.112300,1.112710,1.111480,1.112050,797.45
2024-01-07T23:00:00+00:00,1.112050,1.112250,1.111250,1.112030,550.77
2024-01-08T00:00:00+00:00,1.112030,1.112060,1.111680,1.111740,838.68
2024-01-08T01:00:00+00:00,1.111740,1.112420,1.110340,1.110720,1177.65
2024-01-08T02:00:00+00:00,1.110720,1.111430,1.110150,1.110880,613.37
2024-01-08T03:00:00+00:00,1.110880,1.111250,1.110720,1.110830,643.45
2024-01-08T04:00:00+00:00,1.110830,1.111400,1.110430,1.111290,801.45
2024-01-08T05:00:00+00:00,1.111290,1.111490,1.110640,1.110860,895.86
2024-01-08T06:00:00+00:00,1.110860,1.111650,1.108640,1.109330,1279.59
2024-01-08T07:00:00+00:00,1.109330,1.109880,1.109190,1.109490,689.90
2024-01-08T08:00:00+00:00,1.109490,1.112030,1.109190,1.111570,1619.36
2024-01-08T09:00:00+00:00,1.111570,1.113090,1.110750,1.112320,938.38
2024-01-08T10:00:00+00:00,1.112320,1.112990,1.112070,1.112100,656.32
2024-01-08T11:00:00+00:00,1.112100,1.112450,1.110190,1.111070,1209.92
2024-01-08T12:00:00+00:00,1.111070,1.111380,1.109580,1.110040,1118.75
2024-01-08T13:00:00+00:00,1.110040,1.111460,1.109660,1.110790,1066.60
2024-01-08T14:00:00+00:00,1.110790,1.111430,1.109810,1.110320,827.38
2024-01-08T15:00:00+00:00,1.110320,1.110630,1.110070,1.110160,572.48
2024-01-08T16:00:00+00:00,1.110160,1.110310,1.109150,1.109260,983.89
2024-01-08T17:00:00+00:00,1.109260,1.109350,1.107470,1.107630,1213.76
2024-01-08T18:00:00+00:00,1.107630,1.107750,1.106910,1.107360,561.84
2024-01-08T19:00:00+00:00,1.107360,1.108190,1.106710,1.107690,889.86
2024-01-08T20:00:00+00:00,1.107690,1.108240,1.106970,1.107450,596.08
2024-01-08T21:00:00+00:00,1.107450,1.107810,1.107150,1.107370,733.17
2024-01-08T22:00:00+00:00,1.107370,1.109710,1.106550,1.109120,1662.15
2024-01-08T23:00:00+00:00,1.109120,1.109830,1.109040,1.109670,1108.35
2024-01-09T00:00:00+00:00,1.109670,1.110040,1.107880,1.108180,1257.77
2024-01-09T01:00:00+00:00,1.108180,1.108220,1.107690,1.108000,605.52
2024-01-09T02:00:00+00:00,1.108000,1.108780,1.106790,1.107350,774.57
2024-01-09T03:00:00+00:00,1.107350,1.107610,1.106500,1.106730,792.34
2024-01-09T04:00:00+00:00,1.106730,1.107400,1.103810,1.104710,1494.49
2024-01-09T05:00:00+00:00,1.104710,1.105530,1.103110,1.103750,934.35
2024-01-09T06:00:00+00:00,1.103750,1.103920,1.103280,1.103610,668.64
2024-01-09T07:00:00+00:00,1.103610,1.104370,1.103510,1.104090,971.16
2024-01-09T08:00:00+00:00,1.104090,1.104160,1.103930,1.104160,683.95
2024-01-09T09:00:00+00:00,1.104160,1.104290,1.103700,1.103880,633.90
2024-01-09T10:00:00+00:00,1.103880,1.104840,1.103590,1.104510,1107.74
2024-01-09T11:00:00+00:00,1.104510,1.105520,1.102630,1.103250,1039.08
2024-01-09T12:00:00+00:00,1.103250,1.103830,1.102720,1.102890,718.03
2024-01-09T13:00:00+00:00,1.102890,1.103020,1.102210,1.102520,626.69
2024-01-09T14:00:00+00:00,1.102520,1.103230,1.102420,1.103150,1121.02
2024-01-09T15:00:00+00:00,1.103150,1.104770,1.102230,1.104090,1143.07
2024-01-09T16:00:00+00:00,1.104090,1.104330,1.102640,1.103320,807.73
2024-01-09T17:00:00+00:00,1.103320,1.103450,1.102440,1.102560,808.58
2024-01-09T18:00:00+00:00,1.102560,1.102640,1.100910,1.101190,1109.43
2024-01-09T19:00:00+00:00,1.101190,1.102280,1.100930,1.102150,1171.12
2024-01-09T20:00:00+00:00,1.102150,1.102700,1.101070,1.101770,691.01
2024-01-09T21:00:00+00:00,1.101770,1.101790,1.101480,1.101730,662.38
2024-01-09T22:00:00+00:00,1.101730,1.101830,1.100720,1.100990,794.14
2024-01-09T23:00:00+00:00,1.100990,1.101280,1.100880,1.101110,703.98
2024-01-10T00:00:00+00:00,1.101110,1.101660,1.100980,1.101420,872.85
2024-01-10T01:00:00+00:00,1.101420,1.101430,1.100480,1.100510,969.18
2024-01-10T02:00:00+00:00,1.100510,1.100720,1.098320,1.098870,1357.83
2024-01-10T03:00:00+00:00,1.098870,1.098970,1.096650,1.097420,1090.08
2024-01-10T04:00:00+00:00,1.097420,1.097490,1.096710,1.097000,708.37
2024-01-10T05:00:00+00:00,1.097000,1.097580,1.096740,1.096870,759.94
2024-01-10T06:00:00+00:00,1.096870,1.097270,1.095240,1.095620,988.05
2024-01-10T07:00:00+00:00,1.095620,1.095750,1.094480,1.094980,764.10
2024-01-10T08:00:00+00:00,1.094980,1.095500,1.093910,1.094600,675.30
2024-01-10T09:00:00+00:00,1.094600,1.094950,1.094580,1.094930,829.40
2024-01-10T10:00:00+00:00,1.094930,1.096500,1.094510,1.095790,1265.49
2024-01-10T11:00:00+00:00,1.095790,1.096520,1.093520,1.094290,1245.72
2024-01-10T12:00:00+00:00,1.094290,1.094480,1.092530,1.092980,1142.47
2024-01-10T13:00:00+00:00,1.092980,1.093030,1.091620,1.092370,678.15
2024-01-10T14:00:00+00:00,1.092370,1.093130,1.090580,1.090860,1183.63
2024-01-10T15:00:00+00:00,1.090860,1.091110,1.090190,1.090530,632.74
2024-01-10T16:00:00+00:00,1.090530,1.091180,1.090010,1.091010,1051.82
2024-01-10T17:00:00+00:00,1.091010,1.092640,1.090790,1.092300,1441.45
2024-01-10T18:00:00+00:00,1.092300,1.092940,1.091810,1.092650,843.40
2024-01-10T19:00:00+00:00,1.092650,1.094030,1.091960,1.093260,944.00
2024-01-10T20:00:00+00:00,1.093260,1.093490,1.092320,1.092900,649.81
2024-01-10T21:00:00+00:00,1.092900,1.093440,1.092730,1.093120,878.89
2024-01-10T22:00:00+00:00,1.093120,1.093470,1.092240,1.092600,659.17
2024-01-10T23:00:00+00:00,1.092600,1.093020,1.092190,1.092410,715.18
2024-01-11T00:00:00+00:00,1.092410,1.092720,1.092190,1.092680,932.66
2024-01-11T01:00:00+00:00,1.092680,1.094330,1.092190,1.093720,1322.16
2024-01-11T02:00:00+00:00,1.093720,1.095020,1.093470,1.094390,1016.94
2024-01-11T03:00:00+00:00,1.094390,1.094880,1.094270,1.094530,675.79
2024-01-11T04:00:00+00:00,1.094530,1.094960,1.094260,1.094430,833.84
2024-01-11T05:00:00+00:00,1.094430,1.094780,1.094230,1.094300,732.76
2024-01-11T06:00:00+00:00,1.094300,1.094790,1.094020,1.094460,757.94
2024-01-11T07:00:00+00:00,1.094460,1.094700,1.094410,1.094610,659.67
2024-01-11T08:00:00+00:00,1.094610,1.095260,1.094520,1.094920,682.81
2024-01-11T09:00:00+00:00,1.094920,1.096900,1.094530,1.096660,1384.19
2024-01-11T10:00:00+00:00,1.096660,1.096770,1.096580,1.096760,699.96
2024-01-11T11:00:00+00:00,1.096760,1.097480,1.095010,1.095710,1277.99
2024-01-11T12:00:00+00:00,1.095710,1.096220,1.095320,1.096140,774.84
2024-01-11T13:00:00+00:00,1.096140,1.098010,1.096050,1.097090,900.40
2024-01-11T14:00:00+00:00,1.097090,1.098440,1.096330,1.098090,1058.68
2024-01-11T15:00:00+00:00,1.098090,1.098390,1.097810,1.098340,657.82
2024-01-11T16:00:00+00:00,1.098340,1.099920,1.097660,1.099480,934.13
2024-01-11T17:00:00+00:00,1.099480,1.100350,1.099260,1.100210,794.53
2024-01-11T18:00:00+00:00,1.100210,1.100510,1.098310,1.098940,1347.06
2024-01-11T19:00:00+00:00,1.098940,1.099390,1.098370,1.099390,627.87
2024-01-11T20:00:00+00:00,1.099390,1.099580,1.098190,1.098620,1169.24
2024-01-11T21:00:00+00:00,1.098620,1.099060,1.098370,1.099030,616.41
2024-01-11T22:00:00+00:00,1.099030,1.099840,1.098310,1.099380,660.77
2024-01-11T23:00:00+00:00,1.099380,1.101210,1.098500,1.100600,1100.47
2024-01-12T00:00:00+00:00,1.100600,1.100800,1.100070,1.100100,959.10
2024-01-12T01:00:00+00:00,1.100100,1.100690,1.099990,1.100060,837.80
2024-01-12T02:00:00+00:00,1.100060,1.101110,1.099750,1.101000,1009.36
2024-01-12T03:00:00+00:00,1.101000,1.101460,1.099760,1.100680,978.40
2024-01-12T04:00:00+00:00,1.100680,1.101420,1.100270,1.100740,811.80
2024-01-12T05:00:00+00:00,1.100740,1.101300,1.100000,1.100750,781.58
2024-01-12T06:00:00+00:00,1.100750,1.102680,1.100570,1.102010,1093.87
2024-01-12T07:00:00+00:00,1.102010,1.102020,1.101790,1.102010,714.68
2024-01-12T08:00:00+00:00,1.102010,1.102590,1.100660,1.101390,1088.98
2024-01-12T09:00:00+00:00,1.101390,1.102590,1.100820,1.102290,884.42
2024-01-12T10:00:00+00:00,1.102290,1.102510,1.101970,1.102310,669.35
2024-01-12T11:00:00+00:00,1.102310,1.102420,1.101360,1.101490,1138.11
2024-01-12T12:00:00+00:00,1.101490,1.101650,1.100160,1.100540,1277.99
2024-01-12T13:00:00+00:00,1.100540,1.102950,1.100490,1.102410,1378.23
2024-01-12T14:00:00+00:00,1.102410,1.103510,1.102190,1.103160,906.51
2024-01-12T15:00:00+00:00,1.103160,1.103280,1.100860,1.101470,1579.69
2024-01-12T16:00:00+00:00,1.101470,1.101610,1.100430,1.100650,1180.67
2024-01-12T17:00:00+00:00,1.100650,1.101230,1.100540,1.100550,886.46
2024-01-12T18:00:00+00:00,1.100550,1.100730,1.099820,1.100360,833.54
2024-01-12T19:00:00+00:00,1.100360,1.101330,1.100210,1.100970,676.17
2024-01-12T20:00:00+00:00,1.100970,1.102420,1.099910,1.102300,1205.78
2024-01-12T21:00:00+00:00,1.102300,1.104220,1.101880,1.103810,1138.17
2024-01-12T22:00:00+00:00,1.103810,1.104240,1.103720,1.104030,587.81
2024-01-12T23:00:00+00:00,1.104030,1.104120,1.103030,1.103360,1009.35
2024-01-13T00:00:00+00:00,1.103360,1.103910,1.102990,1.103700,552.42
2024-01-13T01:00:00+00:00,1.103700,1.104540,1.102850,1.104530,849.94
2024-01-13T02:00:00+00:00,1.104530,1.104970,1.103650,1.104140,849.83
2024-01-13T03:00:00+00:00,1.104140,1.104360,1.103740,1.103820,854.77
2024-01-13T04:00:00+00:00,1.103820,1.103920,1.102840,1.102850,1131.79
2024-01-13T05:00:00+00:00,1.102850,1.103400,1.102270,1.102710,898.25
2024-01-13T06:00:00+00:00,1.102710,1.103990,1.101870,1.103850,1128.22
2024-01-13T07:00:00+00:00,1.103850,1.104240,1.103160,1.103470,912.98
2024-01-13T08:00:00+00:00,1.103470,1.103950,1.101950,1.102610,1120.15
2024-01-13T09:00:00+00:00,1.102610,1.102820,1.102400,1.102740,609.60
2024-01-13T10:00:00+00:00,1.102740,1.102880,1.102350,1.102860,638.84
2024-01-13T11:00:00+00:00,1.102860,1.102890,1.102470,1.102530,822.85
2024-01-13T12:00:00+00:00,1.102530,1.102930,1.101430,1.102210,808.41
2024-01-13T13:00:00+00:00,1.102210,1.103110,1.101930,1.103070,864.84
2024-01-13T14:00:00+00:00,1.103070,1.104600,1.102350,1.104170,1037.19
2024-01-13T15:00:00+00:00,1.104170,1.104700,1.103830,1.103920,555.20
2024-01-13T16:00:00+00:00,1.103920,1.104270,1.103050,1.104200,841.71
2024-01-13T17:00:00+00:00,1.104200,1.105210,1.102920,1.103330,964.33
2024-01-13T18:00:00+00:00,1.103330,1.103630,1.102590,1.102740,794.37
2024-01-13T19:00:00+00:00,1.102740,1.103480,1.101550,1.102060,840.55
2024-01-13T20:00:00+00:00,1.102060,1.102590,1.102010,1.102370,834.10
2024-01-13T21:00:00+00:00,1.102370,1.102760,1.101480,1.102540,845.01
2024-01-13T22:00:00+00:00,1.102540,1.102950,1.101960,1.102100,743.89
2024-01-13T23:00:00+00:00,1.102100,1.102610,1.101300,1.101320,789.74
2024-01-14T00:00:00+00:00,1.101320,1.101580,1.100730,1.101130,662.88
2024-01-14T01:00:00+00:00,1.101130,1.101750,1.099740,1.100180,974.75
2024-01-14T02:00:00+00:00,1.100180,1.101080,1.099440,1.100570,996.40
2024-01-14T03:00:00+00:00,1.100570,1.100770,1.100280,1.100440,744.89
2024-01-14T04:00:00+00:00,1.100440,1.102400,1.099890,1.101910,1542.71
2024-01-14T05:00:00+00:00,1.101910,1.102330,1.101610,1.101680,635.07
2024-01-14T06:00:00+00:00,1.101680,1.101810,1.101120,1.101460,642.95
2024-01-14T07:00:00+00:00,1.101460,1.102780,1.101070,1.101950,1066.45
2024-01-14T08:00:00+00:00,1.101950,1.103860,1.101710,1.103470,1507.63
2024-01-14T09:00:00+00:00,1.103470,1.103520,1.101940,1.102660,776.65
2024-01-14T10:00:00+00:00,1.102660,1.103180,1.102410,1.102830,812.91
2024-01-14T11:00:00+00:00,1.102830,1.103230,1.102240,1.102560,638.78
2024-01-14T12:00:00+00:00,1.102560,1.102940,1.099490,1.100530,1560.75
2024-01-14T13:00:00+00:00,1.100530,1.101110,1.100130,1.101100,973.05
2024-01-14T14:00:00+00:00,1.101100,1.101290,1.099530,1.100220,884.58
2024-01-14T15:00:00+00:00,1.100220,1.100590,1.099130,1.099560,691.96
2024-01-14T16:00:00+00:00,1.099560,1.099790,1.098150,1.099060,725.28
2024-01-14T17:00:00+00:00,1.099060,1.099470,1.099000,1.099350,887.97
2024-01-14T18:00:00+00:00,1.099350,1.099770,1.098200,1.098760,809.12
2024-01-14T19:00:00+00:00,1.098760,1.098840,1.098160,1.098350,677.12
2024-01-14T20:00:00+00:00,1.098350,1.098670,1.096710,1.097280,924.44
2024-01-14T21:00:00+00:00,1.097280,1.097570,1.096770,1.096850,596.73
2024-01-14T22:00:00+00:00,1.096850,1.097030,1.095310,1.096240,838.23
2024-01-14T23:00:00+00:00,1.096240,1.098830,1.095210,1.098300,1724.92
2024-01-15T00:00:00+00:00,1.098300,1.098640,1.095810,1.096190,1609.69
2024-01-15T01:00:00+00:00,1.096190,1.096840,1.095780,1.096430,905.15
2024-01-15T02:00:00+00:00,1.096430,1.096610,1.094590,1.095190,1060.35
2024-01-15T03:00:00+00:00,1.095190,1.096070,1.092700,1.092960,1652.37
2024-01-15T04:00:00+00:00,1.092960,1.093210,1.092570,1.092600,650.37
2024-01-15T05:00:00+00:00,1.092600,1.093780,1.091880,1.093660,1275.90
2024-01-15T06:00:00+00:00,1.093660,1.093940,1.091730,1.092040,1212.83
2024-01-15T07:00:00+00:00,1.092040,1.093080,1.091720,1.092310,825.70
2024-01-15T08:00:00+00:00,1.092310,1.093720,1.091350,1.093590,1416.84
2024-01-15T09:00:00+00:00,1.093590,1.093730,1.093520,1.093640,695.07
2024-01-15T10:00:00+00:00,1.093640,1.094060,1.093180,1.093860,903.03
2024-01-15T11:00:00+00:00,1.093860,1.093960,1.093570,1.093920,701.61
2024-01-15T12:00:00+00:00,1.093920,1.094140,1.090600,1.091790,1606.07
2024-01-15T13:00:00+00:00,1.091790,1.092370,1.091500,1.091950,869.14
2024-01-15T14:00:00+00:00,1.091950,1.092630,1.091870,1.092080,718.28
2024-01-15T15:00:00+00:00,1.092080,1.093050,1.091100,1.091350,822.74
2024-01-15T16:00:00+00:00,1.091350,1.091590,1.090690,1.091020,550.17
2024-01-15T17:00:00+00:00,1.091020,1.092100,1.090390,1.091410,870.01
2024-01-15T18:00:00+00:00,1.091410,1.091570,1.091210,1.091490,752.77
2024-01-15T19:00:00+00:00,1.091490,1.091770,1.091070,1.091610,766.45
2024-01-15T20:00:00+00:00,1.091610,1.092040,1.091500,1.091770,913.11
2024-01-15T21:00:00+00:00,1.091770,1.092440,1.091200,1.091680,708.72
2024-01-15T22:00:00+00:00,1.091680,1.092640,1.091320,1.092290,1120.43
2024-01-15T23:00:00+00:00,1.092290,1.092340,1.091710,1.091980,574.94
2024-01-16T00:00:00+00:00,1.091980,1.092670,1.091430,1.091540,714.99
2024-01-16T01:00:00+00:00,1.091540,1.092280,1.091530,1.092270,1027.36
2024-01-16T02:00:00+00:00,1.092270,1.093980,1.091820,1.093190,1104.65
2024-01-16T03:00:00+00:00,1.093190,1.093900,1.092270,1.093830,840.11
2024-01-16T04:00:00+00:00,1.093830,1.096200,1.093380,1.095740,1477.09
2024-01-16T05:00:00+00:00,1.095740,1.095970,1.095480,1.095670,836.31
2024-01-16T06:00:00+00:00,1.095670,1.095950,1.095500,1.095910,714.69
2024-01-16T07:00:00+00:00,1.095910,1.097840,1.095740,1.097800,1309.74
2024-01-16T08:00:00+00:00,1.097800,1.098760,1.097240,1.097460,928.16
2024-01-16T09:00:00+00:00,1.097460,1.097610,1.096920,1.097530,757.40
2024-01-16T10:00:00+00:00,1.097530,1.098800,1.097370,1.097930,578.10
2024-01-16T11:00:00+00:00,1.097930,1.098990,1.097460,1.098600,882.09
2024-01-16T12:00:00+00:00,1.098600,1.100420,1.097470,1.099810,972.35
2024-01-16T13:00:00+00:00,1.099810,1.100210,1.099810,1.100020,696.14
2024-01-16T14:00:00+00:00,1.100020,1.101400,1.099770,1.100820,806.54
2024-01-16T15:00:00+00:00,1.100820,1.101610,1.100690,1.101360,715.94
2024-01-16T16:00:00+00:00,1.101360,1.101910,1.101080,1.101670,657.33
2024-01-16T17:00:00+00:00,1.101670,1.102560,1.101640,1.102120,615.68
2024-01-16T18:00:00+00:00,1.102120,1.102360,1.101520,1.101710,960.04
2024-01-16T19:00:00+00:00,1.101710,1.103780,1.101270,1.102980,1188.71
2024-01-16T20:00:00+00:00,1.102980,1.105040,1.101760,1.104730,1282.70
2024-01-16T21:00:00+00:00,1.104730,1.105830,1.104350,1.105430,756.51
2024-01-16T22:00:00+00:00,1.105430,1.105550,1.105370,1.105470,619.63
2024-01-16T23:00:00+00:00,1.105470,1.105790,1.105020,1.105780,682.21
2024-01-17T00:00:00+00:00,1.105780,1.106200,1.105020,1.105230,1104.72
2024-01-17T01:00:00+00:00,1.105230,1.105400,1.104120,1.104430,1049.50
2024-01-17T02:00:00+00:00,1.104430,1.105510,1.104080,1.105050,844.93
2024-01-17T03:00:00+00:00,1.105050,1.105360,1.103920,1.104020,1300.94
2024-01-17T04:00:00+00:00,1.104020,1.104200,1.103840,1.103980,809.17
2024-01-17T05:00:00+00:00,1.103980,1.104210,1.103660,1.104040,643.11
2024-01-17T06:00:00+00:00,1.104040,1.104390,1.102820,1.103010,1310.76
2024-01-17T07:00:00+00:00,1.103010,1.105030,1.102240,1.104860,1312.46
2024-01-17T08:00:00+00:00,1.104860,1.105490,1.104760,1.105150,568.96
2024-01-17T09:00:00+00:00,1.105150,1.106540,1.104340,1.106430,1099.19
2024-01-17T10:00:00+00:00,1.106430,1.107090,1.105680,1.106760,708.35
2024-01-17T11:00:00+00:00,1.106760,1.106850,1.106010,1.106110,1068.64
2024-01-17T12:00:00+00:00,1.106110,1.106750,1.105590,1.106420,610.90
2024-01-17T13:00:00+00:00,1.106420,1.106500,1.106280,1.106440,757.70
2024-01-17T14:00:00+00:00,1.106440,1.107570,1.106200,1.107450,961.44
2024-01-17T15:00:00+00:00,1.107450,1.108080,1.106290,1.106870,979.76
2024-01-17T16:00:00+00:00,1.106870,1.109040,1.106570,1.108870,1500.41
2024-01-17T17:00:00+00:00,1.108870,1.110040,1.108750,1.109490,707.45
2024-01-17T18:00:00+00:00,1.109490,1.110190,1.107860,1.108790,1078.09
2024-01-17T19:00:00+00:00,1.108790,1.108890,1.108530,1.108810,694.94
2024-01-17T20:00:00+00:00,1.108810,1.109130,1.108540,1.108770,736.60
2024-01-17T21:00:00+00:00,1.108770,1.108800,1.108690,1.108740,747.10
2024-01-17T22:00:00+00:00,1.108740,1.109960,1.108520,1.109910,1131.80
2024-01-17T23:00:00+00:00,1.109910,1.111110,1.109740,1.110960,1001.70
2024-01-18T00:00:00+00:00,1.110960,1.111960,1.110890,1.111730,770.78
2024-01-18T01:00:00+00:00,1.111730,1.112540,1.111230,1.112460,875.82
2024-01-18T02:00:00+00:00,1.112460,1.113510,1.112080,1.113320,892.54
2024-01-18T03:00:00+00:00,1.113320,1.114590,1.112830,1.114510,1145.19
2024-01-18T04:00:00+00:00,1.114510,1.116390,1.114260,1.115820,1064.72
2024-01-18T05:00:00+00:00,1.115820,1.116770,1.115550,1.116690,878.86
2024-01-18T06:00:00+00:00,1.116690,1.117960,1.116290,1.117660,957.58
2024-01-18T07:00:00+00:00,1.117660,1.118380,1.116970,1.117940,596.84
2024-01-18T08:00:00+00:00,1.117940,1.118360,1.116340,1.116580,1414.64
2024-01-18T09:00:00+00:00,1.116580,1.116990,1.116020,1.116730,690.10
2024-01-18T10:00:00+00:00,1.116730,1.116990,1.116370,1.116730,659.67
2024-01-18T11:00:00+00:00,1.116730,1.117620,1.115690,1.116580,808.23
2024-01-18T12:00:00+00:00,1.116580,1.117580,1.115910,1.117300,805.30
2024-01-18T13:00:00+00:00,1.117300,1.118050,1.116480,1.117340,782.43
2024-01-18T14:00:00+00:00,1.117340,1.117920,1.116660,1.116850,991.75
2024-01-18T15:00:00+00:00,1.116850,1.117390,1.116750,1.117030,707.51
2024-01-18T16:00:00+00:00,1.117030,1.117930,1.116330,1.116810,791.97
2024-01-18T17:00:00+00:00,1.116810,1.116900,1.116320,1.116820,799.50
2024-01-18T18:00:00+00:00,1.116820,1.117820,1.116590,1.117620,955.94
2024-01-18T19:00:00+00:00,1.117620,1.119290,1.117590,1.118920,1057.80
2024-01-18T20:00:00+00:00,1.118920,1.119490,1.118420,1.119080,658.93
2024-01-18T21:00:00+00:00,1.119080,1.120150,1.118530,1.119210,727.18
2024-01-18T22:00:00+00:00,1.119210,1.119920,1.118760,1.119520,672.62
2024-01-18T23:00:00+00:00,1.119520,1.121270,1.119130,1.120800,1031.68
2024-01-19T00:00:00+00:00,1.120800,1.122890,1.120460,1.122110,1178.62
2024-01-19T01:00:00+00:00,1.122110,1.123440,1.121770,1.122610,660.79
2024-01-19T02:00:00+00:00,1.122610,1.123650,1.122110,1.123030,731.76
2024-01-19T03:00:00+00:00,1.123030,1.125510,1.122540,1.124640,1349.83
2024-01-19T04:00:00+00:00,1.124640,1.124950,1.123540,1.123580,1350.36
2024-01-19T05:00:00+00:00,1.123580,1.123690,1.122870,1.123080,1072.81
2024-01-19T06:00:00+00:00,1.123080,1.123220,1.121960,1.122020,1171.63
2024-01-19T07:00:00+00:00,1.122020,1.123340,1.121830,1.122970,860.41
2024-01-19T08:00:00+00:00,1.122970,1.124000,1.122290,1.123900,1014.52
2024-01-19T09:00:00+00:00,1.123900,1.126090,1.123770,1.125160,1184.91
2024-01-19T10:00:00+00:00,1.125160,1.127990,1.124170,1.127100,1460.48
2024-01-19T11:00:00+00:00,1.127100,1.129690,1.126790,1.129530,1592.62
2024-01-19T12:00:00+00:00,1.129530,1.129870,1.128590,1.128920,952.34
2024-01-19T13:00:00+00:00,1.128920,1.130220,1.128750,1.129820,958.98
2024-01-19T14:00:00+00:00,1.129820,1.130000,1.128680,1.128950,1218.91
2024-01-19T15:00:00+00:00,1.128950,1.131940,1.127800,1.131110,1487.23
2024-01-19T16:00:00+00:00,1.131110,1.131420,1.130760,1.131080,847.17
2024-01-19T17:00:00+00:00,1.131080,1.131360,1.130790,1.131120,676.49
2024-01-19T18:00:00+00:00,1.131120,1.133980,1.131000,1.133070,1463.11
2024-01-19T19:00:00+00:00,1.133070,1.133160,1.132890,1.133100,677.00
2024-01-19T20:00:00+00:00,1.133100,1.134050,1.132590,1.134000,909.67
2024-01-19T21:00:00+00:00,1.134000,1.136170,1.133840,1.135970,1397.71
2024-01-19T22:00:00+00:00,1.135970,1.135980,1.135180,1.135620,819.97
2024-01-19T23:00:00+00:00,1.135620,1.136050,1.135590,1.135760,580.85
2024-01-20T00:00:00+00:00,1.135760,1.136230,1.135510,1.136210,730.24
2024-01-20T01:00:00+00:00,1.136210,1.136730,1.136170,1.136520,578.91
2024-01-20T02:00:00+00:00,1.136520,1.136810,1.136190,1.136740,680.95
2024-01-20T03:00:00+00:00,1.136740,1.140110,1.136140,1.139060,1646.41
2024-01-20T04:00:00+00:00,1.139060,1.139150,1.138440,1.138500,964.90
2024-01-20T05:00:00+00:00,1.138500,1.140650,1.138010,1.139890,1057.51
2024-01-20T06:00:00+00:00,1.139890,1.140210,1.139530,1.139800,702.28
2024-01-20T07:00:00+00:00,1.139800,1.140440,1.139750,1.140310,625.93
2024-01-20T08:00:00+00:00,1.140310,1.140580,1.138890,1.139460,1217.21
2024-01-20T09:00:00+00:00,1.139460,1.140000,1.138940,1.139580,685.39
2024-01-20T10:00:00+00:00,1.139580,1.140220,1.138760,1.139040,938.01
2024-01-20T11:00:00+00:00,1.139040,1.139780,1.138620,1.139480,608.47
2024-01-20T12:00:00+00:00,1.139480,1.140000,1.139080,1.139190,970.14
2024-01-20T13:00:00+00:00,1.139190,1.139220,1.138720,1.138730,1039.21
2024-01-20T14:00:00+00:00,1.138730,1.139620,1.138020,1.138950,615.73
2024-01-20T15:00:00+00:00,1.138950,1.140340,1.138370,1.140110,1014.58
2024-01-20T16:00:00+00:00,1.140110,1.140740,1.139100,1.139450,1135.24
2024-01-20T17:00:00+00:00,1.139450,1.139640,1.138630,1.138760,1136.87
2024-01-20T18:00:00+00:00,1.138760,1.139120,1.137440,1.137920,1090.00
2024-01-20T19:00:00+00:00,1.137920,1.138940,1.137730,1.138810,934.10
2024-01-20T20:00:00+00:00,1.138810,1.139300,1.138630,1.138980,633.90
2024-01-20T21:00:00+00:00,1.138980,1.139250,1.137670,1.138500,934.77
2024-01-20T22:00:00+00:00,1.138500,1.138980,1.137810,1.138030,950.55
2024-01-20T23:00:00+00:00,1.138030,1.139760,1.137480,1.138820,852.30
2024-01-21T00:00:00+00:00,1.138820,1.139200,1.138120,1.138650,815.95
2024-01-21T01:00:00+00:00,1.138650,1.139260,1.138450,1.138760,774.03
2024-01-21T02:00:00+00:00,1.138760,1.139170,1.138190,1.138560,797.25
2024-01-21T03:00:00+00:00,1.138560,1.140370,1.138310,1.139540,885.91
2024-01-21T04:00:00+00:00,1.139540,1.140080,1.139300,1.139940,933.16
2024-01-21T05:00:00+00:00,1.139940,1.140300,1.139360,1.139570,711.45
2024-01-21T06:00:00+00:00,1.139570,1.140880,1.139150,1.140560,1267.20
2024-01-21T07:00:00+00:00,1.140560,1.140660,1.139330,1.140140,701.87
2024-01-21T08:00:00+00:00,1.140140,1.140350,1.139650,1.139780,624.51
2024-01-21T09:00:00+00:00,1.139780,1.140430,1.138240,1.139090,874.33
2024-01-21T10:00:00+00:00,1.139090,1.139530,1.138220,1.138390,825.52
2024-01-21T11:00:00+00:00,1.138390,1.138750,1.137280,1.138080,615.22
2024-01-21T12:00:00+00:00,1.138080,1.138340,1.137380,1.137580,693.15
2024-01-21T13:00:00+00:00,1.137580,1.138370,1.135720,1.136240,1224.74
2024-01-21T14:00:00+00:00,1.136240,1.136910,1.133900,1.133940,1651.77
2024-01-21T15:00:00+00:00,1.133940,1.134270,1.133940,1.134200,903.57
2024-01-21T16:00:00+00:00,1.134200,1.134800,1.133740,1.134510,989.26
2024-01-21T17:00:00+00:00,1.134510,1.134950,1.134230,1.134310,631.06
2024-01-21T18:00:00+00:00,1.134310,1.135220,1.133890,1.134030,555.28
2024-01-21T19:00:00+00:00,1.134030,1.134820,1.133060,1.134560,1062.53
2024-01-21T20:00:00+00:00,1.134560,1.134700,1.133480,1.134200,633.47
2024-01-21T21:00:00+00:00,1.134200,1.134290,1.133210,1.133650,735.13
2024-01-21T22:00:00+00:00,1.133650,1.134180,1.133390,1.133950,959.60
2024-01-21T23:00:00+00:00,1.133950,1.134220,1.133200,1.133390,647.31
2024-01-22T00:00:00+00:00,1.133390,1.134240,1.130150,1.130880,1797.86
2024-01-22T01:00:00+00:00,1.130880,1.131010,1.129940,1.130260,714.77
2024-01-22T02:00:00+00:00,1.130260,1.130290,1.128920,1.129350,953.39
2024-01-22T03:00:00+00:00,1.129350,1.129960,1.129180,1.129640,798.64
2024-01-22T04:00:00+00:00,1.129640,1.130050,1.129090,1.129610,632.09
2024-01-22T05:00:00+00:00,1.129610,1.130570,1.127950,1.128630,901.49
2024-01-22T06:00:00+00:00,1.128630,1.129480,1.128130,1.129390,1084.98
2024-01-22T07:00:00+00:00,1.129390,1.130070,1.128500,1.128960,612.70
2024-01-22T08:00:00+00:00,1.128960,1.130400,1.128530,1.130280,1311.68
2024-01-22T09:00:00+00:00,1.130280,1.130330,1.128770,1.129130,1000.50
2024-01-22T10:00:00+00:00,1.129130,1.129540,1.128810,1.129200,746.25
2024-01-22T11:00:00+00:00,1.129200,1.129320,1.128910,1.129210,717.34
2024-01-22T12:00:00+00:00,1.129210,1.129870,1.128570,1.129760,1019.45
2024-01-22T13:00:00+00:00,1.129760,1.130020,1.129130,1.129410,736.36
2024-01-22T14:00:00+00:00,1.129410,1.129650,1.128050,1.128570,853.30
2024-01-22T15:00:00+00:00,1.128570,1.128790,1.127600,1.127880,877.44
2024-01-22T16:00:00+00:00,1.127880,1.128720,1.127530,1.128050,824.29
2024-01-22T17:00:00+00:00,1.128050,1.128690,1.126400,1.126760,1113.22
2024-01-22T18:00:00+00:00,1.126760,1.126920,1.126470,1.126630,731.71
2024-01-22T19:00:00+00:00,1.126630,1.127010,1.126010,1.126380,542.67
2024-01-22T20:00:00+00:00,1.126380,1.126810,1.125900,1.125950,632.03
2024-01-22T21:00:00+00:00,1.125950,1.126250,1.125560,1.125860,716.25
2024-01-22T22:00:00+00:00,1.125860,1.126840,1.125350,1.126300,962.73
2024-01-22T23:00:00+00:00,1.126300,1.126480,1.125830,1.126120,702.53
2024-01-23T00:00:00+00:00,1.126120,1.126810,1.125780,1.126320,901.32
2024-01-23T01:00:00+00:00,1.126320,1.127940,1.125890,1.127090,1185.40
2024-01-23T02:00:00+00:00,1.127090,1.127330,1.126530,1.126800,516.39
2024-01-23T03:00:00+00:00,1.126800,1.127660,1.126370,1.127260,1003.42
2024-01-23T04:00:00+00:00,1.127260,1.127370,1.126080,1.126500,920.00
2024-01-23T05:00:00+00:00,1.126500,1.126740,1.126290,1.126430,624.51
2024-01-23T06:00:00+00:00,1.126430,1.126560,1.125610,1.126080,582.17
2024-01-23T07:00:00+00:00,1.126080,1.126580,1.125760,1.126360,889.75
2024-01-23T08:00:00+00:00,1.126360,1.126380,1.124500,1.124810,1201.64
2024-01-23T09:00:00+00:00,1.124810,1.124840,1.124290,1.124510,703.46
2024-01-23T10:00:00+00:00,1.124510,1.125410,1.122130,1.123200,1049.16
2024-01-23T11:00:00+00:00,1.123200,1.124020,1.123110,1.123770,938.15
2024-01-23T12:00:00+00:00,1.123770,1.124180,1.123040,1.123230,748.17
2024-01-23T13:00:00+00:00,1.123230,1.123770,1.122060,1.122240,1051.10
2024-01-23T14:00:00+00:00,1.122240,1.124020,1.122040,1.123130,1228.09
2024-01-23T15:00:00+00:00,1.123130,1.123920,1.122600,1.123030,706.29
2024-01-23T16:00:00+00:00,1.123030,1.123030,1.122810,1.122860,774.21
2024-01-23T17:00:00+00:00,1.122860,1.122880,1.122240,1.122430,965.55
2024-01-23T18:00:00+00:00,1.122430,1.124000,1.122100,1.123670,1102.30
2024-01-23T19:00:00+00:00,1.123670,1.125310,1.123400,1.125250,1289.47
2024-01-23T20:00:00+00:00,1.125250,1.125580,1.124910,1.124910,890.71
2024-01-23T21:00:00+00:00,1.124910,1.125570,1.124500,1.125460,707.99
2024-01-23T22:00:00+00:00,1.125460,1.125620,1.124880,1.125260,933.79
2024-01-23T23:00:00+00:00,1.125260,1.126980,1.125010,1.126360,969.54
2024-01-24T00:00:00+00:00,1.126360,1.126810,1.125730,1.126180,910.21
2024-01-24T01:00:00+00:00,1.126180,1.126830,1.125840,1.126160,830.52
2024-01-24T02:00:00+00:00,1.126160,1.126580,1.125950,1.126380,627.58
2024-01-24T03:00:00+00:00,1.126380,1.126970,1.125540,1.125560,1167.88
2024-01-24T04:00:00+00:00,1.125560,1.126590,1.124700,1.125710,620.77
2024-01-24T05:00:00+00:00,1.125710,1.126750,1.125470,1.126520,913.57
2024-01-24T06:00:00+00:00,1.126520,1.127280,1.126480,1.126660,735.47
2024-01-24T07:00:00+00:00,1.126660,1.127780,1.126600,1.127620,883.60
2024-01-24T08:00:00+00:00,1.127620,1.128550,1.127180,1.128140,699.08
2024-01-24T09:00:00+00:00,1.128140,1.128640,1.126940,1.127850,965.13
2024-01-24T10:00:00+00:00,1.127850,1.129310,1.127400,1.129010,1105.64
2024-01-24T11:00:00+00:00,1.129010,1.130220,1.128980,1.129780,923.15
2024-01-24T12:00:00+00:00,1.129780,1.130710,1.128860,1.130270,803.71
2024-01-24T13:00:00+00:00,1.130270,1.131990,1.130270,1.131820,1325.09
2024-01-24T14:00:00+00:00,1.131820,1.132220,1.130320,1.131360,921.73
2024-01-24T15:00:00+00:00,1.131360,1.131860,1.128850,1.129740,1503.99
2024-01-24T16:00:00+00:00,1.129740,1.130290,1.129610,1.130010,652.11
2024-01-24T17:00:00+00:00,1.130010,1.130790,1.129280,1.129530,945.45
2024-01-24T18:00:00+00:00,1.129530,1.129740,1.128700,1.129510,715.17
2024-01-24T19:00:00+00:00,1.129510,1.129730,1.128660,1.128990,1007.10
2024-01-24T20:00:00+00:00,1.128990,1.129530,1.127550,1.127870,1342.73
2024-01-24T21:00:00+00:00,1.127870,1.129040,1.127450,1.128910,1003.49
2024-01-24T22:00:00+00:00,1.128910,1.129410,1.127960,1.128520,851.47
2024-01-24T23:00:00+00:00,1.128520,1.128860,1.128060,1.128640,730.03
2024-01-25T00:00:00+00:00,1.128640,1.129110,1.127240,1.128040,1085.99
2024-01-25T01:00:00+00:00,1.128040,1.128580,1.127930,1.128330,543.68
2024-01-25T02:00:00+00:00,1.128330,1.128960,1.126720,1.127350,1287.81
2024-01-25T03:00:00+00:00,1.127350,1.128810,1.127330,1.128160,945.19
2024-01-25T04:00:00+00:00,1.128160,1.128800,1.125740,1.126880,1332.25
2024-01-25T05:00:00+00:00,1.126880,1.127350,1.126290,1.127070,689.32
2024-01-25T06:00:00+00:00,1.127070,1.127210,1.126330,1.126660,996.35
2024-01-25T07:00:00+00:00,1.126660,1.127500,1.126460,1.127350,779.09
2024-01-25T08:00:00+00:00,1.127350,1.128630,1.127000,1.128280,912.27
2024-01-25T09:00:00+00:00,1.128280,1.130300,1.127680,1.129630,1103.53
2024-01-25T10:00:00+00:00,1.129630,1.130360,1.128770,1.130230,670.78
2024-01-25T11:00:00+00:00,1.130230,1.131300,1.129850,1.130710,637.53
2024-01-25T12:00:00+00:00,1.130710,1.130860,1.129240,1.129300,1390.85
2024-01-25T13:00:00+00:00,1.129300,1.131200,1.129070,1.130560,1064.00
2024-01-25T14:00:00+00:00,1.130560,1.131140,1.130230,1.130690,643.81
2024-01-25T15:00:00+00:00,1.130690,1.131000,1.129880,1.130410,937.41
2024-01-25T16:00:00+00:00,1.130410,1.130640,1.130030,1.130240,735.29
2024-01-25T17:00:00+00:00,1.130240,1.132030,1.130160,1.131170,843.22
2024-01-25T18:00:00+00:00,1.131170,1.132090,1.131140,1.131680,790.08
2024-01-25T19:00:00+00:00,1.131680,1.132370,1.131550,1.132180,736.20
2024-01-25T20:00:00+00:00,1.132180,1.133200,1.131810,1.132780,856.61
2024-01-25T21:00:00+00:00,1.132780,1.134350,1.132490,1.133870,1075.51
2024-01-25T22:00:00+00:00,1.133870,1.134470,1.133630,1.134160,529.64
2024-01-25T23:00:00+00:00,1.134160,1.134670,1.133480,1.134210,764.41
2024-01-26T00:00:00+00:00,1.134210,1.135070,1.133990,1.134840,797.50
2024-01-26T01:00:00+00:00,1.134840,1.135020,1.134520,1.134620,892.50
2024-01-26T02:00:00+00:00,1.134620,1.135940,1.134280,1.135820,1041.69
2024-01-26T03:00:00+00:00,1.135820,1.136090,1.135550,1.136040,539.99
2024-01-26T04:00:00+00:00,1.136040,1.136870,1.135820,1.136570,638.88
2024-01-26T05:00:00+00:00,1.136570,1.136830,1.136190,1.136730,636.26
2024-01-26T06:00:00+00:00,1.136730,1.137370,1.136720,1.137300,667.17
2024-01-26T07:00:00+00:00,1.137300,1.138240,1.137170,1.137750,601.13
2024-01-26T08:00:00+00:00,1.137750,1.138520,1.136960,1.137630,731.87
2024-01-26T09:00:00+00:00,1.137630,1.139950,1.136910,1.139370,1354.86
2024-01-26T10:00:00+00:00,1.139370,1.140880,1.138940,1.140540,969.19
2024-01-26T11:00:00+00:00,1.140540,1.143140,1.140200,1.142120,1310.69
2024-01-26T12:00:00+00:00,1.142120,1.142670,1.140950,1.141090,1195.06
2024-01-26T13:00:00+00:00,1.141090,1.142520,1.140360,1.142290,1008.00
2024-01-26T14:00:00+00:00,1.142290,1.142840,1.141490,1.141660,979.44
2024-01-26T15:00:00+00:00,1.141660,1.142560,1.141030,1.142300,742.61
2024-01-26T16:00:00+00:00,1.142300,1.142880,1.141600,1.142450,712.41
2024-01-26T17:00:00+00:00,1.142450,1.143030,1.142150,1.142960,755.26
2024-01-26T18:00:00+00:00,1.142960,1.143120,1.141820,1.142010,1302.34
2024-01-26T19:00:00+00:00,1.142010,1.142720,1.141980,1.142340,625.84
2024-01-26T20:00:00+00:00,1.142340,1.143450,1.142160,1.143260,832.38
2024-01-26T21:00:00+00:00,1.143260,1.143630,1.142860,1.143160,779.76
2024-01-26T22:00:00+00:00,1.143160,1.143460,1.142840,1.143340,612.33
2024-01-26T23:00:00+00:00,1.143340,1.145670,1.142800,1.144790,1164.04
2024-01-27T00:00:00+00:00,1.144790,1.144880,1.143960,1.144090,1104.43
2024-01-27T01:00:00+00:00,1.144090,1.145520,1.143780,1.144810,793.47
2024-01-27T02:00:00+00:00,1.144810,1.145540,1.144080,1.144150,1145.75
2024-01-27T03:00:00+00:00,1.144150,1.144550,1.143960,1.144160,719.66
2024-01-27T04:00:00+00:00,1.144160,1.144710,1.143330,1.143900,905.87
2024-01-27T05:00:00+00:00,1.143900,1.144070,1.143200,1.143540,851.20
2024-01-27T06:00:00+00:00,1.143540,1.144140,1.143230,1.143750,690.30
2024-01-27T07:00:00+00:00,1.143750,1.145860,1.143600,1.144940,993.29
2024-01-27T08:00:00+00:00,1.144940,1.145410,1.144580,1.145160,649.13
2024-01-27T09:00:00+00:00,1.145160,1.145980,1.143610,1.143670,1473.85
2024-01-27T10:00:00+00:00,1.143670,1.144310,1.143120,1.143470,921.62
2024-01-27T11:00:00+00:00,1.143470,1.145770,1.142760,1.145000,1211.93
2024-01-27T12:00:00+00:00,1.145000,1.145070,1.144310,1.144540,1062.93
2024-01-27T13:00:00+00:00,1.144540,1.144910,1.143610,1.144010,1086.40
2024-01-27T14:00:00+00:00,1.144010,1.144240,1.143950,1.144150,673.64
2024-01-27T15:00:00+00:00,1.144150,1.145220,1.142020,1.143010,1313.81
2024-01-27T16:00:00+00:00,1.143010,1.143040,1.142450,1.142520,1061.55
2024-01-27T17:00:00+00:00,1.142520,1.144650,1.142200,1.144160,1337.80
2024-01-27T18:00:00+00:00,1.144160,1.145260,1.143970,1.144730,682.06
2024-01-27T19:00:00+00:00,1.144730,1.144880,1.144300,1.144560,886.51
2024-01-27T20:00:00+00:00,1.144560,1.145630,1.144470,1.145080,645.91
2024-01-27T21:00:00+00:00,1.145080,1.146410,1.144760,1.146080,965.20
2024-01-27T22:00:00+00:00,1.146080,1.146310,1.145680,1.145850,942.56
2024-01-27T23:00:00+00:00,1.145850,1.148370,1.145180,1.147330,1197.54
2024-01-28T00:00:00+00:00,1.147330,1.148470,1.146350,1.148430,1015.88
2024-01-28T01:00:00+00:00,1.148430,1.149420,1.147980,1.148950,689.21
2024-01-28T02:00:00+00:00,1.148950,1.149110,1.148730,1.148910,742.86
2024-01-28T03:00:00+00:00,1.148910,1.149500,1.148160,1.149070,735.48
2024-01-28T04:00:00+00:00,1.149070,1.149690,1.148970,1.149000,827.57
2024-01-28T05:00:00+00:00,1.149000,1.149600,1.148920,1.149400,596.02
2024-01-28T06:00:00+00:00,1.149400,1.149780,1.149200,1.149400,736.28
2024-01-28T07:00:00+00:00,1.149400,1.150730,1.149290,1.150270,828.60
2024-01-28T08:00:00+00:00,1.150270,1.150570,1.150120,1.150430,730.36
2024-01-28T09:00:00+00:00,1.150430,1.152160,1.150100,1.151440,992.80
2024-01-28T10:00:00+00:00,1.151440,1.151980,1.150480,1.150940,904.76
2024-01-28T11:00:00+00:00,1.150940,1.151620,1.149220,1.149870,1189.45
2024-01-28T12:00:00+00:00,1.149870,1.151690,1.149050,1.150630,743.83
2024-01-28T13:00:00+00:00,1.150630,1.150880,1.150310,1.150630,707.45
2024-01-28T14:00:00+00:00,1.150630,1.151250,1.149560,1.150330,840.90
2024-01-28T15:00:00+00:00,1.150330,1.150600,1.149940,1.150530,618.88
2024-01-28T16:00:00+00:00,1.150530,1.152590,1.149980,1.152160,1260.96
2024-01-28T17:00:00+00:00,1.152160,1.152670,1.151690,1.151780,970.48
2024-01-28T18:00:00+00:00,1.151780,1.152230,1.151220,1.151610,885.21
2024-01-28T19:00:00+00:00,1.151610,1.151750,1.150170,1.150770,1135.95
2024-01-28T20:00:00+00:00,1.150770,1.151750,1.150320,1.150880,679.00
2024-01-28T21:00:00+00:00,1.150880,1.152460,1.150870,1.151860,1037.86
2024-01-28T22:00:00+00:00,1.151860,1.152260,1.151280,1.151300,813.02
2024-01-28T23:00:00+00:00,1.151300,1.152010,1.148010,1.148920,1570.45
2024-01-29T00:00:00+00:00,1.148920,1.149000,1.146810,1.147260,1283.03
2024-01-29T01:00:00+00:00,1.147260,1.148630,1.146230,1.148220,1143.79
2024-01-29T02:00:00+00:00,1.148220,1.148830,1.147080,1.147620,819.25
2024-01-29T03:00:00+00:00,1.147620,1.148180,1.145350,1.146040,1321.87
2024-01-29T04:00:00+00:00,1.146040,1.146360,1.144270,1.144800,1135.64
2024-01-29T05:00:00+00:00,1.144800,1.145260,1.144570,1.144960,765.78
2024-01-29T06:00:00+00:00,1.144960,1.145330,1.144140,1.145040,857.14
2024-01-29T07:00:00+00:00,1.145040,1.145060,1.143330,1.143750,1035.83
2024-01-29T08:00:00+00:00,1.143750,1.143940,1.143210,1.143500,588.07
2024-01-29T09:00:00+00:00,1.143500,1.144040,1.141380,1.141680,1458.83
2024-01-29T10:00:00+00:00,1.141680,1.142540,1.141190,1.142280,1053.85
2024-01-29T11:00:00+00:00,1.142280,1.142480,1.142120,1.142420,749.29
2024-01-29T12:00:00+00:00,1.142420,1.142610,1.141170,1.141290,1072.79
2024-01-29T13:00:00+00:00,1.141290,1.142090,1.140710,1.141880,1102.62
2024-01-29T14:00:00+00:00,1.141880,1.141930,1.140520,1.140630,1002.79
2024-01-29T15:00:00+00:00,1.140630,1.141540,1.140360,1.141380,1186.92
2024-01-29T16:00:00+00:00,1.141380,1.142040,1.140260,1.140810,837.63
2024-01-29T17:00:00+00:00,1.140810,1.141230,1.139340,1.139710,912.96
2024-01-29T18:00:00+00:00,1.139710,1.140830,1.139080,1.140720,1278.60
2024-01-29T19:00:00+00:00,1.140720,1.140850,1.139530,1.140100,715.48
2024-01-29T20:00:00+00:00,1.140100,1.142200,1.139610,1.141520,1432.64
2024-01-29T21:00:00+00:00,1.141520,1.142050,1.140920,1.141220,660.40
2024-01-29T22:00:00+00:00,1.141220,1.142630,1.140680,1.142110,1091.14
2024-01-29T23:00:00+00:00,1.142110,1.143030,1.140220,1.140280,1382.63
2024-01-30T00:00:00+00:00,1.140280,1.141610,1.139790,1.141240,1186.53
2024-01-30T01:00:00+00:00,1.141240,1.141720,1.140730,1.140820,652.75
2024-01-30T02:00:00+00:00,1.140820,1.141030,1.139010,1.139150,1220.23
2024-01-30T03:00:00+00:00,1.139150,1.140760,1.138930,1.140010,1096.79
2024-01-30T04:00:00+00:00,1.140010,1.140540,1.138500,1.139020,922.31
2024-01-30T05:00:00+00:00,1.139020,1.139490,1.138450,1.139310,962.78
2024-01-30T06:00:00+00:00,1.139310,1.139980,1.139160,1.139820,969.05
2024-01-30T07:00:00+00:00,1.139820,1.140310,1.139060,1.139160,815.29
2024-01-30T08:00:00+00:00,1.139160,1.139360,1.138850,1.139040,713.48
2024-01-30T09:00:00+00:00,1.139040,1.139910,1.138100,1.138190,910.68
2024-01-30T10:00:00+00:00,1.138190,1.138940,1.135950,1.136680,1166.77
2024-01-30T11:00:00+00:00,1.136680,1.137510,1.135000,1.135560,1062.39
2024-01-30T12:00:00+00:00,1.135560,1.135940,1.135200,1.135580,701.14
2024-01-30T13:00:00+00:00,1.135580,1.136070,1.133950,1.134400,991.59
2024-01-30T14:00:00+00:00,1.134400,1.134730,1.133100,1.133160,1064.63
2024-01-30T15:00:00+00:00,1.133160,1.133570,1.132580,1.133010,760.71
2024-01-30T16:00:00+00:00,1.133010,1.133110,1.130980,1.131940,1089.87
2024-01-30T17:00:00+00:00,1.131940,1.132550,1.130800,1.131510,750.36
2024-01-30T18:00:00+00:00,1.131510,1.132030,1.131350,1.131590,717.18
2024-01-30T19:00:00+00:00,1.131590,1.132170,1.130240,1.130790,780.69
2024-01-30T20:00:00+00:00,1.130790,1.131130,1.130520,1.130770,776.20
2024-01-30T21:00:00+00:00,1.130770,1.132020,1.129800,1.131080,879.05
2024-01-30T22:00:00+00:00,1.131080,1.131320,1.130930,1.131140,682.42
2024-01-30T23:00:00+00:00,1.131140,1.131940,1.130300,1.130480,739.37
2024-01-31T00:00:00+00:00,1.130480,1.131000,1.128520,1.129080,1228.74
2024-01-31T01:00:00+00:00,1.129080,1.130240,1.126690,1.126920,1628.42
2024-01-31T02:00:00+00:00,1.126920,1.128650,1.126190,1.127930,1204.97
2024-01-31T03:00:00+00:00,1.127930,1.128030,1.127250,1.127280,697.53
2024-01-31T04:00:00+00:00,1.127280,1.127370,1.126330,1.126560,816.98
2024-01-31T05:00:00+00:00,1.126560,1.126770,1.125370,1.125850,869.23
2024-01-31T06:00:00+00:00,1.125850,1.126550,1.124280,1.125040,786.87
2024-01-31T07:00:00+00:00,1.125040,1.125050,1.123410,1.123720,1059.69
2024-01-31T08:00:00+00:00,1.123720,1.123950,1.121690,1.121960,1303.05
2024-01-31T09:00:00+00:00,1.121960,1.122310,1.120840,1.121130,898.44
2024-01-31T10:00:00+00:00,1.121130,1.121430,1.118500,1.119360,1381.36
2024-01-31T11:00:00+00:00,1.119360,1.119430,1.118780,1.119400,744.47
2024-01-31T12:00:00+00:00,1.119400,1.119420,1.119280,1.119310,725.14
2024-01-31T13:00:00+00:00,1.119310,1.119660,1.119020,1.119470,811.18
2024-01-31T14:00:00+00:00,1.119470,1.119690,1.119110,1.119150,685.39
2024-01-31T15:00:00+00:00,1.119150,1.120080,1.119090,1.119400,831.91
2024-01-31T16:00:00+00:00,1.119400,1.119720,1.118920,1.119380,822.04
2024-01-31T17:00:00+00:00,1.119380,1.120430,1.119380,1.119780,900.12
2024-01-31T18:00:00+00:00,1.119780,1.120140,1.119580,1.119580,572.28
2024-01-31T19:00:00+00:00,1.119580,1.119690,1.119390,1.119600,749.13
2024-01-31T20:00:00+00:00,1.119600,1.119720,1.117260,1.117830,1344.69
2024-01-31T21:00:00+00:00,1.117830,1.118120,1.117520,1.117860,660.79
2024-01-31T22:00:00+00:00,1.117860,1.119420,1.117050,1.118980,1349.35
2024-01-31T23:00:00+00:00,1.118980,1.121930,1.118960,1.121260,1939.79
2024-02-01T00:00:00+00:00,1.121260,1.122140,1.120930,1.122040,1220.30
2024-02-01T01:00:00+00:00,1.122040,1.122300,1.121160,1.121350,829.36
2024-02-01T02:00:00+00:00,1.121350,1.122150,1.120710,1.121940,1000.65
2024-02-01T03:00:00+00:00,1.121940,1.123240,1.121050,1.123100,1411.66
2024-02-01T04:00:00+00:00,1.123100,1.123990,1.121870,1.122170,958.97
2024-02-01T05:00:00+00:00,1.122170,1.122230,1.121180,1.121270,877.11
2024-02-01T06:00:00+00:00,1.121270,1.121810,1.120450,1.120740,694.54
2024-02-01T07:00:00+00:00,1.120740,1.121040,1.120200,1.120930,756.14
2024-02-01T08:00:00+00:00,1.120930,1.121280,1.120430,1.120480,595.35
2024-02-01T09:00:00+00:00,1.120480,1.121330,1.120240,1.120940,905.47
2024-02-01T10:00:00+00:00,1.120940,1.121920,1.120720,1.121510,1018.69
2024-02-01T11:00:00+00:00,1.121510,1.122130,1.118840,1.119480,1456.61
2024-02-01T12:00:00+00:00,1.119480,1.119850,1.119370,1.119490,726.54
2024-02-01T13:00:00+00:00,1.119490,1.120230,1.118920,1.119440,730.13
2024-02-01T14:00:00+00:00,1.119440,1.120710,1.118820,1.120310,1192.48
2024-02-01T15:00:00+00:00,1.120310,1.120570,1.119460,1.120010,610.01
2024-02-01T16:00:00+00:00,1.120010,1.120140,1.119880,1.120130,847.77
2024-02-01T17:00:00+00:00,1.120130,1.121220,1.119660,1.120830,1053.38
2024-02-01T18:00:00+00:00,1.120830,1.122070,1.119990,1.121710,1078.70
2024-02-01T19:00:00+00:00,1.121710,1.122510,1.121300,1.121590,751.06
2024-02-01T20:00:00+00:00,1.121590,1.121610,1.120070,1.120860,758.73
2024-02-01T21:00:00+00:00,1.120860,1.120900,1.119350,1.119870,942.34
2024-02-01T22:00:00+00:00,1.119870,1.120570,1.119220,1.120280,941.04
2024-02-01T23:00:00+00:00,1.120280,1.120470,1.119690,1.119880,755.07
2024-02-02T00:00:00+00:00,1.119880,1.121450,1.119780,1.120700,1082.05
2024-02-02T01:00:00+00:00,1.120700,1.121170,1.118420,1.119310,1202.23
2024-02-02T02:00:00+00:00,1.119310,1.120100,1.119310,1.119680,884.39
2024-02-02T03:00:00+00:00,1.119680,1.120060,1.119520,1.119610,754.12
2024-02-02T04:00:00+00:00,1.119610,1.119610,1.118070,1.118610,977.43
2024-02-02T05:00:00+00:00,1.118610,1.119770,1.117990,1.119240,1061.12
2024-02-02T06:00:00+00:00,1.119240,1.119870,1.118280,1.119020,663.98
2024-02-02T07:00:00+00:00,1.119020,1.119110,1.117570,1.118240,768.31
2024-02-02T08:00:00+00:00,1.118240,1.119230,1.115160,1.115960,1661.78
2024-02-02T09:00:00+00:00,1.115960,1.116330,1.115510,1.116080,848.14
2024-02-02T10:00:00+00:00,1.116080,1.116520,1.115340,1.115900,565.02
2024-02-02T11:00:00+00:00,1.115900,1.115990,1.115110,1.115160,829.08
2024-02-02T12:00:00+00:00,1.115160,1.115380,1.114210,1.114530,734.94
2024-02-02T13:00:00+00:00,1.114530,1.116190,1.114260,1.115630,1254.98
2024-02-02T14:00:00+00:00,1.115630,1.116050,1.115130,1.115200,638.34
2024-02-02T15:00:00+00:00,1.115200,1.115470,1.113410,1.113820,1164.52
2024-02-02T16:00:00+00:00,1.113820,1.114480,1.113260,1.113540,693.42
2024-02-02T17:00:00+00:00,1.113540,1.113620,1.111990,1.112550,1048.01
2024-02-02T18:00:00+00:00,1.112550,1.113050,1.112020,1.112710,852.88
2024-02-02T19:00:00+00:00,1.112710,1.113030,1.112660,1.112720,690.15
2024-02-02T20:00:00+00:00,1.112720,1.112830,1.110150,1.110850,1447.03
2024-02-02T21:00:00+00:00,1.110850,1.110870,1.109710,1.109880,873.01
2024-02-02T22:00:00+00:00,1.109880,1.110040,1.109000,1.109630,607.75
2024-02-02T23:00:00+00:00,1.109630,1.110010,1.109550,1.109660,545.49
2024-02-03T00:00:00+00:00,1.109660,1.110260,1.108970,1.109890,695.78
2024-02-03T01:00:00+00:00,1.109890,1.110800,1.109580,1.110670,1085.90
2024-02-03T02:00:00+00:00,1.110670,1.110950,1.110650,1.110790,757.38
2024-02-03T03:00:00+00:00,1.110790,1.111640,1.110570,1.110940,741.35
2024-02-03T04:00:00+00:00,1.110940,1.112250,1.110890,1.112240,1201.96
2024-02-03T05:00:00+00:00,1.112240,1.112850,1.111400,1.111900,784.24
2024-02-03T06:00:00+00:00,1.111900,1.112940,1.111760,1.112340,890.01
2024-02-03T07:00:00+00:00,1.112340,1.112820,1.112190,1.112540,628.50
2024-02-03T08:00:00+00:00,1.112540,1.112980,1.110810,1.111380,1260.52
2024-02-03T09:00:00+00:00,1.111380,1.112900,1.111290,1.112460,1108.58
2024-02-03T10:00:00+00:00,1.112460,1.115170,1.112100,1.114610,1691.45
2024-02-03T11:00:00+00:00,1.114610,1.114920,1.113650,1.113950,976.05
2024-02-03T12:00:00+00:00,1.113950,1.114700,1.113930,1.114360,838.39
2024-02-03T13:00:00+00:00,1.114360,1.115070,1.112300,1.113220,1131.28
2024-02-03T14:00:00+00:00,1.113220,1.113630,1.112960,1.113500,805.20
2024-02-03T15:00:00+00:00,1.113500,1.113990,1.112560,1.113130,719.15
2024-02-03T16:00:00+00:00,1.113130,1.113350,1.112900,1.113130,510.18
2024-02-03T17:00:00+00:00,1.113130,1.113220,1.112910,1.113070,670.81
2024-02-03T18:00:00+00:00,1.113070,1.113740,1.112450,1.113620,935.29
2024-02-03T19:00:00+00:00,1.113620,1.115540,1.112830,1.114880,1298.12
2024-02-03T20:00:00+00:00,1.114880,1.114930,1.113620,1.114200,941.60
2024-02-03T21:00:00+00:00,1.114200,1.115330,1.113380,1.114640,901.44
2024-02-03T22:00:00+00:00,1.114640,1.115370,1.114360,1.115240,865.21
2024-02-03T23:00:00+00:00,1.115240,1.115590,1.114110,1.114600,975.24
2024-02-04T00:00:00+00:00,1.114600,1.115170,1.113480,1.113940,876.95
2024-02-04T01:00:00+00:00,1.113940,1.114530,1.113250,1.114180,719.48
2024-02-04T02:00:00+00:00,1.114180,1.114740,1.113390,1.114050,653.52
2024-02-04T03:00:00+00:00,1.114050,1.114850,1.113760,1.114430,723.23
2024-02-04T04:00:00+00:00,1.114430,1.115040,1.113960,1.114650,781.73
2024-02-04T05:00:00+00:00,1.114650,1.114660,1.113770,1.113870,1083.79
2024-02-04T06:00:00+00:00,1.113870,1.114790,1.113530,1.114520,886.10
2024-02-04T07:00:00+00:00,1.114520,1.115340,1.111730,1.112610,1614.34
2024-02-04T08:00:00+00:00,1.112610,1.113440,1.110590,1.111650,1025.89
2024-02-04T09:00:00+00:00,1.111650,1.111850,1.110460,1.110750,1007.69
2024-02-04T10:00:00+00:00,1.110750,1.110950,1.110030,1.110390,859.29
2024-02-04T11:00:00+00:00,1.110390,1.110820,1.110030,1.110290,640.23
2024-02-04T12:00:00+00:00,1.110290,1.110670,1.107940,1.109000,1283.07
2024-02-04T13:00:00+00:00,1.109000,1.109920,1.107460,1.107930,1171.02
2024-02-04T14:00:00+00:00,1.107930,1.108000,1.105790,1.106870,1065.89
2024-02-04T15:00:00+00:00,1.106870,1.106980,1.105520,1.106010,1097.48
2024-02-04T16:00:00+00:00,1.106010,1.106570,1.105880,1.106270,753.81
2024-02-04T17:00:00+00:00,1.106270,1.107350,1.105940,1.107230,1006.34
2024-02-04T18:00:00+00:00,1.107230,1.108450,1.106870,1.108420,1243.07
2024-02-04T19:00:00+00:00,1.108420,1.109210,1.108270,1.108560,599.78
2024-02-04T20:00:00+00:00,1.108560,1.108650,1.106940,1.107830,994.67
2024-02-04T21:00:00+00:00,1.107830,1.108810,1.107640,1.108440,952.73
2024-02-04T22:00:00+00:00,1.108440,1.110430,1.108410,1.109690,1197.83
2024-02-04T23:00:00+00:00,1.109690,1.110000,1.107840,1.108510,1160.98
2024-02-05T00:00:00+00:00,1.108510,1.108890,1.108420,1.108820,672.21
2024-02-05T01:00:00+00:00,1.108820,1.109120,1.108290,1.108600,786.31
2024-02-05T02:00:00+00:00,1.108600,1.109730,1.107980,1.109080,754.45
2024-02-05T03:00:00+00:00,1.109080,1.110730,1.108480,1.110120,1195.55
2024-02-05T04:00:00+00:00,1.110120,1.110140,1.109840,1.110090,557.88
2024-02-05T05:00:00+00:00,1.110090,1.110760,1.109710,1.110530,905.37
2024-02-05T06:00:00+00:00,1.110530,1.111010,1.109420,1.109680,1008.81
2024-02-05T07:00:00+00:00,1.109680,1.110100,1.109160,1.109290,746.79
2024-02-05T08:00:00+00:00,1.109290,1.109800,1.107320,1.108180,1092.93
2024-02-05T09:00:00+00:00,1.108180,1.108360,1.107770,1.107780,755.60
2024-02-05T10:00:00+00:00,1.107780,1.107950,1.107190,1.107360,904.05
2024-02-05T11:00:00+00:00,1.107360,1.109100,1.107300,1.108380,1135.38
2024-02-05T12:00:00+00:00,1.108380,1.108530,1.108000,1.108010,798.22
2024-02-05T13:00:00+00:00,1.108010,1.108210,1.107530,1.107650,696.34
2024-02-05T14:00:00+00:00,1.107650,1.108260,1.107290,1.108170,847.20
2024-02-05T15:00:00+00:00,1.108170,1.109640,1.107550,1.109270,1233.83
2024-02-05T16:00:00+00:00,1.109270,1.109360,1.107940,1.108650,803.18
2024-02-05T17:00:00+00:00,1.108650,1.110440,1.107960,1.109660,1261.94
2024-02-05T18:00:00+00:00,1.109660,1.110380,1.108040,1.108390,1075.89
2024-02-05T19:00:00+00:00,1.108390,1.110520,1.107720,1.109940,1488.01
2024-02-05T20:00:00+00:00,1.109940,1.110410,1.108770,1.109160,906.86
2024-02-05T21:00:00+00:00,1.109160,1.110090,1.108210,1.108670,684.02
2024-02-05T22:00:00+00:00,1.108670,1.108970,1.108460,1.108520,611.01
2024-02-05T23:00:00+00:00,1.108520,1.108720,1.107880,1.108190,535.02
2024-02-06T00:00:00+00:00,1.108190,1.108310,1.107030,1.107500,895.25
2024-02-06T01:00:00+00:00,1.107500,1.108060,1.106540,1.107260,718.85
2024-02-06T02:00:00+00:00,1.107260,1.107680,1.106140,1.106590,742.19
2024-02-06T03:00:00+00:00,1.106590,1.106820,1.105600,1.106790,825.31
2024-02-06T04:00:00+00:00,1.106790,1.107300,1.106770,1.107010,853.62
2024-02-06T05:00:00+00:00,1.107010,1.107230,1.105420,1.106010,974.82
2024-02-06T06:00:00+00:00,1.106010,1.106040,1.105490,1.105820,711.68
2024-02-06T07:00:00+00:00,1.105820,1.106570,1.104410,1.104530,1032.34
2024-02-06T08:00:00+00:00,1.104530,1.105010,1.103980,1.104280,564.26
2024-02-06T09:00:00+00:00,1.104280,1.104320,1.102540,1.102750,1281.85
2024-02-06T10:00:00+00:00,1.102750,1.102840,1.101600,1.101890,894.89
2024-02-06T11:00:00+00:00,1.101890,1.102790,1.100210,1.101010,855.78
2024-02-06T12:00:00+00:00,1.101010,1.101050,1.099520,1.099700,1071.23
2024-02-06T13:00:00+00:00,1.099700,1.100080,1.098660,1.098870,935.84
2024-02-06T14:00:00+00:00,1.098870,1.098900,1.098490,1.098510,688.23
2024-02-06T15:00:00+00:00,1.098510,1.098670,1.097740,1.097760,800.59
2024-02-06T16:00:00+00:00,1.097760,1.098200,1.097710,1.098020,824.11
2024-02-06T17:00:00+00:00,1.098020,1.098190,1.096700,1.097160,803.32
2024-02-06T18:00:00+00:00,1.097160,1.097480,1.096430,1.096560,736.31
2024-02-06T19:00:00+00:00,1.096560,1.096770,1.095930,1.096180,703.67
2024-02-06T20:00:00+00:00,1.096180,1.096450,1.095210,1.095300,893.56
2024-02-06T21:00:00+00:00,1.095300,1.095590,1.095290,1.095460,823.14
2024-02-06T22:00:00+00:00,1.095460,1.095760,1.094670,1.095750,941.95
2024-02-06T23:00:00+00:00,1.095750,1.096310,1.095680,1.096020,963.74
2024-02-07T00:00:00+00:00,1.096020,1.096740,1.095810,1.096430,941.55
2024-02-07T01:00:00+00:00,1.096430,1.097070,1.096380,1.097010,988.34
2024-02-07T02:00:00+00:00,1.097010,1.097770,1.096540,1.096650,735.64
2024-02-07T03:00:00+00:00,1.096650,1.096880,1.095990,1.096220,719.93
2024-02-07T04:00:00+00:00,1.096220,1.096930,1.094680,1.095060,1035.82
2024-02-07T05:00:00+00:00,1.095060,1.095850,1.094420,1.094910,645.93
2024-02-07T06:00:00+00:00,1.094910,1.095820,1.094470,1.095770,1107.05
2024-02-07T07:00:00+00:00,1.095770,1.096020,1.095350,1.095840,755.30
2024-02-07T08:00:00+00:00,1.095840,1.097090,1.095180,1.097010,1280.12
2024-02-07T09:00:00+00:00,1.097010,1.097090,1.096700,1.096990,820.62
2024-02-07T10:00:00+00:00,1.096990,1.097100,1.095540,1.095610,1186.04
2024-02-07T11:00:00+00:00,1.095610,1.096180,1.095490,1.095900,790.29
2024-02-07T12:00:00+00:00,1.095900,1.096430,1.095450,1.095770,663.30
2024-02-07T13:00:00+00:00,1.095770,1.097070,1.093040,1.093730,1490.26
2024-02-07T14:00:00+00:00,1.093730,1.093730,1.093310,1.093590,702.31
2024-02-07T15:00:00+00:00,1.093590,1.094140,1.092190,1.093120,780.19
2024-02-07T16:00:00+00:00,1.093120,1.093780,1.092480,1.093610,1040.56
2024-02-07T17:00:00+00:00,1.093610,1.094190,1.092380,1.092630,965.19
2024-02-07T18:00:00+00:00,1.092630,1.092780,1.090330,1.091240,1147.77
2024-02-07T19:00:00+00:00,1.091240,1.091330,1.090930,1.091080,628.58
2024-02-07T20:00:00+00:00,1.091080,1.091560,1.089680,1.089970,1008.59
2024-02-07T21:00:00+00:00,1.089970,1.090420,1.087650,1.087950,1513.45
2024-02-07T22:00:00+00:00,1.087950,1.088400,1.087120,1.087320,714.65
2024-02-07T23:00:00+00:00,1.087320,1.088130,1.087220,1.087840,1093.56
2024-02-08T00:00:00+00:00,1.087840,1.088110,1.086270,1.086440,1082.43
2024-02-08T01:00:00+00:00,1.086440,1.086830,1.085690,1.086540,874.81
2024-02-08T02:00:00+00:00,1.086540,1.087190,1.086150,1.086570,655.44
2024-02-08T03:00:00+00:00,1.086570,1.087320,1.084590,1.085440,932.75
2024-02-08T04:00:00+00:00,1.085440,1.086680,1.085300,1.086000,872.60
2024-02-08T05:00:00+00:00,1.086000,1.086360,1.085500,1.085530,750.24
2024-02-08T06:00:00+00:00,1.085530,1.086180,1.083680,1.083930,1450.12
2024-02-08T07:00:00+00:00,1.083930,1.084290,1.082880,1.083210,895.94
2024-02-08T08:00:00+00:00,1.083210,1.083240,1.082910,1.082950,647.01
2024-02-08T09:00:00+00:00,1.082950,1.083150,1.082270,1.082570,854.57
2024-02-08T10:00:00+00:00,1.082570,1.082670,1.081700,1.081770,1022.28
2024-02-08T11:00:00+00:00,1.081770,1.082030,1.081260,1.081620,738.57
2024-02-08T12:00:00+00:00,1.081620,1.081800,1.081030,1.081370,654.78
2024-02-08T13:00:00+00:00,1.081370,1.081560,1.080750,1.080800,800.68
2024-02-08T14:00:00+00:00,1.080800,1.081780,1.080800,1.081660,990.46
2024-02-08T15:00:00+00:00,1.081660,1.081670,1.081160,1.081550,581.77
2024-02-08T16:00:00+00:00,1.081550,1.081890,1.081270,1.081610,681.97
2024-02-08T17:00:00+00:00,1.081610,1.081630,1.081280,1.081570,711.83
2024-02-08T18:00:00+00:00,1.081570,1.081910,1.080430,1.080870,990.02
2024-02-08T19:00:00+00:00,1.080870,1.081920,1.080410,1.081730,976.97
2024-02-08T20:00:00+00:00,1.081730,1.082550,1.081490,1.082130,738.05
2024-02-08T21:00:00+00:00,1.082130,1.083100,1.081660,1.083020,1008.46
2024-02-08T22:00:00+00:00,1.083020,1.083800,1.082720,1.083510,883.01
2024-02-08T23:00:00+00:00,1.083510,1.083970,1.082740,1.082980,786.69
2024-02-09T00:00:00+00:00,1.082980,1.083380,1.082260,1.082530,816.68
2024-02-09T01:00:00+00:00,1.082530,1.082800,1.080920,1.081540,1172.14
2024-02-09T02:00:00+00:00,1.081540,1.082030,1.081240,1.081680,599.25
2024-02-09T03:00:00+00:00,1.081680,1.081810,1.081200,1.081440,757.09
2024-02-09T04:00:00+00:00,1.081440,1.081940,1.079990,1.080200,1140.42
2024-02-09T05:00:00+00:00,1.080200,1.080890,1.079530,1.079560,892.85
2024-02-09T06:00:00+00:00,1.079560,1.081260,1.079150,1.080710,1165.99
2024-02-09T07:00:00+00:00,1.080710,1.082480,1.080700,1.081900,1129.22
2024-02-09T08:00:00+00:00,1.081900,1.082590,1.080090,1.080700,1143.05
2024-02-09T09:00:00+00:00,1.080700,1.080870,1.079370,1.079960,1012.44
2024-02-09T10:00:00+00:00,1.079960,1.080160,1.079680,1.079940,601.71
2024-02-09T11:00:00+00:00,1.079940,1.081260,1.079440,1.080510,825.90
2024-02-09T12:00:00+00:00,1.080510,1.080640,1.079990,1.080230,772.41
2024-02-09T13:00:00+00:00,1.080230,1.080940,1.080170,1.080620,753.77
2024-02-09T14:00:00+00:00,1.080620,1.081300,1.080240,1.080350,829.28
2024-02-09T15:00:00+00:00,1.080350,1.081020,1.078560,1.079280,1115.98
2024-02-09T16:00:00+00:00,1.079280,1.079540,1.078580,1.078960,711.44
2024-02-09T17:00:00+00:00,1.078960,1.079560,1.078820,1.079170,673.99
2024-02-09T18:00:00+00:00,1.079170,1.079440,1.079030,1.079030,700.08
2024-02-09T19:00:00+00:00,1.079030,1.079670,1.078510,1.079430,782.38
2024-02-09T20:00:00+00:00,1.079430,1.079860,1.078780,1.079400,523.96
2024-02-09T21:00:00+00:00,1.079400,1.079930,1.078670,1.079890,814.66
2024-02-09T22:00:00+00:00,1.079890,1.080410,1.079500,1.080080,668.86
2024-02-09T23:00:00+00:00,1.080080,1.080390,1.079080,1.079470,836.44
2024-02-10T00:00:00+00:00,1.079470,1.079700,1.078810,1.079070,871.88
2024-02-10T01:00:00+00:00,1.079070,1.079180,1.078070,1.078950,622.29
2024-02-10T02:00:00+00:00,1.078950,1.079520,1.077960,1.078610,844.86
2024-02-10T03:00:00+00:00,1.078610,1.078780,1.077650,1.078470,765.88
2024-02-10T04:00:00+00:00,1.078470,1.078910,1.078190,1.078500,614.72
2024-02-10T05:00:00+00:00,1.078500,1.080580,1.078240,1.079630,1220.50
2024-02-10T06:00:00+00:00,1.079630,1.080170,1.078200,1.078750,1020.24
2024-02-10T07:00:00+00:00,1.078750,1.079450,1.077810,1.078070,869.35
2024-02-10T08:00:00+00:00,1.078070,1.079370,1.077470,1.078960,961.95
2024-02-10T09:00:00+00:00,1.078960,1.079610,1.078880,1.079580,917.58
2024-02-10T10:00:00+00:00,1.079580,1.079860,1.079240,1.079510,723.34
2024-02-10T11:00:00+00:00,1.079510,1.080580,1.078870,1.080110,805.07
2024-02-10T12:00:00+00:00,1.080110,1.080920,1.079940,1.080660,974.10
2024-02-10T13:00:00+00:00,1.080660,1.081750,1.080160,1.081460,1083.20
2024-02-10T14:00:00+00:00,1.081460,1.083080,1.080800,1.082530,1124.40
2024-02-10T15:00:00+00:00,1.082530,1.083700,1.082030,1.083130,814.32
2024-02-10T16:00:00+00:00,1.083130,1.083710,1.080470,1.081470,1513.73
2024-02-10T17:00:00+00:00,1.081470,1.083430,1.080690,1.083100,1325.48
2024-02-10T18:00:00+00:00,1.083100,1.084070,1.082730,1.083860,920.32
2024-02-10T19:00:00+00:00,1.083860,1.085480,1.083160,1.084770,848.11
2024-02-10T20:00:00+00:00,1.084770,1.085640,1.084630,1.085130,714.65
2024-02-10T21:00:00+00:00,1.085130,1.086420,1.084530,1.086410,1097.68
2024-02-10T22:00:00+00:00,1.086410,1.087310,1.085750,1.087230,794.86
2024-02-10T23:00:00+00:00,1.087230,1.087510,1.086850,1.087500,573.33
2024-02-11T00:00:00+00:00,1.087500,1.087550,1.086410,1.086880,1087.99
2024-02-11T01:00:00+00:00,1.086880,1.086900,1.086480,1.086840,703.51
2024-02-11T02:00:00+00:00,1.086840,1.088220,1.086010,1.088180,1111.68
2024-02-11T03:00:00+00:00,1.088180,1.089070,1.087930,1.089040,977.41
2024-02-11T04:00:00+00:00,1.089040,1.089250,1.088260,1.088620,866.82
2024-02-11T05:00:00+00:00,1.088620,1.089320,1.088410,1.089180,783.86
2024-02-11T06:00:00+00:00,1.089180,1.089760,1.088970,1.089500,574.60
2024-02-11T07:00:00+00:00,1.089500,1.089610,1.089430,1.089460,750.99
2024-02-11T08:00:00+00:00,1.089460,1.089690,1.088920,1.089000,986.87
2024-02-11T09:00:00+00:00,1.089000,1.090120,1.088420,1.089770,912.66
2024-02-11T10:00:00+00:00,1.089770,1.090270,1.089290,1.089950,554.72
2024-02-11T11:00:00+00:00,1.089950,1.091410,1.089650,1.090470,652.20
2024-02-11T12:00:00+00:00,1.090470,1.090750,1.090210,1.090480,707.99
2024-02-11T13:00:00+00:00,1.090480,1.092640,1.089900,1.091590,969.98
2024-02-11T14:00:00+00:00,1.091590,1.092660,1.091390,1.092140,648.25
2024-02-11T15:00:00+00:00,1.092140,1.092190,1.091220,1.091620,952.17
2024-02-11T16:00:00+00:00,1.091620,1.091850,1.091550,1.091560,859.05
2024-02-11T17:00:00+00:00,1.091560,1.092200,1.090590,1.090970,1073.16
2024-02-11T18:00:00+00:00,1.090970,1.091930,1.090740,1.091650,744.29
2024-02-11T19:00:00+00:00,1.091650,1.093680,1.091450,1.093130,1192.47
2024-02-11T20:00:00+00:00,1.093130,1.094120,1.092950,1.093900,778.16
2024-02-11T21:00:00+00:00,1.093900,1.094100,1.092600,1.093040,1069.79
2024-02-11T22:00:00+00:00,1.093040,1.093050,1.091550,1.092060,1318.57
2024-02-11T23:00:00+00:00,1.092060,1.092430,1.091800,1.092010,804.96
2024-02-12T00:00:00+00:00,1.092010,1.092330,1.091330,1.091670,903.26
2024-02-12T01:00:00+00:00,1.091670,1.093210,1.091610,1.092660,931.14
2024-02-12T02:00:00+00:00,1.092660,1.093350,1.091680,1.091850,1216.49
2024-02-12T03:00:00+00:00,1.091850,1.092760,1.091250,1.092260,667.51
2024-02-12T04:00:00+00:00,1.092260,1.093990,1.092240,1.093020,754.63
2024-02-12T05:00:00+00:00,1.093020,1.094160,1.092470,1.093600,780.86
2024-02-12T06:00:00+00:00,1.093600,1.094470,1.093370,1.094430,856.96
2024-02-12T07:00:00+00:00,1.094430,1.095200,1.094070,1.094440,735.65
2024-02-12T08:00:00+00:00,1.094440,1.094660,1.094140,1.094570,611.26
2024-02-12T09:00:00+00:00,1.094570,1.095090,1.093480,1.094030,932.57
2024-02-12T10:00:00+00:00,1.094030,1.094930,1.093160,1.093750,959.92
2024-02-12T11:00:00+00:00,1.093750,1.094760,1.093660,1.093910,741.98
2024-02-12T12:00:00+00:00,1.093910,1.094700,1.093570,1.094590,794.53
2024-02-12T13:00:00+00:00,1.094590,1.095040,1.093240,1.093850,1017.28
2024-02-12T14:00:00+00:00,1.093850,1.094340,1.093520,1.094280,764.82
2024-02-12T15:00:00+00:00,1.094280,1.094390,1.093610,1.094020,868.34
2024-02-12T16:00:00+00:00,1.094020,1.094140,1.093730,1.094090,763.74
2024-02-12T17:00:00+00:00,1.094090,1.094160,1.093660,1.093820,794.33
2024-02-12T18:00:00+00:00,1.093820,1.096350,1.093750,1.095870,1564.20
2024-02-12T19:00:00+00:00,1.095870,1.096540,1.095180,1.096090,702.86
2024-02-12T20:00:00+00:00,1.096090,1.098830,1.095810,1.097660,1254.66
2024-02-12T21:00:00+00:00,1.097660,1.098000,1.097400,1.097720,735.05
2024-02-12T22:00:00+00:00,1.097720,1.100560,1.096950,1.099890,1504.30
2024-02-12T23:00:00+00:00,1.099890,1.102370,1.098900,1.101130,1078.12
2024-02-13T00:00:00+00:00,1.101130,1.101190,1.100600,1.101190,738.12
2024-02-13T01:00:00+00:00,1.101190,1.101190,1.100520,1.100700,924.43
2024-02-13T02:00:00+00:00,1.100700,1.100900,1.099780,1.100160,1087.93
2024-02-13T03:00:00+00:00,1.100160,1.100590,1.099400,1.100540,687.42
2024-02-13T04:00:00+00:00,1.100540,1.100890,1.100300,1.100670,691.29
2024-02-13T05:00:00+00:00,1.100670,1.103470,1.100490,1.102940,1651.77
2024-02-13T06:00:00+00:00,1.102940,1.104430,1.102190,1.104060,1107.79
2024-02-13T07:00:00+00:00,1.104060,1.104450,1.103810,1.104410,927.54
2024-02-13T08:00:00+00:00,1.104410,1.104460,1.102320,1.102390,1470.41
2024-02-13T09:00:00+00:00,1.102390,1.102800,1.100920,1.101290,1084.74
2024-02-13T10:00:00+00:00,1.101290,1.101700,1.099730,1.100170,1098.71
2024-02-13T11:00:00+00:00,1.100170,1.100550,1.099720,1.099860,632.01
2024-02-13T12:00:00+00:00,1.099860,1.100090,1.098020,1.098760,959.65
2024-02-13T13:00:00+00:00,1.098760,1.099000,1.097530,1.097890,903.21
2024-02-13T14:00:00+00:00,1.097890,1.098080,1.096200,1.096620,1093.91
2024-02-13T15:00:00+00:00,1.096620,1.098090,1.095980,1.097620,1302.49
2024-02-13T16:00:00+00:00,1.097620,1.097670,1.096290,1.096650,947.52
2024-02-13T17:00:00+00:00,1.096650,1.096830,1.096210,1.096440,658.46
2024-02-13T18:00:00+00:00,1.096440,1.097360,1.095890,1.096690,957.86
2024-02-13T19:00:00+00:00,1.096690,1.098950,1.096070,1.098000,1367.41
2024-02-13T20:00:00+00:00,1.098000,1.098590,1.097720,1.097820,582.63
2024-02-13T21:00:00+00:00,1.097820,1.099570,1.097750,1.099440,1622.38
2024-02-13T22:00:00+00:00,1.099440,1.100180,1.099370,1.099640,870.41
2024-02-13T23:00:00+00:00,1.099640,1.100150,1.098810,1.098970,712.54
2024-02-14T00:00:00+00:00,1.098970,1.099670,1.098290,1.098730,652.16
2024-02-14T01:00:00+00:00,1.098730,1.098860,1.098630,1.098630,648.25
2024-02-14T02:00:00+00:00,1.098630,1.100850,1.098290,1.100400,1692.53
2024-02-14T03:00:00+00:00,1.100400,1.100950,1.097490,1.098320,1548.39
2024-02-14T04:00:00+00:00,1.098320,1.099120,1.098300,1.098980,982.48
2024-02-14T05:00:00+00:00,1.098980,1.099520,1.098610,1.098970,688.25
2024-02-14T06:00:00+00:00,1.098970,1.099440,1.097580,1.097930,967.81
2024-02-14T07:00:00+00:00,1.097930,1.098530,1.097270,1.097780,610.97
2024-02-14T08:00:00+00:00,1.097780,1.097920,1.097580,1.097790,768.09
2024-02-14T09:00:00+00:00,1.097790,1.098410,1.097430,1.098380,1018.93
2024-02-14T10:00:00+00:00,1.098380,1.099070,1.096500,1.096780,1317.32
2024-02-14T11:00:00+00:00,1.096780,1.097240,1.096180,1.096190,686.75
2024-02-14T12:00:00+00:00,1.096190,1.096720,1.095100,1.095550,779.10
2024-02-14T13:00:00+00:00,1.095550,1.095600,1.095090,1.095110,654.93
2024-02-14T14:00:00+00:00,1.095110,1.095530,1.094440,1.094900,606.93
2024-02-14T15:00:00+00:00,1.094900,1.095550,1.092750,1.093760,940.84
2024-02-14T16:00:00+00:00,1.093760,1.094830,1.091020,1.092080,1356.96
2024-02-14T17:00:00+00:00,1.092080,1.093800,1.091130,1.092810,1050.11
2024-02-14T18:00:00+00:00,1.092810,1.093440,1.092570,1.092620,585.59
2024-02-14T19:00:00+00:00,1.092620,1.092620,1.091660,1.091680,968.83
2024-02-14T20:00:00+00:00,1.091680,1.092470,1.089400,1.090310,1186.18
2024-02-14T21:00:00+00:00,1.090310,1.091340,1.089860,1.090920,1108.52
2024-02-14T22:00:00+00:00,1.090920,1.091900,1.090700,1.091620,1004.80
2024-02-14T23:00:00+00:00,1.091620,1.091940,1.090330,1.090390,1072.23
2024-02-15T00:00:00+00:00,1.090390,1.091010,1.088840,1.089410,1013.98
2024-02-15T01:00:00+00:00,1.089410,1.090230,1.087620,1.088060,1201.71
2024-02-15T02:00:00+00:00,1.088060,1.089320,1.087240,1.088490,889.82
2024-02-15T03:00:00+00:00,1.088490,1.088880,1.087390,1.087930,656.50
2024-02-15T04:00:00+00:00,1.087930,1.088810,1.087580,1.088560,1017.35
2024-02-15T05:00:00+00:00,1.088560,1.089300,1.087230,1.087250,1138.94
2024-02-15T06:00:00+00:00,1.087250,1.087880,1.086430,1.086630,817.20
2024-02-15T07:00:00+00:00,1.086630,1.086890,1.085890,1.085970,753.20
2024-02-15T08:00:00+00:00,1.085970,1.086550,1.085760,1.085810,712.13
2024-02-15T09:00:00+00:00,1.085810,1.086190,1.084620,1.085300,652.44
2024-02-15T10:00:00+00:00,1.085300,1.086230,1.084590,1.085500,867.45
2024-02-15T11:00:00+00:00,1.085500,1.085700,1.085130,1.085330,573.57
2024-02-15T12:00:00+00:00,1.085330,1.086650,1.085250,1.086310,1316.33
2024-02-15T13:00:00+00:00,1.086310,1.086320,1.084670,1.084890,1067.93
2024-02-15T14:00:00+00:00,1.084890,1.085410,1.083380,1.083590,1211.52
2024-02-15T15:00:00+00:00,1.083590,1.084760,1.083520,1.084410,1119.36
2024-02-15T16:00:00+00:00,1.084410,1.085730,1.083730,1.085240,1251.65
2024-02-15T17:00:00+00:00,1.085240,1.085400,1.084270,1.084690,803.49
2024-02-15T18:00:00+00:00,1.084690,1.085590,1.084290,1.084800,731.18
2024-02-15T19:00:00+00:00,1.084800,1.085520,1.084180,1.084590,578.82
2024-02-15T20:00:00+00:00,1.084590,1.084810,1.084180,1.084720,816.89
2024-02-15T21:00:00+00:00,1.084720,1.085100,1.084050,1.085040,960.91
2024-02-15T22:00:00+00:00,1.085040,1.086430,1.084770,1.086240,1083.55
2024-02-15T23:00:00+00:00,1.086240,1.087730,1.085360,1.087060,926.16
2024-02-16T00:00:00+00:00,1.087060,1.088490,1.086600,1.088000,885.16
2024-02-16T01:00:00+00:00,1.088000,1.088650,1.087120,1.087900,787.65
2024-02-16T02:00:00+00:00,1.087900,1.089260,1.087370,1.088740,797.83
2024-02-16T03:00:00+00:00,1.088740,1.090110,1.087880,1.090000,1098.80
2024-02-16T04:00:00+00:00,1.090000,1.092310,1.089940,1.091710,1363.51
2024-02-16T05:00:00+00:00,1.091710,1.092760,1.091230,1.092230,730.30
2024-02-16T06:00:00+00:00,1.092230,1.093710,1.092070,1.093090,881.15
2024-02-16T07:00:00+00:00,1.093090,1.093100,1.092020,1.092340,1150.56
2024-02-16T08:00:00+00:00,1.092340,1.092560,1.091480,1.092250,734.73
2024-02-16T09:00:00+00:00,1.092250,1.092730,1.091380,1.091970,837.54
2024-02-16T10:00:00+00:00,1.091970,1.092010,1.090720,1.091160,1087.88
2024-02-16T11:00:00+00:00,1.091160,1.092210,1.090770,1.091540,637.16
2024-02-16T12:00:00+00:00,1.091540,1.092000,1.091430,1.091760,650.34
2024-02-16T13:00:00+00:00,1.091760,1.092710,1.091060,1.092240,757.33
2024-02-16T14:00:00+00:00,1.092240,1.092500,1.092110,1.092450,564.19
2024-02-16T15:00:00+00:00,1.092450,1.094220,1.091740,1.094190,1237.85
2024-02-16T16:00:00+00:00,1.094190,1.094950,1.093550,1.094190,728.71
2024-02-16T17:00:00+00:00,1.094190,1.094810,1.094150,1.094360,653.36
2024-02-16T18:00:00+00:00,1.094360,1.095370,1.093950,1.095160,930.98
2024-02-16T19:00:00+00:00,1.095160,1.096430,1.094470,1.095980,833.76
2024-02-16T20:00:00+00:00,1.095980,1.096640,1.095880,1.096440,628.90
2024-02-16T21:00:00+00:00,1.096440,1.097260,1.096000,1.096790,635.11
2024-02-16T22:00:00+00:00,1.096790,1.098350,1.096120,1.097850,966.98
2024-02-16T23:00:00+00:00,1.097850,1.098330,1.096910,1.097820,687.74
2024-02-17T00:00:00+00:00,1.097820,1.099410,1.097780,1.098490,771.60
2024-02-17T01:00:00+00:00,1.098490,1.098910,1.097770,1.097840,1164.35
2024-02-17T02:00:00+00:00,1.097840,1.098280,1.097420,1.097870,715.59
2024-02-17T03:00:00+00:00,1.097870,1.099690,1.096970,1.099040,987.09
2024-02-17T04:00:00+00:00,1.099040,1.100100,1.098930,1.099280,714.90
2024-02-17T05:00:00+00:00,1.099280,1.099770,1.098800,1.099690,672.76
2024-02-17T06:00:00+00:00,1.099690,1.099860,1.099300,1.099530,863.35
2024-02-17T07:00:00+00:00,1.099530,1.100360,1.097930,1.098560,1183.66
2024-02-17T08:00:00+00:00,1.098560,1.099210,1.098480,1.099020,605.09
2024-02-17T09:00:00+00:00,1.099020,1.101000,1.098700,1.100800,1340.86
2024-02-17T10:00:00+00:00,1.100800,1.101530,1.100540,1.101090,684.34
2024-02-17T11:00:00+00:00,1.101090,1.101620,1.100660,1.101040,845.33
2024-02-17T12:00:00+00:00,1.101040,1.101120,1.100470,1.100740,911.31
2024-02-17T13:00:00+00:00,1.100740,1.101400,1.100470,1.101200,785.61
2024-02-17T14:00:00+00:00,1.101200,1.101590,1.100200,1.100850,897.73
2024-02-17T15:00:00+00:00,1.100850,1.102170,1.100330,1.101730,830.53
2024-02-17T16:00:00+00:00,1.101730,1.102350,1.101610,1.101870,714.77
2024-02-17T17:00:00+00:00,1.101870,1.102380,1.101690,1.102320,732.54
2024-02-17T18:00:00+00:00,1.102320,1.102710,1.102000,1.102570,616.55
2024-02-17T19:00:00+00:00,1.102570,1.102740,1.102110,1.102190,956.11
2024-02-17T20:00:00+00:00,1.102190,1.103320,1.101820,1.102850,806.03
2024-02-17T21:00:00+00:00,1.102850,1.103990,1.102740,1.103440,792.35
2024-02-17T22:00:00+00:00,1.103440,1.104260,1.102990,1.104240,883.31
2024-02-17T23:00:00+00:00,1.104240,1.105530,1.103740,1.104780,739.91
2024-02-18T00:00:00+00:00,1.104780,1.104880,1.102300,1.103400,1345.20
2024-02-18T01:00:00+00:00,1.103400,1.104880,1.103290,1.104200,872.96
2024-02-18T02:00:00+00:00,1.104200,1.106070,1.103300,1.105110,1009.12
2024-02-18T03:00:00+00:00,1.105110,1.105190,1.103030,1.103950,1384.23
2024-02-18T04:00:00+00:00,1.103950,1.104010,1.103060,1.103350,1113.75
2024-02-18T05:00:00+00:00,1.103350,1.103640,1.103270,1.103430,607.28
2024-02-18T06:00:00+00:00,1.103430,1.103510,1.103100,1.103370,711.95
2024-02-18T07:00:00+00:00,1.103370,1.104400,1.102510,1.104060,800.50
2024-02-18T08:00:00+00:00,1.104060,1.104990,1.103920,1.104970,909.75
2024-02-18T09:00:00+00:00,1.104970,1.106740,1.104450,1.106420,1193.36
2024-02-18T10:00:00+00:00,1.106420,1.106860,1.105440,1.105520,1094.09
2024-02-18T11:00:00+00:00,1.105520,1.106520,1.104870,1.106460,947.84
2024-02-18T12:00:00+00:00,1.106460,1.107600,1.105720,1.107310,955.04
2024-02-18T13:00:00+00:00,1.107310,1.107590,1.106970,1.107310,784.25
2024-02-18T14:00:00+00:00,1.107310,1.108710,1.107000,1.107950,816.50
2024-02-18T15:00:00+00:00,1.107950,1.108460,1.107460,1.107660,582.03
2024-02-18T16:00:00+00:00,1.107660,1.108480,1.106420,1.106730,848.73
2024-02-18T17:00:00+00:00,1.106730,1.107290,1.106440,1.106740,723.43
2024-02-18T18:00:00+00:00,1.106740,1.107460,1.105980,1.106900,846.56
2024-02-18T19:00:00+00:00,1.106900,1.107460,1.104910,1.105400,1279.76
2024-02-18T20:00:00+00:00,1.105400,1.105510,1.104540,1.104740,697.73
2024-02-18T21:00:00+00:00,1.104740,1.105690,1.103800,1.104870,774.77
2024-02-18T22:00:00+00:00,1.104870,1.105230,1.104650,1.105100,908.42
2024-02-18T23:00:00+00:00,1.105100,1.105430,1.103550,1.103820,1185.56
2024-02-19T00:00:00+00:00,1.103820,1.103950,1.103190,1.103280,798.86
2024-02-19T01:00:00+00:00,1.103280,1.103670,1.102380,1.102600,843.41
2024-02-19T02:00:00+00:00,1.102600,1.103320,1.101970,1.102860,835.62
2024-02-19T03:00:00+00:00,1.102860,1.102980,1.101810,1.102020,812.79
2024-02-19T04:00:00+00:00,1.102020,1.103040,1.101090,1.101090,871.18
2024-02-19T05:00:00+00:00,1.101090,1.101200,1.100870,1.101020,727.43
2024-02-19T06:00:00+00:00,1.101020,1.101580,1.100040,1.100580,757.86
2024-02-19T07:00:00+00:00,1.100580,1.100720,1.098630,1.098880,1247.75
2024-02-19T08:00:00+00:00,1.098880,1.099580,1.097470,1.097800,1046.32
2024-02-19T09:00:00+00:00,1.097800,1.098350,1.096060,1.096190,1319.20
2024-02-19T10:00:00+00:00,1.096190,1.096420,1.095950,1.096370,758.11
2024-02-19T11:00:00+00:00,1.096370,1.096430,1.095430,1.095680,757.42
2024-02-19T12:00:00+00:00,1.095680,1.096020,1.094730,1.095150,690.75
2024-02-19T13:00:00+00:00,1.095150,1.095720,1.094800,1.095560,899.74
2024-02-19T14:00:00+00:00,1.095560,1.095810,1.094010,1.094190,1229.87
2024-02-19T15:00:00+00:00,1.094190,1.095230,1.093950,1.095020,1245.27
2024-02-19T16:00:00+00:00,1.095020,1.096020,1.095000,1.095600,1021.10
2024-02-19T17:00:00+00:00,1.095600,1.095830,1.095530,1.095660,712.59
2024-02-19T18:00:00+00:00,1.095660,1.096030,1.095570,1.095750,702.66
2024-02-19T19:00:00+00:00,1.095750,1.096250,1.094630,1.095090,815.55
2024-02-19T20:00:00+00:00,1.095090,1.095420,1.094100,1.094620,676.37
2024-02-19T21:00:00+00:00,1.094620,1.095070,1.094450,1.094690,858.84
2024-02-19T22:00:00+00:00,1.094690,1.095570,1.093330,1.093800,888.45
2024-02-19T23:00:00+00:00,1.093800,1.094180,1.093750,1.094100,974.34
2024-02-20T00:00:00+00:00,1.094100,1.094770,1.093420,1.094470,1013.63
2024-02-20T01:00:00+00:00,1.094470,1.094830,1.092950,1.093350,1082.87
2024-02-20T02:00:00+00:00,1.093350,1.093780,1.091710,1.092200,1024.48
2024-02-20T03:00:00+00:00,1.092200,1.092370,1.091080,1.091110,1028.81
2024-02-20T04:00:00+00:00,1.091110,1.091580,1.090870,1.091280,854.23
2024-02-20T05:00:00+00:00,1.091280,1.091990,1.090940,1.091660,869.18
2024-02-20T06:00:00+00:00,1.091660,1.092180,1.090290,1.090880,921.25
2024-02-20T07:00:00+00:00,1.090880,1.091510,1.089840,1.090580,628.36
2024-02-20T08:00:00+00:00,1.090580,1.091300,1.089340,1.089410,1017.82
2024-02-20T09:00:00+00:00,1.089410,1.089830,1.088690,1.088860,656.58
2024-02-20T10:00:00+00:00,1.088860,1.089750,1.088480,1.089250,954.75
2024-02-20T11:00:00+00:00,1.089250,1.089770,1.088490,1.088680,701.36
2024-02-20T12:00:00+00:00,1.088680,1.089960,1.088570,1.089450,1055.42
2024-02-20T13:00:00+00:00,1.089450,1.090790,1.089290,1.090200,1082.96
2024-02-20T14:00:00+00:00,1.090200,1.091930,1.090130,1.091280,1377.96
2024-02-20T15:00:00+00:00,1.091280,1.092310,1.091030,1.092110,1234.24
2024-02-20T16:00:00+00:00,1.092110,1.092190,1.090640,1.091050,936.64
2024-02-20T17:00:00+00:00,1.091050,1.091180,1.090770,1.090840,539.94
2024-02-20T18:00:00+00:00,1.090840,1.090920,1.090470,1.090670,744.15
2024-02-20T19:00:00+00:00,1.090670,1.091200,1.090400,1.090830,842.68
2024-02-20T20:00:00+00:00,1.090830,1.090850,1.090000,1.090190,777.14
2024-02-20T21:00:00+00:00,1.090190,1.090350,1.089040,1.089480,874.71
2024-02-20T22:00:00+00:00,1.089480,1.089480,1.088710,1.089220,633.06
2024-02-20T23:00:00+00:00,1.089220,1.089360,1.087260,1.088160,1019.26
2024-02-21T00:00:00+00:00,1.088160,1.088460,1.087840,1.088080,627.71
2024-02-21T01:00:00+00:00,1.088080,1.088310,1.085940,1.086460,1322.54
2024-02-21T02:00:00+00:00,1.086460,1.087510,1.085940,1.086960,998.77
2024-02-21T03:00:00+00:00,1.086960,1.087600,1.086690,1.087550,1092.95
2024-02-21T04:00:00+00:00,1.087550,1.088000,1.087070,1.087430,734.03
2024-02-21T05:00:00+00:00,1.087430,1.087640,1.087180,1.087380,759.65
2024-02-21T06:00:00+00:00,1.087380,1.087930,1.084770,1.086020,1221.95
2024-02-21T07:00:00+00:00,1.086020,1.086500,1.085540,1.085840,583.42
2024-02-21T08:00:00+00:00,1.085840,1.086530,1.084220,1.084610,1077.46
2024-02-21T09:00:00+00:00,1.084610,1.085380,1.084170,1.084990,960.59
2024-02-21T10:00:00+00:00,1.084990,1.085720,1.084410,1.085200,819.47
2024-02-21T11:00:00+00:00,1.085200,1.085770,1.084860,1.085240,710.95
2024-02-21T12:00:00+00:00,1.085240,1.086230,1.082450,1.083330,1455.49
2024-02-21T13:00:00+00:00,1.083330,1.083680,1.082970,1.083290,805.44
2024-02-21T14:00:00+00:00,1.083290,1.083400,1.082350,1.082740,655.98
2024-02-21T15:00:00+00:00,1.082740,1.083130,1.081950,1.082160,701.44
2024-02-21T16:00:00+00:00,1.082160,1.082180,1.081400,1.081950,691.65
2024-02-21T17:00:00+00:00,1.081950,1.082540,1.079690,1.080650,1016.13
2024-02-21T18:00:00+00:00,1.080650,1.081050,1.080530,1.080820,899.34
2024-02-21T19:00:00+00:00,1.080820,1.081510,1.079220,1.079580,1134.29
2024-02-21T20:00:00+00:00,1.079580,1.080120,1.078390,1.079170,580.51
2024-02-21T21:00:00+00:00,1.079170,1.079500,1.078120,1.078280,845.42
2024-02-21T22:00:00+00:00,1.078280,1.078840,1.077590,1.077650,799.18
2024-02-21T23:00:00+00:00,1.077650,1.078240,1.077480,1.077540,592.26
2024-02-22T00:00:00+00:00,1.077540,1.077740,1.076590,1.077030,613.98
2024-02-22T01:00:00+00:00,1.077030,1.077300,1.076850,1.076860,652.01
2024-02-22T02:00:00+00:00,1.076860,1.079430,1.076270,1.078700,1762.28
2024-02-22T03:00:00+00:00,1.078700,1.079040,1.077920,1.078000,804.55
2024-02-22T04:00:00+00:00,1.078000,1.078370,1.077510,1.077750,640.39
2024-02-22T05:00:00+00:00,1.077750,1.078330,1.076750,1.077370,671.51
2024-02-22T06:00:00+00:00,1.077370,1.078660,1.077180,1.077980,976.93
2024-02-22T07:00:00+00:00,1.077980,1.078900,1.075800,1.076590,1068.87
2024-02-22T08:00:00+00:00,1.076590,1.076880,1.075230,1.075700,921.08
2024-02-22T09:00:00+00:00,1.075700,1.076600,1.075640,1.076140,1033.75
2024-02-22T10:00:00+00:00,1.076140,1.079010,1.076130,1.078140,1821.18
2024-02-22T11:00:00+00:00,1.078140,1.078240,1.077120,1.077280,908.34
2024-02-22T12:00:00+00:00,1.077280,1.078590,1.077160,1.077970,1088.71
2024-02-22T13:00:00+00:00,1.077970,1.078750,1.077420,1.078370,937.61
2024-02-22T14:00:00+00:00,1.078370,1.078760,1.077000,1.077410,1009.90
2024-02-22T15:00:00+00:00,1.077410,1.077710,1.077180,1.077400,712.83
2024-02-22T16:00:00+00:00,1.077400,1.077530,1.076960,1.077180,544.64
2024-02-22T17:00:00+00:00,1.077180,1.077540,1.075560,1.076260,1003.23
2024-02-22T18:00:00+00:00,1.076260,1.078020,1.075870,1.077370,1384.48
2024-02-22T19:00:00+00:00,1.077370,1.077740,1.075370,1.075990,1240.74
2024-02-22T20:00:00+00:00,1.075990,1.076830,1.074810,1.075180,851.15
2024-02-22T21:00:00+00:00,1.075180,1.075600,1.073480,1.073590,1298.98
2024-02-22T22:00:00+00:00,1.073590,1.074120,1.072250,1.072600,928.69
2024-02-22T23:00:00+00:00,1.072600,1.073280,1.072280,1.072790,902.21
2024-02-23T00:00:00+00:00,1.072790,1.073280,1.070870,1.071510,1038.31
2024-02-23T01:00:00+00:00,1.071510,1.071590,1.070780,1.071110,743.28
2024-02-23T02:00:00+00:00,1.071110,1.071980,1.068890,1.069780,1055.83
2024-02-23T03:00:00+00:00,1.069780,1.071320,1.069330,1.070670,1241.03
2024-02-23T04:00:00+00:00,1.070670,1.071030,1.070400,1.070590,757.01
2024-02-23T05:00:00+00:00,1.070590,1.070640,1.069940,1.070420,704.80
2024-02-23T06:00:00+00:00,1.070420,1.070790,1.069920,1.070210,546.90
2024-02-23T07:00:00+00:00,1.070210,1.070540,1.069390,1.069720,760.85
2024-02-23T08:00:00+00:00,1.069720,1.070380,1.068620,1.069180,803.72
2024-02-23T09:00:00+00:00,1.069180,1.069220,1.068020,1.068350,815.93
2024-02-23T10:00:00+00:00,1.068350,1.068780,1.067760,1.068570,859.61
2024-02-23T11:00:00+00:00,1.068570,1.070430,1.067940,1.069370,1191.73
2024-02-23T12:00:00+00:00,1.069370,1.070290,1.069160,1.069640,952.57
2024-02-23T13:00:00+00:00,1.069640,1.070010,1.068270,1.068350,1026.67
2024-02-23T14:00:00+00:00,1.068350,1.069680,1.068300,1.069000,975.82
2024-02-23T15:00:00+00:00,1.069000,1.069930,1.068820,1.069770,1029.53
2024-02-23T16:00:00+00:00,1.069770,1.069770,1.068610,1.068920,915.56
2024-02-23T17:00:00+00:00,1.068920,1.069170,1.067750,1.068000,878.42
2024-02-23T18:00:00+00:00,1.068000,1.068250,1.066890,1.067430,750.20
2024-02-23T19:00:00+00:00,1.067430,1.069460,1.067160,1.069160,1674.56
2024-02-23T20:00:00+00:00,1.069160,1.069380,1.068550,1.068740,650.79
2024-02-23T21:00:00+00:00,1.068740,1.069110,1.067370,1.067730,1001.74
2024-02-23T22:00:00+00:00,1.067730,1.068630,1.066930,1.067890,825.06
2024-02-23T23:00:00+00:00,1.067890,1.068050,1.067310,1.067500,683.61
2024-02-24T00:00:00+00:00,1.067500,1.068420,1.067460,1.067550,815.87
2024-02-24T01:00:00+00:00,1.067550,1.068000,1.066630,1.066830,891.21
2024-02-24T02:00:00+00:00,1.066830,1.066910,1.065270,1.066110,813.82
2024-02-24T03:00:00+00:00,1.066110,1.066300,1.063650,1.063750,1661.61
2024-02-24T04:00:00+00:00,1.063750,1.064160,1.062470,1.062530,1162.95
2024-02-24T05:00:00+00:00,1.062530,1.062940,1.061440,1.061690,916.75
2024-02-24T06:00:00+00:00,1.061690,1.061870,1.060890,1.060920,824.74
2024-02-24T07:00:00+00:00,1.060920,1.061840,1.060760,1.061710,1211.22
2024-02-24T08:00:00+00:00,1.061710,1.061840,1.060160,1.060910,867.34
2024-02-24T09:00:00+00:00,1.060910,1.061110,1.060230,1.060250,706.27
2024-02-24T10:00:00+00:00,1.060250,1.060420,1.060150,1.060310,824.32
2024-02-24T11:00:00+00:00,1.060310,1.061700,1.060120,1.061230,1257.14
2024-02-24T12:00:00+00:00,1.061230,1.062250,1.060910,1.061900,1090.67
2024-02-24T13:00:00+00:00,1.061900,1.061920,1.060440,1.060950,1022.30
2024-02-24T14:00:00+00:00,1.060950,1.062030,1.060720,1.061380,940.86
2024-02-24T15:00:00+00:00,1.061380,1.061920,1.059270,1.059830,1175.02
2024-02-24T16:00:00+00:00,1.059830,1.060520,1.057180,1.057800,1480.00
2024-02-24T17:00:00+00:00,1.057800,1.058060,1.057020,1.057370,581.59
2024-02-24T18:00:00+00:00,1.057370,1.057660,1.056540,1.056820,723.98
2024-02-24T19:00:00+00:00,1.056820,1.057660,1.056120,1.057120,973.54
2024-02-24T20:00:00+00:00,1.057120,1.057800,1.056820,1.057710,1021.30
2024-02-24T21:00:00+00:00,1.057710,1.058110,1.057370,1.057830,847.23
2024-02-24T22:00:00+00:00,1.057830,1.058040,1.057450,1.057540,688.70
2024-02-24T23:00:00+00:00,1.057540,1.059190,1.056790,1.058440,1118.12
2024-02-25T00:00:00+00:00,1.058440,1.058850,1.057790,1.058230,635.12
2024-02-25T01:00:00+00:00,1.058230,1.058740,1.057720,1.058220,708.76
2024-02-25T02:00:00+00:00,1.058220,1.058520,1.057880,1.058470,805.81
2024-02-25T03:00:00+00:00,1.058470,1.058530,1.057730,1.058190,512.32
2024-02-25T04:00:00+00:00,1.058190,1.059010,1.056940,1.057430,765.88
2024-02-25T05:00:00+00:00,1.057430,1.057570,1.057060,1.057230,546.24
2024-02-25T06:00:00+00:00,1.057230,1.058270,1.057070,1.058090,1162.23
2024-02-25T07:00:00+00:00,1.058090,1.058610,1.057930,1.058400,878.63
2024-02-25T08:00:00+00:00,1.058400,1.058820,1.057070,1.057810,715.09
2024-02-25T09:00:00+00:00,1.057810,1.057840,1.056800,1.057580,673.93
2024-02-25T10:00:00+00:00,1.057580,1.057620,1.056860,1.056900,806.37
2024-02-25T11:00:00+00:00,1.056900,1.057820,1.056800,1.057670,1089.78
2024-02-25T12:00:00+00:00,1.057670,1.058260,1.056870,1.057340,603.54
2024-02-25T13:00:00+00:00,1.057340,1.057550,1.057080,1.057310,772.47
2024-02-25T14:00:00+00:00,1.057310,1.059200,1.057270,1.058450,1235.89
2024-02-25T15:00:00+00:00,1.058450,1.059370,1.056110,1.057150,1191.79
2024-02-25T16:00:00+00:00,1.057150,1.057340,1.055720,1.055860,1098.25
2024-02-25T17:00:00+00:00,1.055860,1.055960,1.054870,1.055080,748.69
2024-02-25T18:00:00+00:00,1.055080,1.055780,1.053910,1.054130,979.89
2024-02-25T19:00:00+00:00,1.054130,1.055010,1.052030,1.052770,1065.68
2024-02-25T20:00:00+00:00,1.052770,1.053100,1.051980,1.052540,609.13
2024-02-25T21:00:00+00:00,1.052540,1.053160,1.049920,1.050850,1295.17
2024-02-25T22:00:00+00:00,1.050850,1.051250,1.048590,1.049530,1141.46
2024-02-25T23:00:00+00:00,1.049530,1.049930,1.049100,1.049820,916.70
2024-02-26T00:00:00+00:00,1.049820,1.050160,1.049480,1.050130,937.88
2024-02-26T01:00:00+00:00,1.050130,1.050550,1.048490,1.048550,1234.88
2024-02-26T02:00:00+00:00,1.048550,1.049270,1.048350,1.048610,800.15
2024-02-26T03:00:00+00:00,1.048610,1.048900,1.047530,1.047600,1008.25
2024-02-26T04:00:00+00:00,1.047600,1.047690,1.046630,1.046780,889.48
2024-02-26T05:00:00+00:00,1.046780,1.046830,1.045720,1.045750,970.26
2024-02-26T06:00:00+00:00,1.045750,1.046300,1.044900,1.045150,856.96
2024-02-26T07:00:00+00:00,1.045150,1.045640,1.043720,1.044170,1274.63
2024-02-26T08:00:00+00:00,1.044170,1.045110,1.042970,1.043560,1016.69
2024-02-26T09:00:00+00:00,1.043560,1.044310,1.043310,1.044250,749.14
2024-02-26T10:00:00+00:00,1.044250,1.044550,1.043640,1.044070,856.29
2024-02-26T11:00:00+00:00,1.044070,1.045360,1.043550,1.044800,834.53
2024-02-26T12:00:00+00:00,1.044800,1.046570,1.044310,1.046370,1229.06
2024-02-26T13:00:00+00:00,1.046370,1.047210,1.045060,1.045790,1117.52
2024-02-26T14:00:00+00:00,1.045790,1.046620,1.044720,1.044980,1196.29
2024-02-26T15:00:00+00:00,1.044980,1.045940,1.044490,1.045670,895.35
2024-02-26T16:00:00+00:00,1.045670,1.046810,1.045630,1.046540,837.19
2024-02-26T17:00:00+00:00,1.046540,1.047700,1.045810,1.047450,852.40
2024-02-26T18:00:00+00:00,1.047450,1.047910,1.046880,1.047630,660.89
2024-02-26T19:00:00+00:00,1.047630,1.048150,1.046750,1.046880,1020.55
2024-02-26T20:00:00+00:00,1.046880,1.047050,1.046560,1.046710,818.20
2024-02-26T21:00:00+00:00,1.046710,1.047360,1.046130,1.046920,601.77
2024-02-26T22:00:00+00:00,1.046920,1.047630,1.045770,1.046250,1054.51
2024-02-26T23:00:00+00:00,1.046250,1.047360,1.045900,1.047010,899.44
2024-02-27T00:00:00+00:00,1.047010,1.047540,1.046520,1.047510,689.54
2024-02-27T01:00:00+00:00,1.047510,1.047790,1.046750,1.046940,1104.81
2024-02-27T02:00:00+00:00,1.046940,1.047620,1.046660,1.046710,787.96
2024-02-27T03:00:00+00:00,1.046710,1.048090,1.046270,1.047490,894.84
2024-02-27T04:00:00+00:00,1.047490,1.048480,1.047250,1.047810,678.51
2024-02-27T05:00:00+00:00,1.047810,1.049820,1.047600,1.049330,1250.29
2024-02-27T06:00:00+00:00,1.049330,1.049970,1.049170,1.049580,590.08
2024-02-27T07:00:00+00:00,1.049580,1.050320,1.046960,1.047420,1732.46
2024-02-27T08:00:00+00:00,1.047420,1.047780,1.047070,1.047340,712.53
2024-02-27T09:00:00+00:00,1.047340,1.047410,1.047160,1.047250,738.43
2024-02-27T10:00:00+00:00,1.047250,1.047820,1.045980,1.046460,1233.74
2024-02-27T11:00:00+00:00,1.046460,1.047220,1.045850,1.046730,663.64
2024-02-27T12:00:00+00:00,1.046730,1.049200,1.046160,1.049150,1627.38
2024-02-27T13:00:00+00:00,1.049150,1.049680,1.048140,1.048370,1117.90
2024-02-27T14:00:00+00:00,1.048370,1.049270,1.047650,1.048560,701.68
2024-02-27T15:00:00+00:00,1.048560,1.049450,1.048560,1.049440,838.48
2024-02-27T16:00:00+00:00,1.049440,1.050080,1.049140,1.049260,840.84
2024-02-27T17:00:00+00:00,1.049260,1.049710,1.049010,1.049620,675.24
2024-02-27T18:00:00+00:00,1.049620,1.050150,1.049120,1.049230,883.72
2024-02-27T19:00:00+00:00,1.049230,1.050140,1.048690,1.050020,892.98
2024-02-27T20:00:00+00:00,1.050020,1.050930,1.049640,1.050850,834.61
2024-02-27T21:00:00+00:00,1.050850,1.052150,1.050110,1.051360,660.42
2024-02-27T22:00:00+00:00,1.051360,1.052180,1.050800,1.051880,625.65
2024-02-27T23:00:00+00:00,1.051880,1.052170,1.050730,1.050750,1298.10
2024-02-28T00:00:00+00:00,1.050750,1.052160,1.050150,1.051950,1004.34
2024-02-28T01:00:00+00:00,1.051950,1.053700,1.051670,1.053460,1282.13
2024-02-28T02:00:00+00:00,1.053460,1.053820,1.052560,1.052820,1027.77
2024-02-28T03:00:00+00:00,1.052820,1.053430,1.052180,1.052490,1000.62
2024-02-28T04:00:00+00:00,1.052490,1.053680,1.052110,1.053550,977.36
2024-02-28T05:00:00+00:00,1.053550,1.053720,1.053140,1.053420,842.77
2024-02-28T06:00:00+00:00,1.053420,1.053710,1.052340,1.053200,831.39
2024-02-28T07:00:00+00:00,1.053200,1.053540,1.051930,1.052190,1215.50
2024-02-28T08:00:00+00:00,1.052190,1.054200,1.051900,1.053910,1265.64
2024-02-28T09:00:00+00:00,1.053910,1.056370,1.053560,1.055720,1401.94
2024-02-28T10:00:00+00:00,1.055720,1.055940,1.054750,1.055050,979.50
2024-02-28T11:00:00+00:00,1.055050,1.056040,1.054330,1.055820,857.14
2024-02-28T12:00:00+00:00,1.055820,1.055880,1.054460,1.054920,1178.45
2024-02-28T13:00:00+00:00,1.054920,1.055700,1.054520,1.054540,920.85
2024-02-28T14:00:00+00:00,1.054540,1.054930,1.053770,1.054280,803.49
2024-02-28T15:00:00+00:00,1.054280,1.054530,1.053930,1.054330,679.00
2024-02-28T16:00:00+00:00,1.054330,1.054890,1.053590,1.054520,605.71
2024-02-28T17:00:00+00:00,1.054520,1.054640,1.054030,1.054620,658.79
2024-02-28T18:00:00+00:00,1.054620,1.054920,1.054220,1.054820,621.12
2024-02-28T19:00:00+00:00,1.054820,1.055460,1.054690,1.055070,594.33
2024-02-28T20:00:00+00:00,1.055070,1.055550,1.054910,1.055370,630.69
2024-02-28T21:00:00+00:00,1.055370,1.055460,1.055030,1.055450,678.32
2024-02-28T22:00:00+00:00,1.055450,1.056480,1.055230,1.056100,838.48
2024-02-28T23:00:00+00:00,1.056100,1.056360,1.055100,1.055640,1012.81
2024-02-29T00:00:00+00:00,1.055640,1.057450,1.055040,1.056890,1097.86
2024-02-29T01:00:00+00:00,1.056890,1.059300,1.056230,1.058540,1351.60
2024-02-29T02:00:00+00:00,1.058540,1.059290,1.058370,1.058620,741.75
2024-02-29T03:00:00+00:00,1.058620,1.060160,1.057620,1.059890,1058.27
2024-02-29T04:00:00+00:00,1.059890,1.060610,1.058250,1.058560,1459.36
2024-02-29T05:00:00+00:00,1.058560,1.060110,1.058100,1.059770,1066.22
2024-02-29T06:00:00+00:00,1.059770,1.060160,1.059580,1.059830,797.47
2024-02-29T07:00:00+00:00,1.059830,1.061520,1.059180,1.060950,966.16
2024-02-29T08:00:00+00:00,1.060950,1.061410,1.060420,1.060730,795.08
2024-02-29T09:00:00+00:00,1.060730,1.061740,1.059900,1.060350,1029.42
2024-02-29T10:00:00+00:00,1.060350,1.060930,1.060080,1.060760,702.64
2024-02-29T11:00:00+00:00,1.060760,1.060930,1.060090,1.060480,862.42
2024-02-29T12:00:00+00:00,1.060480,1.060730,1.059650,1.059870,1039.48
2024-02-29T13:00:00+00:00,1.059870,1.061670,1.059730,1.060770,927.79
2024-02-29T14:00:00+00:00,1.060770,1.062150,1.060220,1.061560,900.15
2024-02-29T15:00:00+00:00,1.061560,1.061800,1.060580,1.060970,1041.14
2024-02-29T16:00:00+00:00,1.060970,1.063230,1.060510,1.062610,1348.39
2024-02-29T17:00:00+00:00,1.062610,1.063250,1.062230,1.062990,624.05
2024-02-29T18:00:00+00:00,1.062990,1.064800,1.062320,1.064460,1151.87
2024-02-29T19:00:00+00:00,1.064460,1.065430,1.064380,1.065290,886.00
2024-02-29T20:00:00+00:00,1.065290,1.066060,1.064960,1.065850,820.78
2024-02-29T21:00:00+00:00,1.065850,1.067200,1.065120,1.066560,816.51
2024-02-29T22:00:00+00:00,1.066560,1.067490,1.066460,1.066750,713.55
2024-02-29T23:00:00+00:00,1.066750,1.067690,1.066280,1.067120,603.24
2024-03-01T00:00:00+00:00,1.067120,1.067970,1.066970,1.067620,753.26
2024-03-01T01:00:00+00:00,1.067620,1.068320,1.067450,1.067940,550.79
2024-03-01T02:00:00+00:00,1.067940,1.068700,1.067440,1.067870,779.37
2024-03-01T03:00:00+00:00,1.067870,1.068180,1.067800,1.068050,567.58
2024-03-01T04:00:00+00:00,1.068050,1.068430,1.067800,1.068280,722.19
2024-03-01T05:00:00+00:00,1.068280,1.071070,1.067650,1.070140,1380.32
2024-03-01T06:00:00+00:00,1.070140,1.070750,1.069640,1.070600,613.65
2024-03-01T07:00:00+00:00,1.070600,1.072210,1.070460,1.071840,1044.91
2024-03-01T08:00:00+00:00,1.071840,1.072240,1.071740,1.072020,667.43
2024-03-01T09:00:00+00:00,1.072020,1.072750,1.071800,1.072640,844.43
2024-03-01T10:00:00+00:00,1.072640,1.072730,1.070690,1.071530,1259.50
2024-03-01T11:00:00+00:00,1.071530,1.071900,1.071070,1.071300,911.49
2024-03-01T12:00:00+00:00,1.071300,1.071620,1.070550,1.071480,690.65
2024-03-01T13:00:00+00:00,1.071480,1.072850,1.070970,1.072720,1007.63
2024-03-01T14:00:00+00:00,1.072720,1.072980,1.072230,1.072720,643.95
2024-03-01T15:00:00+00:00,1.072720,1.074040,1.072470,1.073630,932.19
2024-03-01T16:00:00+00:00,1.073630,1.075310,1.073400,1.074930,1063.82
2024-03-01T17:00:00+00:00,1.074930,1.074930,1.074370,1.074890,795.53
2024-03-01T18:00:00+00:00,1.074890,1.076250,1.074470,1.075990,937.21
2024-03-01T19:00:00+00:00,1.075990,1.076070,1.075980,1.075990,789.43
2024-03-01T20:00:00+00:00,1.075990,1.076130,1.075440,1.075800,739.50
2024-03-01T21:00:00+00:00,1.075800,1.075820,1.075230,1.075290,1005.05
2024-03-01T22:00:00+00:00,1.075290,1.078230,1.074240,1.077950,1739.49
2024-03-01T23:00:00+00:00,1.077950,1.079340,1.077510,1.078680,800.84
2024-03-02T00:00:00+00:00,1.078680,1.080820,1.077660,1.079790,1034.18
2024-03-02T01:00:00+00:00,1.079790,1.080840,1.079400,1.080430,879.97
2024-03-02T02:00:00+00:00,1.080430,1.080940,1.080010,1.080170,959.39
2024-03-02T03:00:00+00:00,1.080170,1.080560,1.079600,1.079630,988.13
2024-03-02T04:00:00+00:00,1.079630,1.080020,1.078730,1.079270,860.45
2024-03-02T05:00:00+00:00,1.079270,1.080890,1.078830,1.080630,1130.69
2024-03-02T06:00:00+00:00,1.080630,1.081950,1.080390,1.081390,822.85
2024-03-02T07:00:00+00:00,1.081390,1.083240,1.081240,1.082810,1068.23
2024-03-02T08:00:00+00:00,1.082810,1.083240,1.082640,1.083080,657.91
2024-03-02T09:00:00+00:00,1.083080,1.084130,1.082670,1.083890,1003.31
2024-03-02T10:00:00+00:00,1.083890,1.084440,1.083570,1.084400,844.72
2024-03-02T11:00:00+00:00,1.084400,1.085330,1.084360,1.084840,910.18
2024-03-02T12:00:00+00:00,1.084840,1.085490,1.084560,1.085480,974.63
2024-03-02T13:00:00+00:00,1.085480,1.085810,1.084210,1.084900,933.25
2024-03-02T14:00:00+00:00,1.084900,1.085890,1.084430,1.085640,1053.03
2024-03-02T15:00:00+00:00,1.085640,1.085940,1.085230,1.085340,779.74
2024-03-02T16:00:00+00:00,1.085340,1.087020,1.084560,1.086430,1047.67
2024-03-02T17:00:00+00:00,1.086430,1.086440,1.085280,1.085730,964.17
2024-03-02T18:00:00+00:00,1.085730,1.086150,1.085550,1.085640,613.20
2024-03-02T19:00:00+00:00,1.085640,1.085930,1.084960,1.085200,878.53
2024-03-02T20:00:00+00:00,1.085200,1.085400,1.081150,1.082050,2198.01
2024-03-02T21:00:00+00:00,1.082050,1.082230,1.082000,1.082010,521.08
2024-03-02T22:00:00+00:00,1.082010,1.082320,1.081760,1.081870,627.41
2024-03-02T23:00:00+00:00,1.081870,1.083700,1.081390,1.082830,1049.71
2024-03-03T00:00:00+00:00,1.082830,1.083410,1.082540,1.083000,766.49
2024-03-03T01:00:00+00:00,1.083000,1.083150,1.081590,1.082390,958.29
2024-03-03T02:00:00+00:00,1.082390,1.083400,1.081920,1.083250,1079.46
2024-03-03T03:00:00+00:00,1.083250,1.083650,1.082380,1.082860,823.10
2024-03-03T04:00:00+00:00,1.082860,1.083270,1.079810,1.080660,1769.86
2024-03-03T05:00:00+00:00,1.080660,1.081300,1.080590,1.081000,807.64
2024-03-03T06:00:00+00:00,1.081000,1.082210,1.080590,1.081600,827.16
2024-03-03T07:00:00+00:00,1.081600,1.081930,1.079080,1.079900,1358.83
2024-03-03T08:00:00+00:00,1.079900,1.080730,1.079400,1.080080,631.70
2024-03-03T09:00:00+00:00,1.080080,1.080360,1.079630,1.079740,728.70
2024-03-03T10:00:00+00:00,1.079740,1.080430,1.078990,1.079880,650.71
2024-03-03T11:00:00+00:00,1.079880,1.080000,1.079540,1.079760,571.27
2024-03-03T12:00:00+00:00,1.079760,1.079960,1.079160,1.079410,864.32
2024-03-03T13:00:00+00:00,1.079410,1.079560,1.079120,1.079360,712.12
2024-03-03T14:00:00+00:00,1.079360,1.079530,1.079220,1.079300,708.69
2024-03-03T15:00:00+00:00,1.079300,1.080730,1.079140,1.080150,1045.18
2024-03-03T16:00:00+00:00,1.080150,1.081490,1.080050,1.080990,1097.11
2024-03-03T17:00:00+00:00,1.080990,1.081070,1.079110,1.079810,1254.08
2024-03-03T18:00:00+00:00,1.079810,1.079900,1.079400,1.079830,573.58
2024-03-03T19:00:00+00:00,1.079830,1.080620,1.079340,1.079420,817.30
2024-03-03T20:00:00+00:00,1.079420,1.081140,1.078610,1.080360,1104.53
2024-03-03T21:00:00+00:00,1.080360,1.081130,1.079680,1.081110,968.60
2024-03-03T22:00:00+00:00,1.081110,1.081760,1.079200,1.079840,1188.58
2024-03-03T23:00:00+00:00,1.079840,1.081230,1.079540,1.080780,1140.04
2024-03-04T00:00:00+00:00,1.080780,1.081500,1.080750,1.081290,792.09
2024-03-04T01:00:00+00:00,1.081290,1.081750,1.080780,1.081110,723.75
2024-03-04T02:00:00+00:00,1.081110,1.081120,1.079130,1.080110,1100.13
2024-03-04T03:00:00+00:00,1.080110,1.081790,1.079030,1.081100,1059.14
2024-03-04T04:00:00+00:00,1.081100,1.081550,1.080270,1.080650,847.42
2024-03-04T05:00:00+00:00,1.080650,1.082460,1.080340,1.081860,1241.36
2024-03-04T06:00:00+00:00,1.081860,1.083070,1.081340,1.082540,1015.14
2024-03-04T07:00:00+00:00,1.082540,1.083200,1.081270,1.081450,1158.15
2024-03-04T08:00:00+00:00,1.081450,1.082530,1.081300,1.082380,1023.43
2024-03-04T09:00:00+00:00,1.082380,1.083590,1.081640,1.083280,997.92
2024-03-04T10:00:00+00:00,1.083280,1.083480,1.082500,1.082980,811.43
2024-03-04T11:00:00+00:00,1.082980,1.083870,1.082720,1.083640,917.65
2024-03-04T12:00:00+00:00,1.083640,1.083710,1.082780,1.083070,920.15
2024-03-04T13:00:00+00:00,1.083070,1.083300,1.082080,1.082380,987.05
2024-03-04T14:00:00+00:00,1.082380,1.082760,1.081450,1.081670,896.33
2024-03-04T15:00:00+00:00,1.081670,1.082340,1.080390,1.080630,1096.03
2024-03-04T16:00:00+00:00,1.080630,1.081420,1.080050,1.081270,946.12
2024-03-04T17:00:00+00:00,1.081270,1.081570,1.079900,1.080360,1053.98
2024-03-04T18:00:00+00:00,1.080360,1.080830,1.079540,1.079570,933.09
2024-03-04T19:00:00+00:00,1.079570,1.080180,1.079190,1.079760,619.68
2024-03-04T20:00:00+00:00,1.079760,1.080940,1.079510,1.080520,774.91
2024-03-04T21:00:00+00:00,1.080520,1.081450,1.080090,1.080700,728.69
2024-03-04T22:00:00+00:00,1.080700,1.080980,1.079900,1.080300,850.77
2024-03-04T23:00:00+00:00,1.080300,1.080600,1.078890,1.079320,1309.79
2024-03-05T00:00:00+00:00,1.079320,1.079560,1.078780,1.079010,977.04
2024-03-05T01:00:00+00:00,1.079010,1.080410,1.078380,1.080330,1018.04
2024-03-05T02:00:00+00:00,1.080330,1.080760,1.080090,1.080200,881.56
2024-03-05T03:00:00+00:00,1.080200,1.080800,1.080100,1.080780,653.09
2024-03-05T04:00:00+00:00,1.080780,1.080790,1.080450,1.080660,846.86
2024-03-05T05:00:00+00:00,1.080660,1.081290,1.080650,1.080870,705.31
2024-03-05T06:00:00+00:00,1.080870,1.082470,1.080600,1.081920,994.07
2024-03-05T07:00:00+00:00,1.081920,1.082230,1.081840,1.082100,587.66
2024-03-05T08:00:00+00:00,1.082100,1.083660,1.081790,1.082990,948.99
2024-03-05T09:00:00+00:00,1.082990,1.083090,1.082810,1.082830,722.79
2024-03-05T10:00:00+00:00,1.082830,1.084370,1.082560,1.083620,877.33
2024-03-05T11:00:00+00:00,1.083620,1.085090,1.082790,1.084500,850.43
2024-03-05T12:00:00+00:00,1.084500,1.085220,1.084500,1.085160,856.21
2024-03-05T13:00:00+00:00,1.085160,1.086370,1.085120,1.086120,839.04
2024-03-05T14:00:00+00:00,1.086120,1.086520,1.085300,1.085820,798.87
2024-03-05T15:00:00+00:00,1.085820,1.086140,1.085690,1.085940,680.59
2024-03-05T16:00:00+00:00,1.085940,1.086400,1.083870,1.084800,1396.90
2024-03-05T17:00:00+00:00,1.084800,1.085500,1.084330,1.084740,684.44
2024-03-05T18:00:00+00:00,1.084740,1.085220,1.083080,1.083860,1117.80
2024-03-05T19:00:00+00:00,1.083860,1.084160,1.082920,1.083410,1057.58
2024-03-05T20:00:00+00:00,1.083410,1.086270,1.083020,1.085670,1676.02
2024-03-05T21:00:00+00:00,1.085670,1.086820,1.085110,1.086600,886.84
2024-03-05T22:00:00+00:00,1.086600,1.086920,1.086400,1.086540,767.92
2024-03-05T23:00:00+00:00,1.086540,1.087650,1.084030,1.084990,1538.66
2024-03-06T00:00:00+00:00,1.084990,1.085520,1.084690,1.085470,616.44
2024-03-06T01:00:00+00:00,1.085470,1.086310,1.084660,1.085660,608.98
2024-03-06T02:00:00+00:00,1.085660,1.086190,1.085480,1.085950,572.56
2024-03-06T03:00:00+00:00,1.085950,1.086350,1.085500,1.085710,803.66
2024-03-06T04:00:00+00:00,1.085710,1.086320,1.085090,1.085850,766.72
2024-03-06T05:00:00+00:00,1.085850,1.087110,1.085060,1.086490,822.16
2024-03-06T06:00:00+00:00,1.086490,1.086540,1.085850,1.086280,847.95
2024-03-06T07:00:00+00:00,1.086280,1.086460,1.085780,1.085830,1064.34
2024-03-06T08:00:00+00:00,1.085830,1.086740,1.085560,1.086300,640.18
2024-03-06T09:00:00+00:00,1.086300,1.087030,1.085560,1.085980,862.85
2024-03-06T10:00:00+00:00,1.085980,1.088490,1.084740,1.087290,1097.49
2024-03-06T11:00:00+00:00,1.087290,1.088430,1.086860,1.087880,732.90
2024-03-06T12:00:00+00:00,1.087880,1.088340,1.087380,1.087770,878.60
2024-03-06T13:00:00+00:00,1.087770,1.087930,1.087670,1.087920,623.71
2024-03-06T14:00:00+00:00,1.087920,1.088380,1.085610,1.086430,1448.93
2024-03-06T15:00:00+00:00,1.086430,1.087000,1.085940,1.086020,848.88
2024-03-06T16:00:00+00:00,1.086020,1.086480,1.085730,1.086380,714.12
2024-03-06T17:00:00+00:00,1.086380,1.087970,1.085960,1.087410,1072.03
2024-03-06T18:00:00+00:00,1.087410,1.087860,1.086840,1.087580,693.74
2024-03-06T19:00:00+00:00,1.087580,1.087940,1.086390,1.086880,1164.93
2024-03-06T20:00:00+00:00,1.086880,1.086940,1.086200,1.086830,849.68
2024-03-06T21:00:00+00:00,1.086830,1.088340,1.086630,1.087430,832.71
2024-03-06T22:00:00+00:00,1.087430,1.088270,1.087380,1.088130,811.99
2024-03-06T23:00:00+00:00,1.088130,1.089230,1.087970,1.088640,739.64
2024-03-07T00:00:00+00:00,1.088640,1.088920,1.087970,1.088160,1021.94
2024-03-07T01:00:00+00:00,1.088160,1.088410,1.087730,1.088120,666.15
2024-03-07T02:00:00+00:00,1.088120,1.088690,1.088090,1.088690,673.21
2024-03-07T03:00:00+00:00,1.088690,1.091000,1.088280,1.090010,1135.56
2024-03-07T04:00:00+00:00,1.090010,1.090730,1.089330,1.089610,980.22
2024-03-07T05:00:00+00:00,1.089610,1.091330,1.089170,1.090720,1090.53
2024-03-07T06:00:00+00:00,1.090720,1.092380,1.090700,1.092210,1189.29
2024-03-07T07:00:00+00:00,1.092210,1.094230,1.092070,1.094100,1308.69
2024-03-07T08:00:00+00:00,1.094100,1.096110,1.093850,1.095260,1083.05
2024-03-07T09:00:00+00:00,1.095260,1.097560,1.095200,1.097320,1484.85
2024-03-07T10:00:00+00:00,1.097320,1.098640,1.096860,1.098300,928.16
2024-03-07T11:00:00+00:00,1.098300,1.098420,1.097960,1.098260,770.61
2024-03-07T12:00:00+00:00,1.098260,1.100000,1.097860,1.099280,885.67
2024-03-07T13:00:00+00:00,1.099280,1.099280,1.098640,1.098940,907.74
2024-03-07T14:00:00+00:00,1.098940,1.099970,1.098490,1.099850,941.40
2024-03-07T15:00:00+00:00,1.099850,1.100550,1.099770,1.100190,619.79
2024-03-07T16:00:00+00:00,1.100190,1.100270,1.099500,1.100140,864.40
2024-03-07T17:00:00+00:00,1.100140,1.100930,1.099780,1.100750,796.75
2024-03-07T18:00:00+00:00,1.100750,1.101690,1.100570,1.101440,738.49
2024-03-07T19:00:00+00:00,1.101440,1.101610,1.099320,1.100080,1409.97
2024-03-07T20:00:00+00:00,1.100080,1.102370,1.099170,1.101200,990.52
2024-03-07T21:00:00+00:00,1.101200,1.102530,1.100910,1.102030,798.66
2024-03-07T22:00:00+00:00,1.102030,1.103020,1.101680,1.102710,858.15
2024-03-07T23:00:00+00:00,1.102710,1.102960,1.102150,1.102390,816.69
2024-03-08T00:00:00+00:00,1.102390,1.102990,1.102250,1.102940,829.35
2024-03-08T01:00:00+00:00,1.102940,1.103760,1.102870,1.103100,699.38
2024-03-08T02:00:00+00:00,1.103100,1.103730,1.102960,1.103430,630.88
2024-03-08T03:00:00+00:00,1.103430,1.103770,1.101900,1.102110,1404.42
2024-03-08T04:00:00+00:00,1.102110,1.102440,1.101100,1.101130,1142.73
2024-03-08T05:00:00+00:00,1.101130,1.101250,1.101040,1.101240,707.85
2024-03-08T06:00:00+00:00,1.101240,1.101910,1.100930,1.101780,714.51
2024-03-08T07:00:00+00:00,1.101780,1.102210,1.101300,1.102080,665.08
2024-03-08T08:00:00+00:00,1.102080,1.103270,1.100000,1.100700,1387.47
2024-03-08T09:00:00+00:00,1.100700,1.100810,1.100140,1.100240,1057.62
2024-03-08T10:00:00+00:00,1.100240,1.102920,1.099230,1.102010,1318.81
2024-03-08T11:00:00+00:00,1.102010,1.102050,1.101520,1.101710,855.88
2024-03-08T12:00:00+00:00,1.101710,1.101990,1.100410,1.100560,1409.63
2024-03-08T13:00:00+00:00,1.100560,1.100610,1.100210,1.100370,841.45
2024-03-08T14:00:00+00:00,1.100370,1.100900,1.100160,1.100560,580.31
2024-03-08T15:00:00+00:00,1.100560,1.102960,1.099620,1.101750,1121.51
2024-03-08T16:00:00+00:00,1.101750,1.102890,1.101250,1.102670,1008.02
2024-03-08T17:00:00+00:00,1.102670,1.104400,1.102330,1.103690,1013.18
2024-03-08T18:00:00+00:00,1.103690,1.103980,1.102750,1.103340,870.56
2024-03-08T19:00:00+00:00,1.103340,1.105800,1.102280,1.105070,1404.28
2024-03-08T20:00:00+00:00,1.105070,1.106960,1.104440,1.106740,1241.44
2024-03-08T21:00:00+00:00,1.106740,1.107540,1.106170,1.106880,659.24
2024-03-08T22:00:00+00:00,1.106880,1.107100,1.105950,1.106520,891.58
2024-03-08T23:00:00+00:00,1.106520,1.106780,1.106270,1.106410,721.32
2024-03-09T00:00:00+00:00,1.106410,1.107720,1.106160,1.107370,1008.62
2024-03-09T01:00:00+00:00,1.107370,1.107720,1.107080,1.107580,589.03
2024-03-09T02:00:00+00:00,1.107580,1.109230,1.107550,1.108650,1096.98
2024-03-09T03:00:00+00:00,1.108650,1.109090,1.108480,1.108550,816.46
2024-03-09T04:00:00+00:00,1.108550,1.108800,1.107340,1.107630,1234.23
2024-03-09T05:00:00+00:00,1.107630,1.109120,1.107590,1.108870,1105.38
2024-03-09T06:00:00+00:00,1.108870,1.109300,1.107250,1.107310,1522.04
2024-03-09T07:00:00+00:00,1.107310,1.107870,1.107070,1.107260,716.69
2024-03-09T08:00:00+00:00,1.107260,1.108090,1.106090,1.106790,1008.66
2024-03-09T09:00:00+00:00,1.106790,1.107380,1.106370,1.107380,697.32
2024-03-09T10:00:00+00:00,1.107380,1.108820,1.107300,1.108180,881.83
2024-03-09T11:00:00+00:00,1.108180,1.108930,1.107610,1.108200,631.04
2024-03-09T12:00:00+00:00,1.108200,1.109150,1.108090,1.108830,759.52
2024-03-09T13:00:00+00:00,1.108830,1.109190,1.107220,1.107740,1313.55
2024-03-09T14:00:00+00:00,1.107740,1.109710,1.106830,1.109350,1243.52
2024-03-09T15:00:00+00:00,1.109350,1.111160,1.108460,1.110290,933.24
2024-03-09T16:00:00+00:00,1.110290,1.113200,1.110190,1.112740,1692.53
2024-03-09T17:00:00+00:00,1.112740,1.112900,1.111450,1.111660,1323.08
2024-03-09T18:00:00+00:00,1.111660,1.114330,1.111050,1.113880,1609.01
2024-03-09T19:00:00+00:00,1.113880,1.114830,1.113860,1.114560,878.10
2024-03-09T20:00:00+00:00,1.114560,1.115250,1.113420,1.114330,923.17
2024-03-09T21:00:00+00:00,1.114330,1.114620,1.113690,1.114280,731.31
2024-03-09T22:00:00+00:00,1.114280,1.115450,1.114180,1.115070,919.94
2024-03-09T23:00:00+00:00,1.115070,1.115300,1.114660,1.114870,762.88
2024-03-10T00:00:00+00:00,1.114870,1.115730,1.114330,1.115620,887.79
2024-03-10T01:00:00+00:00,1.115620,1.115750,1.113810,1.114440,1398.82
2024-03-10T02:00:00+00:00,1.114440,1.115900,1.113560,1.115850,1172.43
2024-03-10T03:00:00+00:00,1.115850,1.116120,1.113590,1.114100,1540.63
2024-03-10T04:00:00+00:00,1.114100,1.115670,1.113880,1.115020,931.82
2024-03-10T05:00:00+00:00,1.115020,1.116000,1.114430,1.115420,573.94
2024-03-10T06:00:00+00:00,1.115420,1.115710,1.115150,1.115160,865.62
2024-03-10T07:00:00+00:00,1.115160,1.115920,1.113110,1.114010,1407.36
2024-03-10T08:00:00+00:00,1.114010,1.115470,1.113620,1.114870,949.41
2024-03-10T09:00:00+00:00,1.114870,1.115400,1.114060,1.114360,984.51
2024-03-10T10:00:00+00:00,1.114360,1.116210,1.114330,1.115510,952.08
2024-03-10T11:00:00+00:00,1.115510,1.117750,1.115300,1.116640,1001.72
2024-03-10T12:00:00+00:00,1.116640,1.117630,1.116420,1.117040,558.34
2024-03-10T13:00:00+00:00,1.117040,1.117410,1.116690,1.116860,738.18
2024-03-10T14:00:00+00:00,1.116860,1.118550,1.116110,1.118210,1158.81
2024-03-10T15:00:00+00:00,1.118210,1.118970,1.117650,1.117790,933.52
2024-03-10T16:00:00+00:00,1.117790,1.117950,1.117310,1.117550,892.40
2024-03-10T17:00:00+00:00,1.117550,1.118520,1.117010,1.117750,655.22
2024-03-10T18:00:00+00:00,1.117750,1.118800,1.117610,1.118480,998.30
2024-03-10T19:00:00+00:00,1.118480,1.119290,1.118230,1.119170,876.53
2024-03-10T20:00:00+00:00,1.119170,1.119290,1.118420,1.118740,744.12
2024-03-10T21:00:00+00:00,1.118740,1.120070,1.117770,1.119430,891.74
2024-03-10T22:00:00+00:00,1.119430,1.120180,1.118890,1.119490,636.54
2024-03-10T23:00:00+00:00,1.119490,1.121170,1.118810,1.121080,1369.10
2024-03-11T00:00:00+00:00,1.121080,1.122760,1.120680,1.122110,1104.09
2024-03-11T01:00:00+00:00,1.122110,1.122710,1.120480,1.120830,1280.53
2024-03-11T02:00:00+00:00,1.120830,1.120880,1.120120,1.120270,959.99
2024-03-11T03:00:00+00:00,1.120270,1.120570,1.118850,1.119110,1182.89
2024-03-11T04:00:00+00:00,1.119110,1.120360,1.118910,1.119420,842.88
2024-03-11T05:00:00+00:00,1.119420,1.119500,1.118080,1.118550,1041.01
2024-03-11T06:00:00+00:00,1.118550,1.118730,1.117690,1.118260,790.18
2024-03-11T07:00:00+00:00,1.118260,1.118830,1.118080,1.118360,694.33
2024-03-11T08:00:00+00:00,1.118360,1.118720,1.117280,1.117530,955.13
2024-03-11T09:00:00+00:00,1.117530,1.118160,1.117370,1.117980,916.82
2024-03-11T10:00:00+00:00,1.117980,1.118020,1.117510,1.117820,648.42
2024-03-11T11:00:00+00:00,1.117820,1.118770,1.117190,1.118410,913.12
2024-03-11T12:00:00+00:00,1.118410,1.120780,1.117850,1.119950,1381.52
2024-03-11T13:00:00+00:00,1.119950,1.120440,1.118650,1.119450,901.42
2024-03-11T14:00:00+00:00,1.119450,1.119740,1.119410,1.119470,537.22
2024-03-11T15:00:00+00:00,1.119470,1.120260,1.119040,1.119300,640.35
2024-03-11T16:00:00+00:00,1.119300,1.122520,1.118380,1.122050,1963.40
2024-03-11T17:00:00+00:00,1.122050,1.122750,1.121360,1.121970,722.58
2024-03-11T18:00:00+00:00,1.121970,1.123380,1.121200,1.122930,1122.01
2024-03-11T19:00:00+00:00,1.122930,1.124690,1.121840,1.123850,996.96
2024-03-11T20:00:00+00:00,1.123850,1.123910,1.123010,1.123220,964.35
2024-03-11T21:00:00+00:00,1.123220,1.124590,1.123140,1.124130,1038.82
2024-03-11T22:00:00+00:00,1.124130,1.125460,1.123680,1.125030,979.90
2024-03-11T23:00:00+00:00,1.125030,1.125810,1.124680,1.125640,990.50
2024-03-12T00:00:00+00:00,1.125640,1.126380,1.124140,1.124800,1020.37
2024-03-12T01:00:00+00:00,1.124800,1.124900,1.123980,1.124130,1013.55
2024-03-12T02:00:00+00:00,1.124130,1.124310,1.123840,1.124300,772.72
2024-03-12T03:00:00+00:00,1.124300,1.124420,1.123750,1.124000,733.75
2024-03-12T04:00:00+00:00,1.124000,1.124820,1.123870,1.124470,805.86
2024-03-12T05:00:00+00:00,1.124470,1.125260,1.124390,1.125070,901.55
2024-03-12T06:00:00+00:00,1.125070,1.125320,1.123770,1.124580,925.51
2024-03-12T07:00:00+00:00,1.124580,1.125230,1.122720,1.123170,1283.14
2024-03-12T08:00:00+00:00,1.123170,1.124620,1.122840,1.123890,1003.68
2024-03-12T09:00:00+00:00,1.123890,1.125070,1.123240,1.124880,1123.40
2024-03-12T10:00:00+00:00,1.124880,1.125290,1.124190,1.124610,703.64
2024-03-12T11:00:00+00:00,1.124610,1.125470,1.123540,1.125440,1041.59
2024-03-12T12:00:00+00:00,1.125440,1.125820,1.125260,1.125710,724.54
2024-03-12T13:00:00+00:00,1.125710,1.126590,1.124340,1.124480,1308.00
2024-03-12T14:00:00+00:00,1.124480,1.125000,1.123610,1.123740,891.59
2024-03-12T15:00:00+00:00,1.123740,1.123940,1.122140,1.122770,1130.23
2024-03-12T16:00:00+00:00,1.122770,1.122970,1.122160,1.122530,817.63
2024-03-12T17:00:00+00:00,1.122530,1.122770,1.121590,1.122020,815.67
2024-03-12T18:00:00+00:00,1.122020,1.122480,1.121370,1.121420,973.09
2024-03-12T19:00:00+00:00,1.121420,1.123180,1.120540,1.122300,1004.00
2024-03-12T20:00:00+00:00,1.122300,1.122720,1.120560,1.121230,1155.05
2024-03-12T21:00:00+00:00,1.121230,1.121560,1.120820,1.121190,596.68
2024-03-12T22:00:00+00:00,1.121190,1.121820,1.121170,1.121480,813.24
2024-03-12T23:00:00+00:00,1.121480,1.121750,1.121360,1.121680,740.62
2024-03-13T00:00:00+00:00,1.121680,1.123550,1.121050,1.123110,1242.51
2024-03-13T01:00:00+00:00,1.123110,1.123400,1.123000,1.123200,680.41
2024-03-13T02:00:00+00:00,1.123200,1.124690,1.122530,1.124150,1098.24
2024-03-13T03:00:00+00:00,1.124150,1.124150,1.123470,1.123740,746.22
2024-03-13T04:00:00+00:00,1.123740,1.124650,1.123320,1.124050,797.75
2024-03-13T05:00:00+00:00,1.124050,1.124710,1.121830,1.122660,1337.54
2024-03-13T06:00:00+00:00,1.122660,1.122840,1.121920,1.122070,945.77
2024-03-13T07:00:00+00:00,1.122070,1.122610,1.120430,1.120880,1276.93
2024-03-13T08:00:00+00:00,1.120880,1.121270,1.120120,1.120400,890.09
2024-03-13T09:00:00+00:00,1.120400,1.121730,1.120210,1.121390,1182.99
2024-03-13T10:00:00+00:00,1.121390,1.122230,1.121270,1.121830,744.40
2024-03-13T11:00:00+00:00,1.121830,1.122620,1.121740,1.121920,589.09
2024-03-13T12:00:00+00:00,1.121920,1.122200,1.121320,1.122140,755.56
2024-03-13T13:00:00+00:00,1.122140,1.122670,1.121380,1.122020,645.09
2024-03-13T14:00:00+00:00,1.122020,1.122360,1.121920,1.122140,756.62
2024-03-13T15:00:00+00:00,1.122140,1.122390,1.121580,1.121870,726.59
2024-03-13T16:00:00+00:00,1.121870,1.122360,1.121470,1.121620,743.75
2024-03-13T17:00:00+00:00,1.121620,1.122360,1.121540,1.122260,919.10
2024-03-13T18:00:00+00:00,1.122260,1.122950,1.121600,1.121910,760.65
2024-03-13T19:00:00+00:00,1.121910,1.122430,1.120920,1.121580,720.59
2024-03-13T20:00:00+00:00,1.121580,1.122230,1.121260,1.122020,898.48
2024-03-13T21:00:00+00:00,1.122020,1.122100,1.121680,1.122010,625.72
2024-03-13T22:00:00+00:00,1.122010,1.122760,1.121850,1.122310,735.51
2024-03-13T23:00:00+00:00,1.122310,1.123090,1.122100,1.122450,654.14
2024-03-14T00:00:00+00:00,1.122450,1.122780,1.121190,1.121900,960.17
2024-03-14T01:00:00+00:00,1.121900,1.122870,1.121880,1.122120,626.00
2024-03-14T02:00:00+00:00,1.122120,1.122710,1.120130,1.120790,1353.44
2024-03-14T03:00:00+00:00,1.120790,1.121750,1.120180,1.121190,703.77
2024-03-14T04:00:00+00:00,1.121190,1.122120,1.120580,1.121780,864.27
2024-03-14T05:00:00+00:00,1.121780,1.123940,1.120990,1.123090,1312.15
2024-03-14T06:00:00+00:00,1.123090,1.123410,1.122190,1.122880,720.17
2024-03-14T07:00:00+00:00,1.122880,1.123690,1.122860,1.123490,818.23
2024-03-14T08:00:00+00:00,1.123490,1.123950,1.122700,1.122750,934.77
2024-03-14T09:00:00+00:00,1.122750,1.123500,1.122650,1.123070,745.47
2024-03-14T10:00:00+00:00,1.123070,1.123850,1.122490,1.122690,826.00
2024-03-14T11:00:00+00:00,1.122690,1.125200,1.122530,1.124280,1329.58
2024-03-14T12:00:00+00:00,1.124280,1.124530,1.124040,1.124150,618.48
2024-03-14T13:00:00+00:00,1.124150,1.124900,1.123290,1.123920,633.04
2024-03-14T14:00:00+00:00,1.123920,1.125120,1.123790,1.124830,1045.86
2024-03-14T15:00:00+00:00,1.124830,1.125160,1.124780,1.125100,759.32
2024-03-14T16:00:00+00:00,1.125100,1.125650,1.124690,1.125390,756.55
2024-03-14T17:00:00+00:00,1.125390,1.126220,1.124680,1.126110,999.65
2024-03-14T18:00:00+00:00,1.126110,1.127060,1.125430,1.126580,801.81
2024-03-14T19:00:00+00:00,1.126580,1.127150,1.126360,1.127100,915.63
2024-03-14T20:00:00+00:00,1.127100,1.128910,1.127040,1.128280,1120.83
2024-03-14T21:00:00+00:00,1.128280,1.129310,1.127320,1.129060,955.55
2024-03-14T22:00:00+00:00,1.129060,1.129930,1.128910,1.129890,970.47
2024-03-14T23:00:00+00:00,1.129890,1.131060,1.129750,1.130950,1218.14
2024-03-15T00:00:00+00:00,1.130950,1.131170,1.130080,1.130460,840.09
2024-03-15T01:00:00+00:00,1.130460,1.130910,1.130210,1.130650,595.82
2024-03-15T02:00:00+00:00,1.130650,1.131020,1.129950,1.131020,806.72
2024-03-15T03:00:00+00:00,1.131020,1.131320,1.129270,1.129730,1254.53
2024-03-15T04:00:00+00:00,1.129730,1.130760,1.129360,1.130550,961.00
2024-03-15T05:00:00+00:00,1.130550,1.131300,1.130340,1.130600,639.86
2024-03-15T06:00:00+00:00,1.130600,1.130890,1.130380,1.130550,631.21
2024-03-15T07:00:00+00:00,1.130550,1.131840,1.130100,1.131260,905.75
2024-03-15T08:00:00+00:00,1.131260,1.131620,1.130500,1.131540,797.26
2024-03-15T09:00:00+00:00,1.131540,1.132100,1.130340,1.130840,870.84
2024-03-15T10:00:00+00:00,1.130840,1.130860,1.130210,1.130620,801.31
2024-03-15T11:00:00+00:00,1.130620,1.131720,1.130560,1.131550,999.79
2024-03-15T12:00:00+00:00,1.131550,1.131890,1.131060,1.131120,755.40
2024-03-15T13:00:00+00:00,1.131120,1.131550,1.129400,1.130310,988.58
2024-03-15T14:00:00+00:00,1.130310,1.130800,1.129250,1.129380,1088.00
2024-03-15T15:00:00+00:00,1.129380,1.129750,1.128820,1.129740,753.27
2024-03-15T16:00:00+00:00,1.129740,1.130610,1.129560,1.129910,642.80
2024-03-15T17:00:00+00:00,1.129910,1.131840,1.129150,1.130850,1048.66
2024-03-15T18:00:00+00:00,1.130850,1.131070,1.129770,1.130110,1027.76
2024-03-15T19:00:00+00:00,1.130110,1.130870,1.129410,1.129890,761.37
2024-03-15T20:00:00+00:00,1.129890,1.129900,1.129620,1.129700,739.28
2024-03-15T21:00:00+00:00,1.129700,1.130690,1.129240,1.129990,750.90
2024-03-15T22:00:00+00:00,1.129990,1.130370,1.129450,1.129790,685.92
2024-03-15T23:00:00+00:00,1.129790,1.130110,1.128020,1.128350,1140.00
2024-03-16T00:00:00+00:00,1.128350,1.128460,1.127490,1.127500,870.97
2024-03-16T01:00:00+00:00,1.127500,1.128220,1.126220,1.126640,925.42
2024-03-16T02:00:00+00:00,1.126640,1.127430,1.124180,1.124980,1250.16
2024-03-16T03:00:00+00:00,1.124980,1.126040,1.124600,1.125700,1103.16
2024-03-16T04:00:00+00:00,1.125700,1.126550,1.122220,1.123300,1742.69
2024-03-16T05:00:00+00:00,1.123300,1.123470,1.122910,1.123270,681.98
2024-03-16T06:00:00+00:00,1.123270,1.124040,1.122980,1.123710,948.23
2024-03-16T07:00:00+00:00,1.123710,1.124370,1.123450,1.123550,679.20
2024-03-16T08:00:00+00:00,1.123550,1.123720,1.123530,1.123570,763.52
2024-03-16T09:00:00+00:00,1.123570,1.124180,1.123450,1.124050,1041.17
2024-03-16T10:00:00+00:00,1.124050,1.125590,1.123890,1.124950,1140.00
2024-03-16T11:00:00+00:00,1.124950,1.125050,1.124400,1.124820,597.09
2024-03-16T12:00:00+00:00,1.124820,1.125540,1.124570,1.125450,966.92
2024-03-16T13:00:00+00:00,1.125450,1.125780,1.125120,1.125310,748.90
2024-03-16T14:00:00+00:00,1.125310,1.125720,1.124190,1.124270,963.28
2024-03-16T15:00:00+00:00,1.124270,1.124470,1.123990,1.124190,733.61
2024-03-16T16:00:00+00:00,1.124190,1.124480,1.123410,1.123710,665.01
2024-03-16T17:00:00+00:00,1.123710,1.124330,1.123250,1.124250,976.09
2024-03-16T18:00:00+00:00,1.124250,1.124560,1.124160,1.124220,761.73
2024-03-16T19:00:00+00:00,1.124220,1.124430,1.122610,1.123620,828.03
2024-03-16T20:00:00+00:00,1.123620,1.124270,1.121630,1.121820,1354.80
2024-03-16T21:00:00+00:00,1.121820,1.122200,1.121180,1.121740,743.56
2024-03-16T22:00:00+00:00,1.121740,1.121890,1.118930,1.120020,1340.77
2024-03-16T23:00:00+00:00,1.120020,1.121190,1.119820,1.120670,1074.39
2024-03-17T00:00:00+00:00,1.120670,1.121140,1.119190,1.119220,1102.18
2024-03-17T01:00:00+00:00,1.119220,1.120810,1.118320,1.120410,1306.30
2024-03-17T02:00:00+00:00,1.120410,1.120610,1.119550,1.119760,774.74
2024-03-17T03:00:00+00:00,1.119760,1.120440,1.118320,1.119020,926.42
2024-03-17T04:00:00+00:00,1.119020,1.119430,1.118860,1.118900,645.69
2024-03-17T05:00:00+00:00,1.118900,1.119520,1.117850,1.118630,642.99
2024-03-17T06:00:00+00:00,1.118630,1.119470,1.117630,1.117880,887.11
2024-03-17T07:00:00+00:00,1.117880,1.118020,1.116900,1.117190,886.32
2024-03-17T08:00:00+00:00,1.117190,1.117860,1.116340,1.116510,892.16
2024-03-17T09:00:00+00:00,1.116510,1.118110,1.115790,1.117510,1228.59
2024-03-17T10:00:00+00:00,1.117510,1.119320,1.116740,1.118350,1187.43
2024-03-17T11:00:00+00:00,1.118350,1.120570,1.117290,1.119490,1310.21
2024-03-17T12:00:00+00:00,1.119490,1.120220,1.117970,1.118240,1124.16
2024-03-17T13:00:00+00:00,1.118240,1.118700,1.117410,1.117950,696.59
2024-03-17T14:00:00+00:00,1.117950,1.118270,1.117770,1.118050,701.49
2024-03-17T15:00:00+00:00,1.118050,1.119020,1.115850,1.116810,1158.06
2024-03-17T16:00:00+00:00,1.116810,1.117310,1.114290,1.115250,1155.49
2024-03-17T17:00:00+00:00,1.115250,1.115270,1.114930,1.115150,622.94
2024-03-17T18:00:00+00:00,1.115150,1.115340,1.114710,1.115140,685.59
2024-03-17T19:00:00+00:00,1.115140,1.115350,1.114570,1.114820,522.92
2024-03-17T20:00:00+00:00,1.114820,1.115080,1.113210,1.113740,933.37
2024-03-17T21:00:00+00:00,1.113740,1.113910,1.112980,1.113880,875.05
2024-03-17T22:00:00+00:00,1.113880,1.114210,1.113540,1.113700,595.05
2024-03-17T23:00:00+00:00,1.113700,1.113800,1.112730,1.113050,760.54
2024-03-18T00:00:00+00:00,1.113050,1.113370,1.112750,1.112770,522.18
2024-03-18T01:00:00+00:00,1.112770,1.113280,1.112680,1.113020,958.40
2024-03-18T02:00:00+00:00,1.113020,1.114430,1.112120,1.113770,1030.03
2024-03-18T03:00:00+00:00,1.113770,1.114950,1.111880,1.112220,1275.52
2024-03-18T04:00:00+00:00,1.112220,1.112990,1.112080,1.112790,1033.30
2024-03-18T05:00:00+00:00,1.112790,1.113240,1.112200,1.112770,828.25
2024-03-18T06:00:00+00:00,1.112770,1.113620,1.112690,1.113500,1085.61
2024-03-18T07:00:00+00:00,1.113500,1.113800,1.112590,1.112920,719.69
2024-03-18T08:00:00+00:00,1.112920,1.113260,1.112230,1.112720,625.15
2024-03-18T09:00:00+00:00,1.112720,1.113300,1.110950,1.111100,1285.02
2024-03-18T10:00:00+00:00,1.111100,1.111790,1.109300,1.109930,1127.10
2024-03-18T11:00:00+00:00,1.109930,1.110970,1.109870,1.110550,1011.09
2024-03-18T12:00:00+00:00,1.110550,1.111560,1.110270,1.110970,931.25
2024-03-18T13:00:00+00:00,1.110970,1.111600,1.110550,1.110780,694.52
2024-03-18T14:00:00+00:00,1.110780,1.110790,1.108870,1.109410,1078.04
2024-03-18T15:00:00+00:00,1.109410,1.109540,1.108390,1.108410,925.79
2024-03-18T16:00:00+00:00,1.108410,1.108790,1.106700,1.106880,1263.84
2024-03-18T17:00:00+00:00,1.106880,1.107570,1.106530,1.107390,1034.81
2024-03-18T18:00:00+00:00,1.107390,1.107410,1.106350,1.106820,727.26
2024-03-18T19:00:00+00:00,1.106820,1.107550,1.106710,1.107360,1034.09
2024-03-18T20:00:00+00:00,1.107360,1.108040,1.106300,1.106960,679.22
2024-03-18T21:00:00+00:00,1.106960,1.108490,1.106760,1.107730,1218.66
2024-03-18T22:00:00+00:00,1.107730,1.108010,1.106770,1.107140,730.15
2024-03-18T23:00:00+00:00,1.107140,1.107560,1.106110,1.106580,739.06
2024-03-19T00:00:00+00:00,1.106580,1.107010,1.106580,1.106590,836.01
2024-03-19T01:00:00+00:00,1.106590,1.106820,1.105940,1.106580,700.30
2024-03-19T02:00:00+00:00,1.106580,1.107200,1.105870,1.106820,950.02
2024-03-19T03:00:00+00:00,1.106820,1.107210,1.105510,1.106060,788.51
2024-03-19T04:00:00+00:00,1.106060,1.106250,1.104810,1.105260,758.96
2024-03-19T05:00:00+00:00,1.105260,1.105350,1.104010,1.104840,646.41
2024-03-19T06:00:00+00:00,1.104840,1.106140,1.104560,1.105630,1058.29
2024-03-19T07:00:00+00:00,1.105630,1.106500,1.105010,1.106220,1027.93
2024-03-19T08:00:00+00:00,1.106220,1.107060,1.106010,1.107060,1091.48
2024-03-19T09:00:00+00:00,1.107060,1.107790,1.106890,1.107210,830.95
2024-03-19T10:00:00+00:00,1.107210,1.107490,1.106730,1.106750,674.10
2024-03-19T11:00:00+00:00,1.106750,1.106860,1.105930,1.106250,672.57
2024-03-19T12:00:00+00:00,1.106250,1.106510,1.106020,1.106420,823.37
2024-03-19T13:00:00+00:00,1.106420,1.108330,1.106160,1.107700,1385.79
2024-03-19T14:00:00+00:00,1.107700,1.108790,1.105710,1.106160,1172.41
2024-03-19T15:00:00+00:00,1.106160,1.106820,1.104930,1.105070,1002.49
2024-03-19T16:00:00+00:00,1.105070,1.105840,1.103300,1.103530,1268.26
2024-03-19T17:00:00+00:00,1.103530,1.103720,1.102470,1.102930,853.61
2024-03-19T18:00:00+00:00,1.102930,1.103090,1.102690,1.103020,766.45
2024-03-19T19:00:00+00:00,1.103020,1.103700,1.101800,1.102110,996.95
2024-03-19T20:00:00+00:00,1.102110,1.102450,1.101020,1.101160,914.28
2024-03-19T21:00:00+00:00,1.101160,1.101400,1.099180,1.099680,1265.99
2024-03-19T22:00:00+00:00,1.099680,1.099970,1.098120,1.098970,879.05
2024-03-19T23:00:00+00:00,1.098970,1.099350,1.098290,1.098310,828.29
2024-03-20T00:00:00+00:00,1.098310,1.098600,1.097980,1.098330,842.20
2024-03-20T01:00:00+00:00,1.098330,1.098520,1.097770,1.097980,610.26
2024-03-20T02:00:00+00:00,1.097980,1.098410,1.097550,1.097950,766.86
2024-03-20T03:00:00+00:00,1.097950,1.098470,1.097930,1.098360,940.39
2024-03-20T04:00:00+00:00,1.098360,1.099010,1.098100,1.098990,968.97
2024-03-20T05:00:00+00:00,1.098990,1.099230,1.098280,1.098650,629.18
2024-03-20T06:00:00+00:00,1.098650,1.099950,1.098270,1.099310,1063.18
2024-03-20T07:00:00+00:00,1.099310,1.099860,1.098600,1.099550,790.57
2024-03-20T08:00:00+00:00,1.099550,1.099950,1.098840,1.099240,629.31
2024-03-20T09:00:00+00:00,1.099240,1.099880,1.098520,1.099580,969.45
2024-03-20T10:00:00+00:00,1.099580,1.099740,1.099530,1.099680,781.69
2024-03-20T11:00:00+00:00,1.099680,1.100160,1.098570,1.098590,1032.45
2024-03-20T12:00:00+00:00,1.098590,1.099530,1.096440,1.097290,1134.60
2024-03-20T13:00:00+00:00,1.097290,1.098030,1.096100,1.096720,830.60
2024-03-20T14:00:00+00:00,1.096720,1.097280,1.096680,1.097030,874.14
2024-03-20T15:00:00+00:00,1.097030,1.097840,1.096330,1.097500,1073.78
2024-03-20T16:00:00+00:00,1.097500,1.098020,1.097160,1.097290,654.73
2024-03-20T17:00:00+00:00,1.097290,1.097470,1.096990,1.097330,813.37
2024-03-20T18:00:00+00:00,1.097330,1.097720,1.096700,1.097570,938.61
2024-03-20T19:00:00+00:00,1.097570,1.098030,1.097030,1.097880,900.65
2024-03-20T20:00:00+00:00,1.097880,1.098210,1.097230,1.097660,732.76
2024-03-20T21:00:00+00:00,1.097660,1.099340,1.097010,1.099300,1542.35
2024-03-20T22:00:00+00:00,1.099300,1.099580,1.099020,1.099150,729.22
2024-03-20T23:00:00+00:00,1.099150,1.099350,1.098670,1.098810,584.74
2024-03-21T00:00:00+00:00,1.098810,1.098980,1.098430,1.098730,795.90
2024-03-21T01:00:00+00:00,1.098730,1.099570,1.098360,1.098920,849.22
2024-03-21T02:00:00+00:00,1.098920,1.099380,1.097510,1.097970,978.89
2024-03-21T03:00:00+00:00,1.097970,1.098400,1.096920,1.097430,730.48
2024-03-21T04:00:00+00:00,1.097430,1.097750,1.096680,1.096790,771.71
2024-03-21T05:00:00+00:00,1.096790,1.097620,1.096260,1.097480,977.33
2024-03-21T06:00:00+00:00,1.097480,1.097600,1.096110,1.096680,1067.32
2024-03-21T07:00:00+00:00,1.096680,1.097050,1.096230,1.096780,677.03
2024-03-21T08:00:00+00:00,1.096780,1.097380,1.096440,1.097170,813.15
2024-03-21T09:00:00+00:00,1.097170,1.099390,1.097100,1.098210,1030.92
2024-03-21T10:00:00+00:00,1.098210,1.098370,1.097520,1.097530,869.65
2024-03-21T11:00:00+00:00,1.097530,1.097550,1.096960,1.097210,675.40
2024-03-21T12:00:00+00:00,1.097210,1.097720,1.095680,1.096360,992.12
2024-03-21T13:00:00+00:00,1.096360,1.097050,1.095140,1.095550,955.57
2024-03-21T14:00:00+00:00,1.095550,1.097570,1.095250,1.096940,1234.76
2024-03-21T15:00:00+00:00,1.096940,1.098300,1.096530,1.097770,937.76
2024-03-21T16:00:00+00:00,1.097770,1.098410,1.096790,1.096810,1142.15
2024-03-21T17:00:00+00:00,1.096810,1.097070,1.096010,1.096560,810.17
2024-03-21T18:00:00+00:00,1.096560,1.097090,1.096050,1.096820,812.77
2024-03-21T19:00:00+00:00,1.096820,1.097310,1.094080,1.094940,1502.32
2024-03-21T20:00:00+00:00,1.094940,1.094960,1.093960,1.094420,899.66
2024-03-21T21:00:00+00:00,1.094420,1.094570,1.094390,1.094490,615.92
2024-03-21T22:00:00+00:00,1.094490,1.096110,1.093800,1.095780,1193.02
2024-03-21T23:00:00+00:00,1.095780,1.095820,1.095110,1.095360,816.60
2024-03-22T00:00:00+00:00,1.095360,1.095830,1.093910,1.094180,1088.15
2024-03-22T01:00:00+00:00,1.094180,1.094890,1.093920,1.094490,768.51
2024-03-22T02:00:00+00:00,1.094490,1.095430,1.094360,1.094860,751.45
2024-03-22T03:00:00+00:00,1.094860,1.094860,1.094630,1.094790,560.02
2024-03-22T04:00:00+00:00,1.094790,1.095030,1.094280,1.094650,735.78
2024-03-22T05:00:00+00:00,1.094650,1.094730,1.094310,1.094530,691.40
2024-03-22T06:00:00+00:00,1.094530,1.094720,1.092560,1.093180,1307.16
2024-03-22T07:00:00+00:00,1.093180,1.093620,1.092360,1.092760,851.85
2024-03-22T08:00:00+00:00,1.092760,1.093370,1.092240,1.092800,567.75
2024-03-22T09:00:00+00:00,1.092800,1.093150,1.091930,1.092050,917.15
2024-03-22T10:00:00+00:00,1.092050,1.092370,1.091620,1.091920,748.15
2024-03-22T11:00:00+00:00,1.091920,1.092770,1.091220,1.092720,978.64
2024-03-22T12:00:00+00:00,1.092720,1.093650,1.092320,1.093380,871.33
2024-03-22T13:00:00+00:00,1.093380,1.094040,1.092520,1.093290,680.09
2024-03-22T14:00:00+00:00,1.093290,1.093720,1.092630,1.092660,918.25
2024-03-22T15:00:00+00:00,1.092660,1.094560,1.092490,1.093610,994.67
2024-03-22T16:00:00+00:00,1.093610,1.093840,1.091630,1.091880,1428.83
2024-03-22T17:00:00+00:00,1.091880,1.092340,1.091720,1.091840,533.20
2024-03-22T18:00:00+00:00,1.091840,1.091860,1.091130,1.091500,736.96
2024-03-22T19:00:00+00:00,1.091500,1.092270,1.088570,1.089830,1449.67
2024-03-22T20:00:00+00:00,1.089830,1.089930,1.089830,1.089830,663.29
2024-03-22T21:00:00+00:00,1.089830,1.089850,1.089050,1.089180,937.03
2024-03-22T22:00:00+00:00,1.089180,1.091810,1.088070,1.091050,1625.81
2024-03-22T23:00:00+00:00,1.091050,1.091190,1.089210,1.089680,1300.43
2024-03-23T00:00:00+00:00,1.089680,1.090040,1.089530,1.090020,698.70
2024-03-23T01:00:00+00:00,1.090020,1.091110,1.089200,1.090460,809.89
2024-03-23T02:00:00+00:00,1.090460,1.090860,1.090180,1.090590,694.37
2024-03-23T03:00:00+00:00,1.090590,1.090600,1.089840,1.090280,725.47
2024-03-23T04:00:00+00:00,1.090280,1.090490,1.089890,1.089950,758.49
2024-03-23T05:00:00+00:00,1.089950,1.090810,1.089420,1.090330,875.90
2024-03-23T06:00:00+00:00,1.090330,1.090800,1.089180,1.089300,1136.02
2024-03-23T07:00:00+00:00,1.089300,1.089820,1.087730,1.088350,1163.91
2024-03-23T08:00:00+00:00,1.088350,1.088510,1.087590,1.088340,541.85
2024-03-23T09:00:00+00:00,1.088340,1.088580,1.087270,1.087670,954.73
2024-03-23T10:00:00+00:00,1.087670,1.088900,1.087500,1.088230,870.02
2024-03-23T11:00:00+00:00,1.088230,1.089410,1.085230,1.085810,1866.71
2024-03-23T12:00:00+00:00,1.085810,1.086150,1.085650,1.085850,543.63
2024-03-23T13:00:00+00:00,1.085850,1.086360,1.084020,1.084640,1114.96
2024-03-23T14:00:00+00:00,1.084640,1.085020,1.084390,1.084720,594.10
2024-03-23T15:00:00+00:00,1.084720,1.085110,1.084260,1.084400,791.39
2024-03-23T16:00:00+00:00,1.084400,1.084740,1.083560,1.083760,932.51
2024-03-23T17:00:00+00:00,1.083760,1.084740,1.082720,1.084460,894.23
2024-03-23T18:00:00+00:00,1.084460,1.086300,1.083890,1.085920,1388.10
2024-03-23T19:00:00+00:00,1.085920,1.087410,1.085770,1.086960,1172.16
2024-03-23T20:00:00+00:00,1.086960,1.088880,1.086180,1.088280,1181.48
2024-03-23T21:00:00+00:00,1.088280,1.088600,1.087800,1.088460,732.08
2024-03-23T22:00:00+00:00,1.088460,1.088790,1.088310,1.088470,793.03
2024-03-23T23:00:00+00:00,1.088470,1.089660,1.087870,1.089310,1172.10
2024-03-24T00:00:00+00:00,1.089310,1.090910,1.088680,1.090220,1251.89
2024-03-24T01:00:00+00:00,1.090220,1.090720,1.088360,1.088680,1245.36
2024-03-24T02:00:00+00:00,1.088680,1.089220,1.088450,1.089190,967.71
2024-03-24T03:00:00+00:00,1.089190,1.089310,1.088330,1.088560,847.38
2024-03-24T04:00:00+00:00,1.088560,1.089140,1.087340,1.087750,893.09
2024-03-24T05:00:00+00:00,1.087750,1.087810,1.086910,1.087170,770.09
2024-03-24T06:00:00+00:00,1.087170,1.087390,1.086970,1.087070,637.77
2024-03-24T07:00:00+00:00,1.087070,1.088150,1.085080,1.085620,1181.92
2024-03-24T08:00:00+00:00,1.085620,1.085620,1.085460,1.085540,653.87
2024-03-24T09:00:00+00:00,1.085540,1.086330,1.085150,1.086090,1102.03
2024-03-24T10:00:00+00:00,1.086090,1.086110,1.085090,1.085140,1012.69
2024-03-24T11:00:00+00:00,1.085140,1.085520,1.084590,1.084820,562.51
2024-03-24T12:00:00+00:00,1.084820,1.085240,1.084430,1.084450,721.97
2024-03-24T13:00:00+00:00,1.084450,1.084610,1.083910,1.084400,746.08
2024-03-24T14:00:00+00:00,1.084400,1.084990,1.082270,1.082790,1231.11
2024-03-24T15:00:00+00:00,1.082790,1.083080,1.081780,1.081950,788.33
2024-03-24T16:00:00+00:00,1.081950,1.082320,1.080850,1.081440,801.67
2024-03-24T17:00:00+00:00,1.081440,1.082850,1.080770,1.082460,1182.26
2024-03-24T18:00:00+00:00,1.082460,1.083270,1.082430,1.082880,1032.98
2024-03-24T19:00:00+00:00,1.082880,1.083160,1.082570,1.083020,868.39
2024-03-24T20:00:00+00:00,1.083020,1.083610,1.081780,1.082440,657.72
2024-03-24T21:00:00+00:00,1.082440,1.082980,1.080690,1.081010,1255.03
2024-03-24T22:00:00+00:00,1.081010,1.081100,1.080590,1.080830,680.16
2024-03-24T23:00:00+00:00,1.080830,1.080940,1.080410,1.080530,610.04
2024-03-25T00:00:00+00:00,1.080530,1.080620,1.080170,1.080230,686.07
2024-03-25T01:00:00+00:00,1.080230,1.080790,1.077570,1.078780,1126.32
2024-03-25T02:00:00+00:00,1.078780,1.079480,1.078020,1.078730,737.90
2024-03-25T03:00:00+00:00,1.078730,1.078840,1.077780,1.078140,791.20
2024-03-25T04:00:00+00:00,1.078140,1.078720,1.077730,1.077750,682.69
2024-03-25T05:00:00+00:00,1.077750,1.078780,1.077470,1.078150,1008.87
2024-03-25T06:00:00+00:00,1.078150,1.079090,1.075520,1.076230,1476.57
2024-03-25T07:00:00+00:00,1.076230,1.076740,1.074440,1.074900,1142.66
2024-03-25T08:00:00+00:00,1.074900,1.075280,1.073680,1.074130,771.19
2024-03-25T09:00:00+00:00,1.074130,1.074190,1.073870,1.074100,665.97
2024-03-25T10:00:00+00:00,1.074100,1.074650,1.073420,1.073770,631.46
2024-03-25T11:00:00+00:00,1.073770,1.073960,1.071240,1.072280,1247.32
2024-03-25T12:00:00+00:00,1.072280,1.072870,1.070820,1.070820,1239.97
2024-03-25T13:00:00+00:00,1.070820,1.071010,1.069930,1.070150,860.76
2024-03-25T14:00:00+00:00,1.070150,1.070280,1.069630,1.069940,690.33
2024-03-25T15:00:00+00:00,1.069940,1.071460,1.069580,1.070940,1211.33
2024-03-25T16:00:00+00:00,1.070940,1.070950,1.070250,1.070600,590.30
2024-03-25T17:00:00+00:00,1.070600,1.071900,1.070040,1.071570,1176.12
2024-03-25T18:00:00+00:00,1.071570,1.071760,1.070390,1.070950,796.10
2024-03-25T19:00:00+00:00,1.070950,1.071490,1.069030,1.070030,831.22
2024-03-25T20:00:00+00:00,1.070030,1.070690,1.069500,1.070530,1078.58
2024-03-25T21:00:00+00:00,1.070530,1.071490,1.069920,1.071210,1108.95
2024-03-25T22:00:00+00:00,1.071210,1.071260,1.071020,1.071210,733.07
2024-03-25T23:00:00+00:00,1.071210,1.071560,1.070580,1.070810,583.78
2024-03-26T00:00:00+00:00,1.070810,1.072160,1.070530,1.071880,1320.94
2024-03-26T01:00:00+00:00,1.071880,1.072040,1.071200,1.071530,705.20
2024-03-26T02:00:00+00:00,1.071530,1.072660,1.070070,1.070200,1090.65
2024-03-26T03:00:00+00:00,1.070200,1.070500,1.070150,1.070430,829.33
2024-03-26T04:00:00+00:00,1.070430,1.070880,1.068680,1.069240,1135.31
2024-03-26T05:00:00+00:00,1.069240,1.069690,1.069060,1.069480,868.06
2024-03-26T06:00:00+00:00,1.069480,1.071760,1.068920,1.071390,1758.47
2024-03-26T07:00:00+00:00,1.071390,1.071700,1.069950,1.070450,1008.21
2024-03-26T08:00:00+00:00,1.070450,1.070760,1.069140,1.069490,1021.49
2024-03-26T09:00:00+00:00,1.069490,1.069820,1.067600,1.068390,954.67
2024-03-26T10:00:00+00:00,1.068390,1.069270,1.067750,1.068490,712.64
2024-03-26T11:00:00+00:00,1.068490,1.069260,1.067460,1.069150,1148.35
2024-03-26T12:00:00+00:00,1.069150,1.069730,1.068420,1.069560,1008.00
2024-03-26T13:00:00+00:00,1.069560,1.069700,1.068420,1.068800,1156.84
2024-03-26T14:00:00+00:00,1.068800,1.070430,1.068430,1.069910,995.51
2024-03-26T15:00:00+00:00,1.069910,1.069960,1.069240,1.069500,870.08
2024-03-26T16:00:00+00:00,1.069500,1.069660,1.068230,1.068660,1161.37
2024-03-26T17:00:00+00:00,1.068660,1.069780,1.068490,1.068960,700.65
2024-03-26T18:00:00+00:00,1.068960,1.070040,1.068920,1.069660,894.99
2024-03-26T19:00:00+00:00,1.069660,1.070170,1.068360,1.068370,1350.64
2024-03-26T20:00:00+00:00,1.068370,1.071460,1.068090,1.071260,1840.76
2024-03-26T21:00:00+00:00,1.071260,1.072000,1.070710,1.071680,636.65
2024-03-26T22:00:00+00:00,1.071680,1.073830,1.071450,1.073050,1238.00
2024-03-26T23:00:00+00:00,1.073050,1.073130,1.072740,1.073090,721.11
2024-03-27T00:00:00+00:00,1.073090,1.073560,1.072820,1.073120,716.29
2024-03-27T01:00:00+00:00,1.073120,1.074600,1.072790,1.074280,1032.28
2024-03-27T02:00:00+00:00,1.074280,1.074820,1.073600,1.073750,1074.70
2024-03-27T03:00:00+00:00,1.073750,1.075530,1.073570,1.075050,1137.08
2024-03-27T04:00:00+00:00,1.075050,1.075210,1.074690,1.074990,715.74
2024-03-27T05:00:00+00:00,1.074990,1.075590,1.074710,1.075390,635.01
2024-03-27T06:00:00+00:00,1.075390,1.077420,1.074470,1.076410,883.68
2024-03-27T07:00:00+00:00,1.076410,1.079230,1.075720,1.077970,1166.92
2024-03-27T08:00:00+00:00,1.077970,1.078190,1.077620,1.077870,750.07
2024-03-27T09:00:00+00:00,1.077870,1.079210,1.077570,1.078870,987.35
2024-03-27T10:00:00+00:00,1.078870,1.079540,1.078590,1.079250,733.95
2024-03-27T11:00:00+00:00,1.079250,1.079580,1.078610,1.078860,883.90
2024-03-27T12:00:00+00:00,1.078860,1.080120,1.078100,1.079700,922.39
2024-03-27T13:00:00+00:00,1.079700,1.079900,1.079500,1.079650,742.37
2024-03-27T14:00:00+00:00,1.079650,1.081810,1.079030,1.081010,1167.05
2024-03-27T15:00:00+00:00,1.081010,1.081380,1.079330,1.080120,1154.65
2024-03-27T16:00:00+00:00,1.080120,1.081290,1.079360,1.080630,790.72
2024-03-27T17:00:00+00:00,1.080630,1.081170,1.080320,1.080910,580.27
2024-03-27T18:00:00+00:00,1.080910,1.081290,1.080650,1.081050,666.06
2024-03-27T19:00:00+00:00,1.081050,1.081820,1.080500,1.080540,992.70
2024-03-27T20:00:00+00:00,1.080540,1.081690,1.078270,1.079210,1423.25
2024-03-27T21:00:00+00:00,1.079210,1.080190,1.077960,1.078120,1309.98
2024-03-27T22:00:00+00:00,1.078120,1.079300,1.077890,1.078610,702.98
2024-03-27T23:00:00+00:00,1.078610,1.079650,1.078510,1.079100,752.81
2024-03-28T00:00:00+00:00,1.079100,1.081730,1.079100,1.080880,1405.46
2024-03-28T01:00:00+00:00,1.080880,1.081160,1.080680,1.081080,650.51
2024-03-28T02:00:00+00:00,1.081080,1.081260,1.080910,1.081170,782.49
2024-03-28T03:00:00+00:00,1.081170,1.081930,1.081120,1.081720,776.43
2024-03-28T04:00:00+00:00,1.081720,1.081950,1.081070,1.081760,782.26
2024-03-28T05:00:00+00:00,1.081760,1.082380,1.080730,1.080770,1191.51
2024-03-28T06:00:00+00:00,1.080770,1.080980,1.080710,1.080830,671.64
2024-03-28T07:00:00+00:00,1.080830,1.081980,1.080410,1.081710,871.84
2024-03-28T08:00:00+00:00,1.081710,1.082330,1.081510,1.081800,600.72
2024-03-28T09:00:00+00:00,1.081800,1.082510,1.080760,1.081130,987.23
2024-03-28T10:00:00+00:00,1.081130,1.082460,1.080680,1.081870,918.61
2024-03-28T11:00:00+00:00,1.081870,1.083520,1.081250,1.082960,1033.70
2024-03-28T12:00:00+00:00,1.082960,1.083440,1.082390,1.082640,991.71
2024-03-28T13:00:00+00:00,1.082640,1.084000,1.081820,1.083610,845.76
2024-03-28T14:00:00+00:00,1.083610,1.084170,1.082110,1.082770,1180.96
2024-03-28T15:00:00+00:00,1.082770,1.084320,1.081950,1.084190,1101.91
2024-03-28T16:00:00+00:00,1.084190,1.084490,1.083640,1.083740,1015.30
2024-03-28T17:00:00+00:00,1.083740,1.085610,1.082970,1.085440,1322.84
2024-03-28T18:00:00+00:00,1.085440,1.086210,1.085290,1.086200,910.02
2024-03-28T19:00:00+00:00,1.086200,1.088050,1.085450,1.087170,967.70
2024-03-28T20:00:00+00:00,1.087170,1.087210,1.086690,1.086720,924.58
2024-03-28T21:00:00+00:00,1.086720,1.087050,1.085650,1.085850,1108.41
2024-03-28T22:00:00+00:00,1.085850,1.086830,1.085810,1.086560,830.95
2024-03-28T23:00:00+00:00,1.086560,1.087580,1.086240,1.087500,905.88
2024-03-29T00:00:00+00:00,1.087500,1.087640,1.087220,1.087630,695.15
2024-03-29T01:00:00+00:00,1.087630,1.088660,1.087570,1.088660,961.82
2024-03-29T02:00:00+00:00,1.088660,1.089420,1.088320,1.089020,974.43
2024-03-29T03:00:00+00:00,1.089020,1.089320,1.086570,1.087000,1375.01
2024-03-29T04:00:00+00:00,1.087000,1.087200,1.086250,1.086820,557.88
2024-03-29T05:00:00+00:00,1.086820,1.087230,1.085390,1.085640,1064.92
2024-03-29T06:00:00+00:00,1.085640,1.086090,1.085030,1.085390,608.43
2024-03-29T07:00:00+00:00,1.085390,1.085970,1.084300,1.084540,873.08
2024-03-29T08:00:00+00:00,1.084540,1.084910,1.083760,1.083880,858.90
2024-03-29T09:00:00+00:00,1.083880,1.085160,1.083350,1.084250,872.37
2024-03-29T10:00:00+00:00,1.084250,1.084460,1.083950,1.084120,669.95
2024-03-29T11:00:00+00:00,1.084120,1.084870,1.081850,1.082550,1311.29
2024-03-29T12:00:00+00:00,1.082550,1.082740,1.081910,1.082060,794.78
2024-03-29T13:00:00+00:00,1.082060,1.082610,1.081630,1.081690,624.46
2024-03-29T14:00:00+00:00,1.081690,1.081770,1.081220,1.081570,676.52
2024-03-29T15:00:00+00:00,1.081570,1.083600,1.081100,1.082750,1386.56
2024-03-29T16:00:00+00:00,1.082750,1.083070,1.081690,1.082420,692.75
2024-03-29T17:00:00+00:00,1.082420,1.083040,1.082250,1.082610,925.70
2024-03-29T18:00:00+00:00,1.082610,1.082750,1.081740,1.082230,742.67
2024-03-29T19:00:00+00:00,1.082230,1.082620,1.081600,1.081670,805.19
2024-03-29T20:00:00+00:00,1.081670,1.081780,1.080770,1.081260,621.28
2024-03-29T21:00:00+00:00,1.081260,1.083290,1.081090,1.082600,1359.93
2024-03-29T22:00:00+00:00,1.082600,1.083470,1.081780,1.083410,1147.62
2024-03-29T23:00:00+00:00,1.083410,1.084220,1.082930,1.084140,1126.60
2024-03-30T00:00:00+00:00,1.084140,1.086180,1.083470,1.085680,1432.27
2024-03-30T01:00:00+00:00,1.085680,1.085800,1.083900,1.084040,1205.59
2024-03-30T02:00:00+00:00,1.084040,1.084820,1.083650,1.084700,1023.82
2024-03-30T03:00:00+00:00,1.084700,1.085410,1.082830,1.083060,1339.94
2024-03-30T04:00:00+00:00,1.083060,1.083650,1.081590,1.082190,842.50
2024-03-30T05:00:00+00:00,1.082190,1.084630,1.081730,1.084060,1771.33
2024-03-30T06:00:00+00:00,1.084060,1.084230,1.081570,1.082580,1204.91
2024-03-30T07:00:00+00:00,1.082580,1.084150,1.081830,1.083400,1189.21
2024-03-30T08:00:00+00:00,1.083400,1.084460,1.081510,1.082540,976.95
2024-03-30T09:00:00+00:00,1.082540,1.083150,1.080990,1.081430,931.64
2024-03-30T10:00:00+00:00,1.081430,1.081830,1.080930,1.081430,670.62
2024-03-30T11:00:00+00:00,1.081430,1.081820,1.080180,1.080300,981.42
2024-03-30T12:00:00+00:00,1.080300,1.080630,1.079130,1.079250,1082.95
2024-03-30T13:00:00+00:00,1.079250,1.080150,1.079050,1.079280,749.21
2024-03-30T14:00:00+00:00,1.079280,1.079670,1.078360,1.078730,650.68
2024-03-30T15:00:00+00:00,1.078730,1.079430,1.078070,1.079040,985.60
2024-03-30T16:00:00+00:00,1.079040,1.079870,1.078580,1.079790,1038.21
2024-03-30T17:00:00+00:00,1.079790,1.080290,1.079780,1.080190,1025.53
2024-03-30T18:00:00+00:00,1.080190,1.080200,1.079360,1.079620,794.67
2024-03-30T19:00:00+00:00,1.079620,1.079820,1.078790,1.079450,740.71
2024-03-30T20:00:00+00:00,1.079450,1.080770,1.079340,1.080560,1310.50
2024-03-30T21:00:00+00:00,1.080560,1.081350,1.080530,1.081240,1063.53
2024-03-30T22:00:00+00:00,1.081240,1.081370,1.080490,1.081260,800.92
2024-03-30T23:00:00+00:00,1.081260,1.082080,1.081040,1.081890,1013.68
2024-03-31T00:00:00+00:00,1.081890,1.083520,1.081270,1.083270,1531.58
2024-03-31T01:00:00+00:00,1.083270,1.083430,1.082550,1.082590,719.72
2024-03-31T02:00:00+00:00,1.082590,1.084430,1.082570,1.083850,1415.43
2024-03-31T03:00:00+00:00,1.083850,1.083850,1.082770,1.083330,622.70
2024-03-31T04:00:00+00:00,1.083330,1.083670,1.082750,1.082900,698.90
2024-03-31T05:00:00+00:00,1.082900,1.085400,1.082270,1.084770,1669.37
2024-03-31T06:00:00+00:00,1.084770,1.085140,1.083250,1.083820,909.01
2024-03-31T07:00:00+00:00,1.083820,1.083960,1.083490,1.083580,706.31
2024-03-31T08:00:00+00:00,1.083580,1.084020,1.083480,1.083860,977.47
2024-03-31T09:00:00+00:00,1.083860,1.084200,1.083500,1.084100,801.52
2024-03-31T10:00:00+00:00,1.084100,1.084470,1.083750,1.084100,674.54
2024-03-31T11:00:00+00:00,1.084100,1.084270,1.083400,1.083820,522.13
2024-03-31T12:00:00+00:00,1.083820,1.084240,1.082810,1.084230,1007.24
2024-03-31T13:00:00+00:00,1.084230,1.084460,1.082100,1.082610,1266.62
2024-03-31T14:00:00+00:00,1.082610,1.082780,1.081960,1.082160,930.58
2024-03-31T15:00:00+00:00,1.082160,1.082920,1.081690,1.081810,928.09
2024-03-31T16:00:00+00:00,1.081810,1.083460,1.081260,1.083000,1140.50
2024-03-31T17:00:00+00:00,1.083000,1.083800,1.081240,1.081840,1219.22
2024-03-31T18:00:00+00:00,1.081840,1.082400,1.081140,1.081250,1106.48
2024-03-31T19:00:00+00:00,1.081250,1.082020,1.081160,1.081430,730.19
2024-03-31T20:00:00+00:00,1.081430,1.081640,1.080270,1.080440,1152.17
2024-03-31T21:00:00+00:00,1.080440,1.082630,1.080020,1.081650,1120.69
2024-03-31T22:00:00+00:00,1.081650,1.082570,1.081380,1.082100,629.10
2024-03-31T23:00:00+00:00,1.082100,1.083120,1.079070,1.079910,1875.97
2024-04-01T00:00:00+00:00,1.079910,1.080650,1.079730,1.079790,885.26
2024-04-01T01:00:00+00:00,1.079790,1.079870,1.079600,1.079790,671.67
2024-04-01T02:00:00+00:00,1.079790,1.081200,1.078940,1.080600,810.79
2024-04-01T03:00:00+00:00,1.080600,1.081940,1.080230,1.081790,985.83
2024-04-01T04:00:00+00:00,1.081790,1.081870,1.081390,1.081510,796.87
2024-04-01T05:00:00+00:00,1.081510,1.082900,1.081020,1.082740,1016.02
2024-04-01T06:00:00+00:00,1.082740,1.082880,1.081780,1.082200,1033.32
2024-04-01T07:00:00+00:00,1.082200,1.083230,1.081860,1.083130,836.01
2024-04-01T08:00:00+00:00,1.083130,1.083600,1.083000,1.083050,720.14
2024-04-01T09:00:00+00:00,1.083050,1.083540,1.082950,1.083210,705.78
2024-04-01T10:00:00+00:00,1.083210,1.083640,1.081500,1.082350,1136.42
2024-04-01T11:00:00+00:00,1.082350,1.082640,1.082050,1.082620,606.19
2024-04-01T12:00:00+00:00,1.082620,1.082860,1.082430,1.082820,663.17
2024-04-01T13:00:00+00:00,1.082820,1.083230,1.082560,1.082890,634.88
2024-04-01T14:00:00+00:00,1.082890,1.084270,1.082890,1.083920,1070.50
2024-04-01T15:00:00+00:00,1.083920,1.084180,1.083770,1.084000,795.23
2024-04-01T16:00:00+00:00,1.084000,1.084660,1.083590,1.084260,558.05
2024-04-01T17:00:00+00:00,1.084260,1.086130,1.083350,1.085590,1215.56
2024-04-01T18:00:00+00:00,1.085590,1.085820,1.084500,1.084640,1148.48
2024-04-01T19:00:00+00:00,1.084640,1.085380,1.084620,1.084840,727.47
2024-04-01T20:00:00+00:00,1.084840,1.084910,1.083760,1.084320,1101.98
2024-04-01T21:00:00+00:00,1.084320,1.085060,1.083990,1.084500,584.55
2024-04-01T22:00:00+00:00,1.084500,1.085490,1.084050,1.085290,810.25
2024-04-01T23:00:00+00:00,1.085290,1.086060,1.083600,1.084050,1345.69
2024-04-02T00:00:00+00:00,1.084050,1.085150,1.083490,1.085000,851.51
2024-04-02T01:00:00+00:00,1.085000,1.085750,1.084080,1.084560,871.71
2024-04-02T02:00:00+00:00,1.084560,1.084720,1.084160,1.084700,704.51
2024-04-02T03:00:00+00:00,1.084700,1.085220,1.084600,1.084900,670.06
2024-04-02T04:00:00+00:00,1.084900,1.085360,1.083910,1.084360,931.85
2024-04-02T05:00:00+00:00,1.084360,1.084810,1.082450,1.082610,1656.24
2024-04-02T06:00:00+00:00,1.082610,1.083500,1.081370,1.081420,1344.94
2024-04-02T07:00:00+00:00,1.081420,1.081980,1.081190,1.081260,808.64
2024-04-02T08:00:00+00:00,1.081260,1.082400,1.080760,1.082070,897.15
2024-04-02T09:00:00+00:00,1.082070,1.082640,1.081170,1.082260,642.97
2024-04-02T10:00:00+00:00,1.082260,1.084110,1.081390,1.083650,1072.39
2024-04-02T11:00:00+00:00,1.083650,1.084200,1.083190,1.083420,867.28
2024-04-02T12:00:00+00:00,1.083420,1.084160,1.083280,1.084030,774.16
2024-04-02T13:00:00+00:00,1.084030,1.085340,1.083910,1.084610,819.90
2024-04-02T14:00:00+00:00,1.084610,1.084840,1.084360,1.084550,677.20
2024-04-02T15:00:00+00:00,1.084550,1.085450,1.084130,1.085160,724.45
2024-04-02T16:00:00+00:00,1.085160,1.085900,1.084490,1.084640,985.40
2024-04-02T17:00:00+00:00,1.084640,1.085070,1.084270,1.084370,937.64
2024-04-02T18:00:00+00:00,1.084370,1.084570,1.083440,1.083910,918.11
2024-04-02T19:00:00+00:00,1.083910,1.084500,1.083550,1.084450,820.83
2024-04-02T20:00:00+00:00,1.084450,1.085040,1.084090,1.084950,625.45
2024-04-02T21:00:00+00:00,1.084950,1.086260,1.084350,1.085650,831.42
2024-04-02T22:00:00+00:00,1.085650,1.087200,1.084770,1.086400,921.26
2024-04-02T23:00:00+00:00,1.086400,1.087030,1.086310,1.086970,708.06
2024-04-03T00:00:00+00:00,1.086970,1.088430,1.086320,1.087550,733.07
2024-04-03T01:00:00+00:00,1.087550,1.087860,1.087410,1.087540,716.39
2024-04-03T02:00:00+00:00,1.087540,1.087970,1.087150,1.087240,976.75
2024-04-03T03:00:00+00:00,1.087240,1.087860,1.086910,1.087590,670.75
2024-04-03T04:00:00+00:00,1.087590,1.088590,1.087310,1.088420,785.47
2024-04-03T05:00:00+00:00,1.088420,1.088650,1.088090,1.088610,664.81
2024-04-03T06:00:00+00:00,1.088610,1.090240,1.088610,1.089820,973.16
2024-04-03T07:00:00+00:00,1.089820,1.090640,1.089640,1.090480,777.91
2024-04-03T08:00:00+00:00,1.090480,1.090840,1.090120,1.090480,739.43
2024-04-03T09:00:00+00:00,1.090480,1.090840,1.089150,1.089710,1079.51
2024-04-03T10:00:00+00:00,1.089710,1.091300,1.089110,1.090690,996.70
2024-04-03T11:00:00+00:00,1.090690,1.091320,1.090040,1.090130,1072.45
2024-04-03T12:00:00+00:00,1.090130,1.090900,1.089970,1.090720,712.02
2024-04-03T13:00:00+00:00,1.090720,1.091230,1.090720,1.090870,574.13
2024-04-03T14:00:00+00:00,1.090870,1.091180,1.090330,1.090560,802.09
2024-04-03T15:00:00+00:00,1.090560,1.091980,1.090510,1.091350,864.93
2024-04-03T16:00:00+00:00,1.091350,1.093250,1.091240,1.093140,1454.17
2024-04-03T17:00:00+00:00,1.093140,1.093990,1.091280,1.092030,1205.49
2024-04-03T18:00:00+00:00,1.092030,1.092580,1.091090,1.091330,1098.26
2024-04-03T19:00:00+00:00,1.091330,1.091920,1.090210,1.091040,938.81
2024-04-03T20:00:00+00:00,1.091040,1.093210,1.090290,1.092720,1244.38
2024-04-03T21:00:00+00:00,1.092720,1.093990,1.092310,1.093530,922.07
2024-04-03T22:00:00+00:00,1.093530,1.095500,1.093050,1.095300,1391.96
2024-04-03T23:00:00+00:00,1.095300,1.095580,1.095210,1.095450,591.80
2024-04-04T00:00:00+00:00,1.095450,1.095480,1.094720,1.095370,728.49
2024-04-04T01:00:00+00:00,1.095370,1.095610,1.094530,1.094910,923.75
2024-04-04T02:00:00+00:00,1.094910,1.095120,1.094570,1.095020,647.75
2024-04-04T03:00:00+00:00,1.095020,1.095280,1.094770,1.094960,587.25
2024-04-04T04:00:00+00:00,1.094960,1.096040,1.094930,1.095560,960.39
2024-04-04T05:00:00+00:00,1.095560,1.096290,1.094000,1.094980,828.50
2024-04-04T06:00:00+00:00,1.094980,1.095180,1.094310,1.094950,679.98
2024-04-04T07:00:00+00:00,1.094950,1.095000,1.094170,1.094330,957.60
2024-04-04T08:00:00+00:00,1.094330,1.094540,1.094140,1.094500,697.42
2024-04-04T09:00:00+00:00,1.094500,1.094880,1.092090,1.092960,1275.63
2024-04-04T10:00:00+00:00,1.092960,1.094490,1.092470,1.094480,1448.86
2024-04-04T11:00:00+00:00,1.094480,1.096430,1.094160,1.095740,1245.37
2024-04-04T12:00:00+00:00,1.095740,1.095840,1.095210,1.095260,746.67
2024-04-04T13:00:00+00:00,1.095260,1.096250,1.093340,1.093800,1383.22
2024-04-04T14:00:00+00:00,1.093800,1.094160,1.092600,1.093460,694.98
2024-04-04T15:00:00+00:00,1.093460,1.093770,1.092830,1.093270,729.19
2024-04-04T16:00:00+00:00,1.093270,1.093530,1.092770,1.093190,562.69
2024-04-04T17:00:00+00:00,1.093190,1.093830,1.093070,1.093070,671.74
2024-04-04T18:00:00+00:00,1.093070,1.093610,1.092850,1.093000,564.38
2024-04-04T19:00:00+00:00,1.093000,1.094020,1.092710,1.093930,1103.59
2024-04-04T20:00:00+00:00,1.093930,1.094310,1.093510,1.093720,719.43
2024-04-04T21:00:00+00:00,1.093720,1.095870,1.093140,1.094820,1229.64
2024-04-04T22:00:00+00:00,1.094820,1.096410,1.094370,1.096120,1323.10
2024-04-04T23:00:00+00:00,1.096120,1.096360,1.095520,1.095560,890.98
2024-04-05T00:00:00+00:00,1.095560,1.095580,1.094070,1.094550,1066.14
2024-04-05T01:00:00+00:00,1.094550,1.094850,1.094270,1.094560,615.68
2024-04-05T02:00:00+00:00,1.094560,1.095590,1.093340,1.093960,923.96
2024-04-05T03:00:00+00:00,1.093960,1.095350,1.093490,1.094900,1144.28
2024-04-05T04:00:00+00:00,1.094900,1.095590,1.094700,1.095230,755.95
2024-04-05T05:00:00+00:00,1.095230,1.095360,1.094100,1.094120,1246.02
2024-04-05T06:00:00+00:00,1.094120,1.094470,1.093600,1.093800,732.04
2024-04-05T07:00:00+00:00,1.093800,1.094180,1.092980,1.093370,835.18
2024-04-05T08:00:00+00:00,1.093370,1.093840,1.092480,1.092730,959.43
2024-04-05T09:00:00+00:00,1.092730,1.094270,1.091950,1.093540,949.81
2024-04-05T10:00:00+00:00,1.093540,1.093640,1.092270,1.092740,1024.08
2024-04-05T11:00:00+00:00,1.092740,1.093200,1.091800,1.092020,973.34
2024-04-05T12:00:00+00:00,1.092020,1.092410,1.091130,1.091400,849.01
2024-04-05T13:00:00+00:00,1.091400,1.092940,1.090940,1.092240,1045.02
2024-04-05T14:00:00+00:00,1.092240,1.093430,1.091950,1.092640,874.08
2024-04-05T15:00:00+00:00,1.092640,1.092640,1.090850,1.091440,1294.52
2024-04-05T16:00:00+00:00,1.091440,1.092700,1.090810,1.091970,797.66
2024-04-05T17:00:00+00:00,1.091970,1.094520,1.091960,1.093620,1514.01
2024-04-05T18:00:00+00:00,1.093620,1.094160,1.093370,1.094010,818.86
2024-04-05T19:00:00+00:00,1.094010,1.095490,1.093940,1.095340,1292.03
2024-04-05T20:00:00+00:00,1.095340,1.095950,1.094730,1.095610,772.48
2024-04-05T21:00:00+00:00,1.095610,1.095950,1.095240,1.095550,713.64
2024-04-05T22:00:00+00:00,1.095550,1.096200,1.094230,1.094750,1022.69
2024-04-05T23:00:00+00:00,1.094750,1.095210,1.093580,1.094070,987.76
2024-04-06T00:00:00+00:00,1.094070,1.094230,1.091770,1.092420,1349.91
2024-04-06T01:00:00+00:00,1.092420,1.093010,1.091910,1.092350,674.39
2024-04-06T02:00:00+00:00,1.092350,1.092460,1.092190,1.092350,518.55
2024-04-06T03:00:00+00:00,1.092350,1.092380,1.091130,1.091310,1201.19
2024-04-06T04:00:00+00:00,1.091310,1.091800,1.089490,1.089720,1305.10
2024-04-06T05:00:00+00:00,1.089720,1.089800,1.088960,1.089220,929.80
2024-04-06T06:00:00+00:00,1.089220,1.090400,1.088620,1.089660,876.46
2024-04-06T07:00:00+00:00,1.089660,1.089860,1.088330,1.088940,1049.75
2024-04-06T08:00:00+00:00,1.088940,1.089770,1.088800,1.089340,818.09
2024-04-06T09:00:00+00:00,1.089340,1.091050,1.088630,1.090400,1110.44
2024-04-06T10:00:00+00:00,1.090400,1.091450,1.090280,1.091170,928.15
2024-04-06T11:00:00+00:00,1.091170,1.092670,1.091140,1.092010,959.34
2024-04-06T12:00:00+00:00,1.092010,1.092730,1.091530,1.092220,761.74
2024-04-06T13:00:00+00:00,1.092220,1.092610,1.091360,1.091820,875.48
2024-04-06T14:00:00+00:00,1.091820,1.093280,1.091540,1.092980,1126.72
2024-04-06T15:00:00+00:00,1.092980,1.093740,1.092330,1.093410,777.97
2024-04-06T16:00:00+00:00,1.093410,1.095280,1.092300,1.095070,1470.24
2024-04-06T17:00:00+00:00,1.095070,1.097610,1.094340,1.097050,1613.07
2024-04-06T18:00:00+00:00,1.097050,1.097180,1.097010,1.097100,642.25
2024-04-06T19:00:00+00:00,1.097100,1.098110,1.096540,1.097420,830.19
2024-04-06T20:00:00+00:00,1.097420,1.098640,1.097240,1.098050,917.11
2024-04-06T21:00:00+00:00,1.098050,1.098410,1.096590,1.096970,1044.73
2024-04-06T22:00:00+00:00,1.096970,1.097010,1.096200,1.096370,823.83
2024-04-06T23:00:00+00:00,1.096370,1.097300,1.095520,1.095580,1011.97
2024-04-07T00:00:00+00:00,1.095580,1.095900,1.094170,1.094770,932.44
2024-04-07T01:00:00+00:00,1.094770,1.095200,1.094390,1.094950,617.80
2024-04-07T02:00:00+00:00,1.094950,1.095860,1.094180,1.095760,1057.37
2024-04-07T03:00:00+00:00,1.095760,1.095980,1.094140,1.094330,1361.43
2024-04-07T04:00:00+00:00,1.094330,1.095360,1.094250,1.094590,824.79
2024-04-07T05:00:00+00:00,1.094590,1.095070,1.093160,1.093850,1046.09
2024-04-07T06:00:00+00:00,1.093850,1.094290,1.092940,1.093250,948.44
2024-04-07T07:00:00+00:00,1.093250,1.095360,1.092520,1.095030,1392.62
2024-04-07T08:00:00+00:00,1.095030,1.095480,1.095010,1.095330,693.19
2024-04-07T09:00:00+00:00,1.095330,1.096010,1.095070,1.095510,708.60
2024-04-07T10:00:00+00:00,1.095510,1.096230,1.094380,1.095050,892.91
2024-04-07T11:00:00+00:00,1.095050,1.095610,1.094400,1.094960,706.77
2024-04-07T12:00:00+00:00,1.094960,1.095330,1.093260,1.093540,1315.32
2024-04-07T13:00:00+00:00,1.093540,1.095200,1.093500,1.094620,1118.05
2024-04-07T14:00:00+00:00,1.094620,1.095600,1.094350,1.095250,964.81
2024-04-07T15:00:00+00:00,1.095250,1.095780,1.093930,1.094550,1033.89
2024-04-07T16:00:00+00:00,1.094550,1.094870,1.093660,1.093810,1065.17
2024-04-07T17:00:00+00:00,1.093810,1.093940,1.092280,1.092920,1113.83
2024-04-07T18:00:00+00:00,1.092920,1.093580,1.091940,1.092280,964.84
2024-04-07T19:00:00+00:00,1.092280,1.093350,1.092060,1.093040,1053.22
2024-04-07T20:00:00+00:00,1.093040,1.093440,1.092740,1.093240,770.56
2024-04-07T21:00:00+00:00,1.093240,1.093910,1.091560,1.091900,1177.43
2024-04-07T22:00:00+00:00,1.091900,1.092120,1.091600,1.091970,595.18
2024-04-07T23:00:00+00:00,1.091970,1.092280,1.091960,1.092080,750.76
2024-04-08T00:00:00+00:00,1.092080,1.093200,1.091770,1.092740,875.99
2024-04-08T01:00:00+00:00,1.092740,1.093060,1.090770,1.091540,1213.22
2024-04-08T02:00:00+00:00,1.091540,1.091850,1.091360,1.091680,612.43
2024-04-08T03:00:00+00:00,1.091680,1.092160,1.091650,1.091730,641.02
2024-04-08T04:00:00+00:00,1.091730,1.092540,1.091560,1.092180,810.13
2024-04-08T05:00:00+00:00,1.092180,1.092990,1.092040,1.092750,832.02
2024-04-08T06:00:00+00:00,1.092750,1.093320,1.092590,1.093230,860.66
2024-04-08T07:00:00+00:00,1.093230,1.094030,1.092740,1.093310,556.43
2024-04-08T08:00:00+00:00,1.093310,1.095500,1.092540,1.095360,1574.65
2024-04-08T09:00:00+00:00,1.095360,1.096400,1.095150,1.096060,899.77
2024-04-08T10:00:00+00:00,1.096060,1.096620,1.095310,1.096090,575.01
2024-04-08T11:00:00+00:00,1.096090,1.096430,1.094750,1.095210,1065.45
2024-04-08T12:00:00+00:00,1.095210,1.096730,1.095160,1.096400,1266.71
2024-04-08T13:00:00+00:00,1.096400,1.097140,1.096310,1.096920,960.90
2024-04-08T14:00:00+00:00,1.096920,1.098420,1.096690,1.097910,1049.89
2024-04-08T15:00:00+00:00,1.097910,1.097950,1.096900,1.097260,917.73
2024-04-08T16:00:00+00:00,1.097260,1.098160,1.097190,1.098110,967.63
2024-04-08T17:00:00+00:00,1.098110,1.098630,1.096960,1.097520,969.69
2024-04-08T18:00:00+00:00,1.097520,1.099820,1.097210,1.099120,1442.87
2024-04-08T19:00:00+00:00,1.099120,1.100700,1.098690,1.100180,1183.18
2024-04-08T20:00:00+00:00,1.100180,1.100420,1.100050,1.100150,631.82
2024-04-08T21:00:00+00:00,1.100150,1.101030,1.099960,1.100730,913.83
2024-04-08T22:00:00+00:00,1.100730,1.101560,1.099480,1.100040,898.70
2024-04-08T23:00:00+00:00,1.100040,1.100730,1.099540,1.100210,666.95
2024-04-09T00:00:00+00:00,1.100210,1.100480,1.100040,1.100110,587.21
2024-04-09T01:00:00+00:00,1.100110,1.101840,1.100080,1.101690,1317.73
2024-04-09T02:00:00+00:00,1.101690,1.102680,1.101660,1.102560,1073.18
2024-04-09T03:00:00+00:00,1.102560,1.103410,1.101100,1.101200,1236.58
2024-04-09T04:00:00+00:00,1.101200,1.101380,1.099980,1.100380,853.55
2024-04-09T05:00:00+00:00,1.100380,1.101270,1.098570,1.098820,1186.12
2024-04-09T06:00:00+00:00,1.098820,1.098980,1.098180,1.098520,706.99
2024-04-09T07:00:00+00:00,1.098520,1.099830,1.097760,1.098990,1038.83
2024-04-09T08:00:00+00:00,1.098990,1.099190,1.097530,1.098280,757.87
2024-04-09T09:00:00+00:00,1.098280,1.099130,1.097810,1.098720,1047.11
2024-04-09T10:00:00+00:00,1.098720,1.098790,1.098120,1.098160,660.47
2024-04-09T11:00:00+00:00,1.098160,1.098520,1.097550,1.097750,678.57
2024-04-09T12:00:00+00:00,1.097750,1.098290,1.095830,1.096080,1211.62
2024-04-09T13:00:00+00:00,1.096080,1.096550,1.095040,1.095120,996.28
2024-04-09T14:00:00+00:00,1.095120,1.095170,1.093960,1.094200,958.65
2024-04-09T15:00:00+00:00,1.094200,1.095660,1.094110,1.095170,1251.89
2024-04-09T16:00:00+00:00,1.095170,1.095890,1.093290,1.093800,1064.22
2024-04-09T17:00:00+00:00,1.093800,1.094710,1.093790,1.094510,1137.52
2024-04-09T18:00:00+00:00,1.094510,1.094790,1.094440,1.094600,767.68
2024-04-09T19:00:00+00:00,1.094600,1.095420,1.092980,1.093560,1009.16
2024-04-09T20:00:00+00:00,1.093560,1.094480,1.093290,1.094120,929.33
2024-04-09T21:00:00+00:00,1.094120,1.094420,1.094070,1.094200,729.30
2024-04-09T22:00:00+00:00,1.094200,1.095370,1.094030,1.095180,1144.25
2024-04-09T23:00:00+00:00,1.095180,1.095500,1.094650,1.095210,728.53
2024-04-10T00:00:00+00:00,1.095210,1.095750,1.094230,1.094450,920.02
2024-04-10T01:00:00+00:00,1.094450,1.094900,1.094240,1.094820,884.53
2024-04-10T02:00:00+00:00,1.094820,1.095610,1.093810,1.094430,699.51
2024-04-10T03:00:00+00:00,1.094430,1.094930,1.093300,1.093670,826.63
2024-04-10T04:00:00+00:00,1.093670,1.094770,1.092890,1.094770,1248.09
2024-04-10T05:00:00+00:00,1.094770,1.094790,1.093790,1.093970,819.03
2024-04-10T06:00:00+00:00,1.093970,1.095610,1.093120,1.094700,1168.96
2024-04-10T07:00:00+00:00,1.094700,1.095110,1.093280,1.093410,1024.56
2024-04-10T08:00:00+00:00,1.093410,1.093960,1.091790,1.092770,791.42
2024-04-10T09:00:00+00:00,1.092770,1.094230,1.092730,1.093740,1200.42
2024-04-10T10:00:00+00:00,1.093740,1.094560,1.092890,1.093220,808.30
2024-04-10T11:00:00+00:00,1.093220,1.094500,1.092670,1.094380,1364.93
2024-04-10T12:00:00+00:00,1.094380,1.094800,1.093690,1.093700,766.17
2024-04-10T13:00:00+00:00,1.093700,1.095350,1.093180,1.094620,1122.04
2024-04-10T14:00:00+00:00,1.094620,1.095250,1.094060,1.095080,909.89
2024-04-10T15:00:00+00:00,1.095080,1.096570,1.094260,1.096100,1257.76
2024-04-10T16:00:00+00:00,1.096100,1.096350,1.093960,1.094730,1124.20
2024-04-10T17:00:00+00:00,1.094730,1.095040,1.094610,1.094770,702.56
2024-04-10T18:00:00+00:00,1.094770,1.095840,1.094390,1.095790,1247.96
2024-04-10T19:00:00+00:00,1.095790,1.096140,1.094900,1.095370,704.20
2024-04-10T20:00:00+00:00,1.095370,1.095710,1.094530,1.095110,610.95
2024-04-10T21:00:00+00:00,1.095110,1.095540,1.094330,1.094520,785.74
2024-04-10T22:00:00+00:00,1.094520,1.095220,1.093230,1.093650,799.26
2024-04-10T23:00:00+00:00,1.093650,1.093670,1.092300,1.092800,980.79
2024-04-11T00:00:00+00:00,1.092800,1.092890,1.091780,1.092010,870.23
2024-04-11T01:00:00+00:00,1.092010,1.092850,1.090950,1.091880,586.56
2024-04-11T02:00:00+00:00,1.091880,1.092400,1.091480,1.092220,811.24
2024-04-11T03:00:00+00:00,1.092220,1.092710,1.092120,1.092440,772.90
2024-04-11T04:00:00+00:00,1.092440,1.092910,1.092220,1.092380,811.91
2024-04-11T05:00:00+00:00,1.092380,1.092560,1.091780,1.092440,732.88
2024-04-11T06:00:00+00:00,1.092440,1.092460,1.091940,1.091950,726.95
2024-04-11T07:00:00+00:00,1.091950,1.092010,1.090840,1.091710,569.15
2024-04-11T08:00:00+00:00,1.091710,1.092010,1.091040,1.091290,628.13
2024-04-11T09:00:00+00:00,1.091290,1.091500,1.090980,1.091430,751.52
2024-04-11T10:00:00+00:00,1.091430,1.091490,1.089390,1.089620,1368.78
2024-04-11T11:00:00+00:00,1.089620,1.090810,1.089320,1.090420,1117.81
2024-04-11T12:00:00+00:00,1.090420,1.090490,1.089690,1.089770,842.24
2024-04-11T13:00:00+00:00,1.089770,1.090150,1.087800,1.088490,1022.11
2024-04-11T14:00:00+00:00,1.088490,1.088790,1.087000,1.087400,1007.20
2024-04-11T15:00:00+00:00,1.087400,1.087880,1.086770,1.087380,672.98
2024-04-11T16:00:00+00:00,1.087380,1.088530,1.086820,1.088280,978.14
2024-04-11T17:00:00+00:00,1.088280,1.088670,1.087410,1.087460,1221.23
2024-04-11T18:00:00+00:00,1.087460,1.087560,1.087380,1.087450,645.02
2024-04-11T19:00:00+00:00,1.087450,1.088320,1.087020,1.088050,738.67
2024-04-11T20:00:00+00:00,1.088050,1.088430,1.088010,1.088420,561.34
2024-04-11T21:00:00+00:00,1.088420,1.090240,1.088190,1.089360,857.96
2024-04-11T22:00:00+00:00,1.089360,1.090720,1.089000,1.089910,726.26
2024-04-11T23:00:00+00:00,1.089910,1.090010,1.089130,1.089380,998.35
2024-04-12T00:00:00+00:00,1.089380,1.090170,1.088330,1.088570,1227.71
2024-04-12T01:00:00+00:00,1.088570,1.089200,1.087970,1.088850,664.57
2024-04-12T02:00:00+00:00,1.088850,1.089180,1.088470,1.089080,550.88
2024-04-12T03:00:00+00:00,1.089080,1.090610,1.088910,1.090060,1033.28
2024-04-12T04:00:00+00:00,1.090060,1.090350,1.089750,1.090130,638.96
2024-04-12T05:00:00+00:00,1.090130,1.091090,1.089090,1.089740,842.88
2024-04-12T06:00:00+00:00,1.089740,1.089870,1.089320,1.089630,707.70
2024-04-12T07:00:00+00:00,1.089630,1.089860,1.089360,1.089770,615.05
2024-04-12T08:00:00+00:00,1.089770,1.090110,1.089020,1.089030,1013.80
2024-04-12T09:00:00+00:00,1.089030,1.089370,1.088820,1.089090,668.67
2024-04-12T10:00:00+00:00,1.089090,1.089580,1.088630,1.088790,843.19
2024-04-12T11:00:00+00:00,1.088790,1.088900,1.088490,1.088650,736.10
2024-04-12T12:00:00+00:00,1.088650,1.089840,1.088580,1.089160,739.96
2024-04-12T13:00:00+00:00,1.089160,1.089480,1.089120,1.089460,661.83
2024-04-12T14:00:00+00:00,1.089460,1.089590,1.088280,1.088760,1103.65
2024-04-12T15:00:00+00:00,1.088760,1.089920,1.087990,1.089840,1069.16
2024-04-12T16:00:00+00:00,1.089840,1.090670,1.089330,1.090310,609.64
2024-04-12T17:00:00+00:00,1.090310,1.091400,1.090020,1.091090,927.67
2024-04-12T18:00:00+00:00,1.091090,1.091830,1.090980,1.091700,721.05
2024-04-12T19:00:00+00:00,1.091700,1.093030,1.091690,1.092630,969.27
2024-04-12T20:00:00+00:00,1.092630,1.093510,1.092570,1.093200,731.93
2024-04-12T21:00:00+00:00,1.093200,1.093370,1.092830,1.092900,826.81
2024-04-12T22:00:00+00:00,1.092900,1.093600,1.092330,1.093580,817.30
2024-04-12T23:00:00+00:00,1.093580,1.094710,1.092860,1.094170,734.32
2024-04-13T00:00:00+00:00,1.094170,1.095050,1.093210,1.093740,886.39
2024-04-13T01:00:00+00:00,1.093740,1.095560,1.093460,1.094770,1013.51
2024-04-13T02:00:00+00:00,1.094770,1.094910,1.094290,1.094470,906.91
2024-04-13T03:00:00+00:00,1.094470,1.095080,1.092840,1.092970,1519.64
2024-04-13T04:00:00+00:00,1.092970,1.093400,1.091840,1.092420,1031.31
2024-04-13T05:00:00+00:00,1.092420,1.093860,1.092030,1.093290,924.91
2024-04-13T06:00:00+00:00,1.093290,1.093460,1.091830,1.092360,1174.88
2024-04-13T07:00:00+00:00,1.092360,1.092390,1.092120,1.092360,697.06
2024-04-13T08:00:00+00:00,1.092360,1.094310,1.091960,1.093540,1033.01
2024-04-13T09:00:00+00:00,1.093540,1.093570,1.090990,1.091360,1833.98
2024-04-13T10:00:00+00:00,1.091360,1.092000,1.091240,1.091650,538.36
2024-04-13T11:00:00+00:00,1.091650,1.092760,1.091240,1.091900,572.17
2024-04-13T12:00:00+00:00,1.091900,1.092150,1.091390,1.091660,825.48
2024-04-13T13:00:00+00:00,1.091660,1.092000,1.090300,1.090720,1270.42
2024-04-13T14:00:00+00:00,1.090720,1.091680,1.090640,1.090930,550.17
2024-04-13T15:00:00+00:00,1.090930,1.091840,1.090900,1.091800,978.53
2024-04-13T16:00:00+00:00,1.091800,1.092680,1.090650,1.091090,1081.90
2024-04-13T17:00:00+00:00,1.091090,1.092840,1.090860,1.091970,805.82
2024-04-13T18:00:00+00:00,1.091970,1.093120,1.091580,1.092920,841.56
2024-04-13T19:00:00+00:00,1.092920,1.094040,1.092400,1.093880,1029.44
2024-04-13T20:00:00+00:00,1.093880,1.094240,1.093300,1.094090,576.41
2024-04-13T21:00:00+00:00,1.094090,1.094490,1.093680,1.094420,666.00
2024-04-13T22:00:00+00:00,1.094420,1.095970,1.094230,1.095700,1196.29
2024-04-13T23:00:00+00:00,1.095700,1.096120,1.095330,1.095660,807.32
2024-04-14T00:00:00+00:00,1.095660,1.096440,1.095540,1.096410,930.22
2024-04-14T01:00:00+00:00,1.096410,1.098000,1.096060,1.097290,827.14
2024-04-14T02:00:00+00:00,1.097290,1.097710,1.096820,1.097370,616.23
2024-04-14T03:00:00+00:00,1.097370,1.098580,1.097240,1.098280,879.90
2024-04-14T04:00:00+00:00,1.098280,1.098760,1.097880,1.098220,759.63
2024-04-14T05:00:00+00:00,1.098220,1.099290,1.098050,1.098760,1065.57
2024-04-14T06:00:00+00:00,1.098760,1.098900,1.096870,1.097260,1172.85
2024-04-14T07:00:00+00:00,1.097260,1.098080,1.097070,1.097840,1002.99
2024-04-14T08:00:00+00:00,1.097840,1.098960,1.097390,1.098310,984.47
2024-04-14T09:00:00+00:00,1.098310,1.098330,1.096980,1.097600,894.64
2024-04-14T10:00:00+00:00,1.097600,1.098820,1.097470,1.098350,1209.22
2024-04-14T11:00:00+00:00,1.098350,1.098760,1.097540,1.097900,692.82
2024-04-14T12:00:00+00:00,1.097900,1.098480,1.096950,1.097130,745.78
2024-04-14T13:00:00+00:00,1.097130,1.099320,1.096340,1.099040,1686.90
2024-04-14T14:00:00+00:00,1.099040,1.099310,1.097650,1.097760,1123.93
2024-04-14T15:00:00+00:00,1.097760,1.098690,1.097380,1.098160,998.09
2024-04-14T16:00:00+00:00,1.098160,1.098810,1.095860,1.096580,1216.20
2024-04-14T17:00:00+00:00,1.096580,1.096840,1.095860,1.096090,656.67
2024-04-14T18:00:00+00:00,1.096090,1.096230,1.095240,1.095570,644.43
2024-04-14T19:00:00+00:00,1.095570,1.096270,1.095130,1.096020,1001.40
2024-04-14T20:00:00+00:00,1.096020,1.096700,1.095400,1.096110,692.00
2024-04-14T21:00:00+00:00,1.096110,1.096180,1.094440,1.095310,943.80
2024-04-14T22:00:00+00:00,1.095310,1.096430,1.094870,1.095920,1119.78
2024-04-14T23:00:00+00:00,1.095920,1.096990,1.095900,1.096160,827.90
2024-04-15T00:00:00+00:00,1.096160,1.096930,1.094800,1.095440,786.78
2024-04-15T01:00:00+00:00,1.095440,1.096430,1.095230,1.096390,1189.32
2024-04-15T02:00:00+00:00,1.096390,1.096590,1.095570,1.095980,580.94
2024-04-15T03:00:00+00:00,1.095980,1.097280,1.092840,1.094100,1360.24
2024-04-15T04:00:00+00:00,1.094100,1.094130,1.093590,1.093980,762.44
2024-04-15T05:00:00+00:00,1.093980,1.094740,1.093470,1.094480,1034.60
2024-04-15T06:00:00+00:00,1.094480,1.094830,1.092770,1.093310,1029.79
2024-04-15T07:00:00+00:00,1.093310,1.093520,1.092280,1.092470,917.84
2024-04-15T08:00:00+00:00,1.092470,1.093060,1.090360,1.091020,1230.20
2024-04-15T09:00:00+00:00,1.091020,1.091740,1.090240,1.090340,729.79
2024-04-15T10:00:00+00:00,1.090340,1.090990,1.089960,1.090970,1093.11
2024-04-15T11:00:00+00:00,1.090970,1.091240,1.090680,1.090910,620.90
2024-04-15T12:00:00+00:00,1.090910,1.091500,1.090070,1.090560,678.12
2024-04-15T13:00:00+00:00,1.090560,1.090930,1.087870,1.088940,1192.23
2024-04-15T14:00:00+00:00,1.088940,1.090040,1.088530,1.089370,962.90
2024-04-15T15:00:00+00:00,1.089370,1.090210,1.087860,1.088410,885.83
2024-04-15T16:00:00+00:00,1.088410,1.089150,1.085870,1.086690,1400.78
2024-04-15T17:00:00+00:00,1.086690,1.087860,1.086650,1.087390,1065.97
2024-04-15T18:00:00+00:00,1.087390,1.089330,1.086340,1.088780,1353.89
2024-04-15T19:00:00+00:00,1.088780,1.089110,1.086810,1.087280,1214.42
2024-04-15T20:00:00+00:00,1.087280,1.087360,1.086980,1.087120,671.03
2024-04-15T21:00:00+00:00,1.087120,1.087640,1.086260,1.086780,564.39
2024-04-15T22:00:00+00:00,1.086780,1.087300,1.085320,1.085550,1114.63
2024-04-15T23:00:00+00:00,1.085550,1.085560,1.084880,1.085190,633.78
2024-04-16T00:00:00+00:00,1.085190,1.085520,1.084380,1.084900,647.05
2024-04-16T01:00:00+00:00,1.084900,1.085570,1.083700,1.084030,942.37
2024-04-16T02:00:00+00:00,1.084030,1.085660,1.083650,1.084820,1159.92
2024-04-16T03:00:00+00:00,1.084820,1.085160,1.084390,1.084640,684.47
2024-04-16T04:00:00+00:00,1.084640,1.084670,1.083160,1.083400,1053.22
2024-04-16T05:00:00+00:00,1.083400,1.084850,1.082850,1.084220,1106.99
2024-04-16T06:00:00+00:00,1.084220,1.084400,1.083930,1.084010,614.85
2024-04-16T07:00:00+00:00,1.084010,1.085020,1.083870,1.084630,985.49
2024-04-16T08:00:00+00:00,1.084630,1.085420,1.083850,1.085290,996.20
2024-04-16T09:00:00+00:00,1.085290,1.085520,1.084760,1.084840,765.03
2024-04-16T10:00:00+00:00,1.084840,1.085300,1.083460,1.083600,1103.86
2024-04-16T11:00:00+00:00,1.083600,1.084220,1.082150,1.083160,727.76
2024-04-16T12:00:00+00:00,1.083160,1.083250,1.082650,1.083140,715.45
2024-04-16T13:00:00+00:00,1.083140,1.083710,1.081650,1.082160,910.66
2024-04-16T14:00:00+00:00,1.082160,1.082860,1.081950,1.082300,792.19
2024-04-16T15:00:00+00:00,1.082300,1.082420,1.082200,1.082290,654.70
2024-04-16T16:00:00+00:00,1.082290,1.082990,1.081820,1.082280,710.63
2024-04-16T17:00:00+00:00,1.082280,1.083040,1.081210,1.081760,815.44
2024-04-16T18:00:00+00:00,1.081760,1.082750,1.081180,1.082290,986.19
2024-04-16T19:00:00+00:00,1.082290,1.082300,1.081940,1.082170,650.03
2024-04-16T20:00:00+00:00,1.082170,1.082600,1.081890,1.082580,867.11
2024-04-16T21:00:00+00:00,1.082580,1.083050,1.082560,1.082830,890.72
2024-04-16T22:00:00+00:00,1.082830,1.083530,1.082150,1.082410,716.04
2024-04-16T23:00:00+00:00,1.082410,1.083020,1.081630,1.082300,733.63
2024-04-17T00:00:00+00:00,1.082300,1.083070,1.081520,1.082550,936.64
2024-04-17T01:00:00+00:00,1.082550,1.082850,1.081830,1.082330,687.36
2024-04-17T02:00:00+00:00,1.082330,1.082390,1.080710,1.081280,1046.18
2024-04-17T03:00:00+00:00,1.081280,1.082110,1.080260,1.081140,752.75
2024-04-17T04:00:00+00:00,1.081140,1.081390,1.080620,1.080900,555.35
2024-04-17T05:00:00+00:00,1.080900,1.081300,1.080110,1.080660,707.63
2024-04-17T06:00:00+00:00,1.080660,1.080930,1.080640,1.080800,810.48
2024-04-17T07:00:00+00:00,1.080800,1.081430,1.080200,1.080490,653.53
2024-04-17T08:00:00+00:00,1.080490,1.080630,1.080440,1.080570,875.56
2024-04-17T09:00:00+00:00,1.080570,1.081190,1.080170,1.080600,813.25
2024-04-17T10:00:00+00:00,1.080600,1.081660,1.079940,1.080930,861.84
2024-04-17T11:00:00+00:00,1.080930,1.081590,1.080480,1.080650,603.85
2024-04-17T12:00:00+00:00,1.080650,1.081230,1.078740,1.079580,991.95
2024-04-17T13:00:00+00:00,1.079580,1.079650,1.078700,1.078830,836.40
2024-04-17T14:00:00+00:00,1.078830,1.079860,1.078320,1.079500,1158.33
2024-04-17T15:00:00+00:00,1.079500,1.080250,1.079430,1.080070,1117.50
2024-04-17T16:00:00+00:00,1.080070,1.081090,1.077750,1.077790,1546.78
2024-04-17T17:00:00+00:00,1.077790,1.080330,1.077370,1.079350,1449.44
2024-04-17T18:00:00+00:00,1.079350,1.079810,1.078190,1.078920,634.26
2024-04-17T19:00:00+00:00,1.078920,1.079490,1.078880,1.079390,886.88
2024-04-17T20:00:00+00:00,1.079390,1.079780,1.078340,1.078530,820.87
2024-04-17T21:00:00+00:00,1.078530,1.078800,1.077940,1.078090,659.01
2024-04-17T22:00:00+00:00,1.078090,1.078920,1.075020,1.075500,1769.10
2024-04-17T23:00:00+00:00,1.075500,1.075580,1.074420,1.075090,735.73
2024-04-18T00:00:00+00:00,1.075090,1.075570,1.074480,1.075160,695.88
2024-04-18T01:00:00+00:00,1.075160,1.076100,1.074290,1.075580,959.28
2024-04-18T02:00:00+00:00,1.075580,1.075890,1.075030,1.075110,777.70
2024-04-18T03:00:00+00:00,1.075110,1.075120,1.074210,1.074510,686.01
2024-04-18T04:00:00+00:00,1.074510,1.074760,1.074480,1.074490,751.17
2024-04-18T05:00:00+00:00,1.074490,1.074830,1.072180,1.073280,1136.29
2024-04-18T06:00:00+00:00,1.073280,1.073970,1.073210,1.073420,864.89
2024-04-18T07:00:00+00:00,1.073420,1.073810,1.071280,1.071890,1285.43
2024-04-18T08:00:00+00:00,1.071890,1.072860,1.070740,1.071680,661.56
2024-04-18T09:00:00+00:00,1.071680,1.072020,1.070520,1.070730,936.81
2024-04-18T10:00:00+00:00,1.070730,1.071000,1.069760,1.070340,713.32
2024-04-18T11:00:00+00:00,1.070340,1.071320,1.068100,1.068380,1420.80
2024-04-18T12:00:00+00:00,1.068380,1.068540,1.068190,1.068210,587.58
2024-04-18T13:00:00+00:00,1.068210,1.068870,1.067300,1.067870,563.96
2024-04-18T14:00:00+00:00,1.067870,1.068980,1.067640,1.068880,1294.33
2024-04-18T15:00:00+00:00,1.068880,1.069540,1.066880,1.067550,1160.50
2024-04-18T16:00:00+00:00,1.067550,1.067590,1.065160,1.065940,1176.29
2024-04-18T17:00:00+00:00,1.065940,1.066360,1.065010,1.065420,628.54
2024-04-18T18:00:00+00:00,1.065420,1.065800,1.064820,1.065050,579.10
2024-04-18T19:00:00+00:00,1.065050,1.065500,1.065050,1.065300,852.18
2024-04-18T20:00:00+00:00,1.065300,1.065920,1.065250,1.065510,908.78
2024-04-18T21:00:00+00:00,1.065510,1.065910,1.065180,1.065570,754.23
2024-04-18T22:00:00+00:00,1.065570,1.068290,1.065260,1.067400,1616.40
2024-04-18T23:00:00+00:00,1.067400,1.067660,1.064330,1.065410,1507.41
2024-04-19T00:00:00+00:00,1.065410,1.065660,1.064760,1.065450,665.08
2024-04-19T01:00:00+00:00,1.065450,1.065920,1.064790,1.065280,586.00
2024-04-19T02:00:00+00:00,1.065280,1.065290,1.064050,1.064410,877.58
2024-04-19T03:00:00+00:00,1.064410,1.064750,1.064020,1.064050,586.70
2024-04-19T04:00:00+00:00,1.064050,1.064710,1.063850,1.064580,962.39
2024-04-19T05:00:00+00:00,1.064580,1.065360,1.063880,1.064070,800.73
2024-04-19T06:00:00+00:00,1.064070,1.065000,1.062860,1.063640,614.17
2024-04-19T07:00:00+00:00,1.063640,1.063980,1.062000,1.062440,1090.34
2024-04-19T08:00:00+00:00,1.062440,1.063910,1.062340,1.063360,1151.76
2024-04-19T09:00:00+00:00,1.063360,1.063660,1.062750,1.063090,502.98
2024-04-19T10:00:00+00:00,1.063090,1.063430,1.062790,1.063130,852.86
2024-04-19T11:00:00+00:00,1.063130,1.064110,1.061870,1.061940,1073.48
2024-04-19T12:00:00+00:00,1.061940,1.062560,1.060920,1.061630,638.42
2024-04-19T13:00:00+00:00,1.061630,1.061850,1.060730,1.061430,590.45
2024-04-19T14:00:00+00:00,1.061430,1.061440,1.060550,1.060780,841.29
2024-04-19T15:00:00+00:00,1.060780,1.061340,1.060760,1.061010,949.73
2024-04-19T16:00:00+00:00,1.061010,1.061230,1.060260,1.060850,729.60
2024-04-19T17:00:00+00:00,1.060850,1.061120,1.059700,1.060460,662.74
2024-04-19T18:00:00+00:00,1.060460,1.061310,1.059890,1.061270,1161.34
2024-04-19T19:00:00+00:00,1.061270,1.061390,1.060460,1.060810,652.24
2024-04-19T20:00:00+00:00,1.060810,1.061760,1.059760,1.060070,839.64
2024-04-19T21:00:00+00:00,1.060070,1.062870,1.058820,1.062150,1773.78
2024-04-19T22:00:00+00:00,1.062150,1.062630,1.062060,1.062110,656.42
2024-04-19T23:00:00+00:00,1.062110,1.063100,1.061270,1.062290,880.71
2024-04-20T00:00:00+00:00,1.062290,1.062370,1.061370,1.061910,662.32
2024-04-20T01:00:00+00:00,1.061910,1.062180,1.061420,1.061530,727.92
2024-04-20T02:00:00+00:00,1.061530,1.062020,1.061400,1.061590,725.74
2024-04-20T03:00:00+00:00,1.061590,1.062130,1.061280,1.061370,615.22
2024-04-20T04:00:00+00:00,1.061370,1.062280,1.059550,1.060010,1096.96
2024-04-20T05:00:00+00:00,1.060010,1.060300,1.059080,1.059500,619.32
2024-04-20T06:00:00+00:00,1.059500,1.059920,1.057320,1.057860,1343.58
2024-04-20T07:00:00+00:00,1.057860,1.058130,1.057830,1.057940,848.18
2024-04-20T08:00:00+00:00,1.057940,1.058190,1.056370,1.056910,898.72
2024-04-20T09:00:00+00:00,1.056910,1.057070,1.056530,1.056890,823.52
2024-04-20T10:00:00+00:00,1.056890,1.056990,1.055040,1.055520,1172.86
2024-04-20T11:00:00+00:00,1.055520,1.055740,1.054820,1.055030,778.42
2024-04-20T12:00:00+00:00,1.055030,1.055610,1.053310,1.054030,945.20
2024-04-20T13:00:00+00:00,1.054030,1.054220,1.052660,1.052700,1200.55
2024-04-20T14:00:00+00:00,1.052700,1.053150,1.052430,1.052990,983.81
2024-04-20T15:00:00+00:00,1.052990,1.053070,1.052810,1.052850,722.49
2024-04-20T16:00:00+00:00,1.052850,1.053270,1.051990,1.052120,777.10
2024-04-20T17:00:00+00:00,1.052120,1.052930,1.050960,1.051430,883.96
2024-04-20T18:00:00+00:00,1.051430,1.052860,1.050820,1.052780,1359.34
2024-04-20T19:00:00+00:00,1.052780,1.052910,1.052030,1.052390,606.56
2024-04-20T20:00:00+00:00,1.052390,1.053380,1.052190,1.052730,861.47
2024-04-20T21:00:00+00:00,1.052730,1.052840,1.052040,1.052370,660.08
2024-04-20T22:00:00+00:00,1.052370,1.052830,1.051470,1.051480,993.51
2024-04-20T23:00:00+00:00,1.051480,1.051800,1.050330,1.050420,898.02
2024-04-21T00:00:00+00:00,1.050420,1.051240,1.048700,1.049500,901.51
2024-04-21T01:00:00+00:00,1.049500,1.052250,1.049140,1.051080,1627.56
2024-04-21T02:00:00+00:00,1.051080,1.051790,1.048820,1.049230,1398.27
2024-04-21T03:00:00+00:00,1.049230,1.049770,1.048730,1.048890,571.41
2024-04-21T04:00:00+00:00,1.048890,1.049250,1.046500,1.047490,1164.24
2024-04-21T05:00:00+00:00,1.047490,1.049020,1.047060,1.048500,1315.83
2024-04-21T06:00:00+00:00,1.048500,1.050250,1.048420,1.050140,1521.25
2024-04-21T07:00:00+00:00,1.050140,1.050250,1.049540,1.049830,653.61
2024-04-21T08:00:00+00:00,1.049830,1.051450,1.049170,1.050710,1086.54
2024-04-21T09:00:00+00:00,1.050710,1.051550,1.050350,1.050820,799.28
2024-04-21T10:00:00+00:00,1.050820,1.051040,1.050800,1.050920,826.24
2024-04-21T11:00:00+00:00,1.050920,1.051730,1.050690,1.051390,1041.34
2024-04-21T12:00:00+00:00,1.051390,1.051660,1.051020,1.051110,671.39
2024-04-21T13:00:00+00:00,1.051110,1.051400,1.050870,1.051290,753.75
2024-04-21T14:00:00+00:00,1.051290,1.053020,1.051040,1.052190,1272.51
2024-04-21T15:00:00+00:00,1.052190,1.052360,1.051890,1.052050,738.42
2024-04-21T16:00:00+00:00,1.052050,1.053810,1.051890,1.053500,1387.21
2024-04-21T17:00:00+00:00,1.053500,1.053520,1.051860,1.052750,841.06
2024-04-21T18:00:00+00:00,1.052750,1.053150,1.051250,1.051730,982.39
2024-04-21T19:00:00+00:00,1.051730,1.052400,1.051610,1.052020,917.65
2024-04-21T20:00:00+00:00,1.052020,1.053510,1.051290,1.052630,1016.91
2024-04-21T21:00:00+00:00,1.052630,1.052640,1.050700,1.051060,1326.99
2024-04-21T22:00:00+00:00,1.051060,1.051190,1.050210,1.050510,1060.87
2024-04-21T23:00:00+00:00,1.050510,1.050900,1.050310,1.050810,602.25
2024-04-22T00:00:00+00:00,1.050810,1.052760,1.050270,1.052170,1208.89
2024-04-22T01:00:00+00:00,1.052170,1.052620,1.051820,1.051900,950.17
2024-04-22T02:00:00+00:00,1.051900,1.052860,1.051330,1.052720,932.31
2024-04-22T03:00:00+00:00,1.052720,1.053300,1.052120,1.053020,543.66
2024-04-22T04:00:00+00:00,1.053020,1.053190,1.052560,1.052640,918.12
2024-04-22T05:00:00+00:00,1.052640,1.054740,1.052180,1.054030,1186.16
2024-04-22T06:00:00+00:00,1.054030,1.054960,1.053820,1.054830,925.22
2024-04-22T07:00:00+00:00,1.054830,1.055360,1.054230,1.054910,651.26
2024-04-22T08:00:00+00:00,1.054910,1.054960,1.053290,1.054130,1136.23
2024-04-22T09:00:00+00:00,1.054130,1.054650,1.052060,1.052800,1391.07
2024-04-22T10:00:00+00:00,1.052800,1.054270,1.052480,1.053690,836.50
2024-04-22T11:00:00+00:00,1.053690,1.056770,1.053640,1.056300,1751.53
2024-04-22T12:00:00+00:00,1.056300,1.057470,1.055910,1.057340,950.69
2024-04-22T13:00:00+00:00,1.057340,1.057900,1.056190,1.056980,921.88
2024-04-22T14:00:00+00:00,1.056980,1.058640,1.056970,1.058150,1031.08
2024-04-22T15:00:00+00:00,1.058150,1.058600,1.058150,1.058280,687.54
2024-04-22T16:00:00+00:00,1.058280,1.059270,1.057780,1.059030,797.94
2024-04-22T17:00:00+00:00,1.059030,1.059700,1.058430,1.058690,890.24
2024-04-22T18:00:00+00:00,1.058690,1.058870,1.057820,1.058190,1022.84
2024-04-22T19:00:00+00:00,1.058190,1.059740,1.057540,1.058920,914.33
2024-04-22T20:00:00+00:00,1.058920,1.060070,1.057950,1.059880,982.99
2024-04-22T21:00:00+00:00,1.059880,1.060200,1.059150,1.059520,841.22
2024-04-22T22:00:00+00:00,1.059520,1.060570,1.059000,1.060460,980.64
2024-04-22T23:00:00+00:00,1.060460,1.061790,1.060120,1.061620,1026.61
2024-04-23T00:00:00+00:00,1.061620,1.062380,1.058880,1.059670,1692.83
2024-04-23T01:00:00+00:00,1.059670,1.060050,1.059110,1.059890,539.13
2024-04-23T02:00:00+00:00,1.059890,1.060660,1.059180,1.059690,920.36
2024-04-23T03:00:00+00:00,1.059690,1.061010,1.058720,1.060630,882.34
2024-04-23T04:00:00+00:00,1.060630,1.061430,1.060430,1.061110,730.94
2024-04-23T05:00:00+00:00,1.061110,1.061960,1.060810,1.061690,829.95
2024-04-23T06:00:00+00:00,1.061690,1.062800,1.061480,1.061830,609.21
2024-04-23T07:00:00+00:00,1.061830,1.062200,1.061300,1.061610,776.01
2024-04-23T08:00:00+00:00,1.061610,1.061760,1.061520,1.061710,661.08
2024-04-23T09:00:00+00:00,1.061710,1.063910,1.061700,1.063620,1434.03
2024-04-23T10:00:00+00:00,1.063620,1.065130,1.063150,1.064340,842.72
2024-04-23T11:00:00+00:00,1.064340,1.065250,1.063390,1.063670,1165.99
2024-04-23T12:00:00+00:00,1.063670,1.064360,1.063130,1.064330,739.76
2024-04-23T13:00:00+00:00,1.064330,1.064750,1.064280,1.064640,555.05
2024-04-23T14:00:00+00:00,1.064640,1.065200,1.064120,1.064380,922.00
2024-04-23T15:00:00+00:00,1.064380,1.064820,1.064100,1.064300,747.66
2024-04-23T16:00:00+00:00,1.064300,1.064640,1.063930,1.064270,735.34
2024-04-23T17:00:00+00:00,1.064270,1.064600,1.064260,1.064340,735.86
2024-04-23T18:00:00+00:00,1.064340,1.066090,1.063410,1.065720,1200.48
2024-04-23T19:00:00+00:00,1.065720,1.066070,1.065320,1.065400,976.79
2024-04-23T20:00:00+00:00,1.065400,1.066160,1.065150,1.065720,658.68
2024-04-23T21:00:00+00:00,1.065720,1.066810,1.065580,1.066300,822.77
2024-04-23T22:00:00+00:00,1.066300,1.067560,1.065620,1.067330,1022.36
2024-04-23T23:00:00+00:00,1.067330,1.068810,1.067120,1.068340,898.33
2024-04-24T00:00:00+00:00,1.068340,1.068990,1.067090,1.067840,1061.09
2024-04-24T01:00:00+00:00,1.067840,1.069790,1.067500,1.069260,1151.87
2024-04-24T02:00:00+00:00,1.069260,1.070180,1.069030,1.069840,661.23
2024-04-24T03:00:00+00:00,1.069840,1.070500,1.068500,1.068850,1231.63
2024-04-24T04:00:00+00:00,1.068850,1.069070,1.068200,1.068230,982.00
2024-04-24T05:00:00+00:00,1.068230,1.068490,1.068000,1.068450,668.57
2024-04-24T06:00:00+00:00,1.068450,1.069170,1.068380,1.068660,731.61
2024-04-24T07:00:00+00:00,1.068660,1.068860,1.066430,1.067060,1458.80
2024-04-24T08:00:00+00:00,1.067060,1.067370,1.065700,1.066260,1214.83
2024-04-24T09:00:00+00:00,1.066260,1.067260,1.065700,1.066660,683.86
2024-04-24T10:00:00+00:00,1.066660,1.067530,1.065740,1.067100,775.42
2024-04-24T11:00:00+00:00,1.067100,1.067740,1.066580,1.067180,627.42
2024-04-24T12:00:00+00:00,1.067180,1.067260,1.067060,1.067250,779.84
2024-04-24T13:00:00+00:00,1.067250,1.067710,1.066910,1.067330,696.59
2024-04-24T14:00:00+00:00,1.067330,1.067630,1.066790,1.066820,937.51
2024-04-24T15:00:00+00:00,1.066820,1.067090,1.065380,1.066240,1021.50
2024-04-24T16:00:00+00:00,1.066240,1.066620,1.065770,1.066120,780.72
2024-04-24T17:00:00+00:00,1.066120,1.067170,1.065630,1.067150,1018.89
2024-04-24T18:00:00+00:00,1.067150,1.067960,1.067100,1.067770,1050.28
2024-04-24T19:00:00+00:00,1.067770,1.067840,1.066830,1.067140,738.03
2024-04-24T20:00:00+00:00,1.067140,1.067300,1.066620,1.066840,676.74
2024-04-24T21:00:00+00:00,1.066840,1.066850,1.066210,1.066280,720.06
2024-04-24T22:00:00+00:00,1.066280,1.066670,1.065800,1.065900,595.62
2024-04-24T23:00:00+00:00,1.065900,1.066510,1.064720,1.064980,963.34
2024-04-25T00:00:00+00:00,1.064980,1.066360,1.064770,1.066030,1217.22
2024-04-25T01:00:00+00:00,1.066030,1.066790,1.065640,1.066730,1113.86
2024-04-25T02:00:00+00:00,1.066730,1.067270,1.066060,1.066120,689.30
2024-04-25T03:00:00+00:00,1.066120,1.066380,1.065080,1.065190,858.40
2024-04-25T04:00:00+00:00,1.065190,1.065920,1.063120,1.063170,1397.63
2024-04-25T05:00:00+00:00,1.063170,1.063900,1.062250,1.062480,788.76
2024-04-25T06:00:00+00:00,1.062480,1.063710,1.062360,1.063380,1116.80
2024-04-25T07:00:00+00:00,1.063380,1.064810,1.063090,1.063960,967.81
2024-04-25T08:00:00+00:00,1.063960,1.064240,1.063170,1.064200,860.86
2024-04-25T09:00:00+00:00,1.064200,1.064260,1.062410,1.063040,995.93
2024-04-25T10:00:00+00:00,1.063040,1.063520,1.062670,1.063290,846.00
2024-04-25T11:00:00+00:00,1.063290,1.063980,1.063050,1.063350,772.37
2024-04-25T12:00:00+00:00,1.063350,1.064250,1.062060,1.062140,1048.50
2024-04-25T13:00:00+00:00,1.062140,1.062470,1.061850,1.062110,794.41
2024-04-25T14:00:00+00:00,1.062110,1.062170,1.060960,1.061470,719.12
2024-04-25T15:00:00+00:00,1.061470,1.062040,1.061370,1.061740,807.28
2024-04-25T16:00:00+00:00,1.061740,1.063180,1.061300,1.063140,1370.41
2024-04-25T17:00:00+00:00,1.063140,1.063420,1.063140,1.063160,683.83
2024-04-25T18:00:00+00:00,1.063160,1.063630,1.062590,1.062770,696.49
2024-04-25T19:00:00+00:00,1.062770,1.063220,1.062500,1.063160,1010.81
2024-04-25T20:00:00+00:00,1.063160,1.064230,1.061630,1.061810,1088.40
2024-04-25T21:00:00+00:00,1.061810,1.062670,1.061690,1.062660,1135.55
2024-04-25T22:00:00+00:00,1.062660,1.063420,1.061080,1.061590,930.03
2024-04-25T23:00:00+00:00,1.061590,1.062200,1.061550,1.061800,921.34
2024-04-26T00:00:00+00:00,1.061800,1.062970,1.061200,1.062260,970.43
2024-04-26T01:00:00+00:00,1.062260,1.062350,1.061680,1.062070,670.91
2024-04-26T02:00:00+00:00,1.062070,1.062210,1.060970,1.061940,740.49
2024-04-26T03:00:00+00:00,1.061940,1.062400,1.060310,1.060860,952.34
2024-04-26T04:00:00+00:00,1.060860,1.061060,1.060050,1.060510,617.19
2024-04-26T05:00:00+00:00,1.060510,1.060850,1.060020,1.060580,868.40
2024-04-26T06:00:00+00:00,1.060580,1.061270,1.058950,1.059520,889.89
2024-04-26T07:00:00+00:00,1.059520,1.060240,1.057460,1.058240,1139.59
2024-04-26T08:00:00+00:00,1.058240,1.058810,1.056360,1.057030,1110.56
2024-04-26T09:00:00+00:00,1.057030,1.057510,1.055510,1.056070,960.61
2024-04-26T10:00:00+00:00,1.056070,1.056760,1.055890,1.056720,1127.41
2024-04-26T11:00:00+00:00,1.056720,1.057640,1.055860,1.057360,1108.11
2024-04-26T12:00:00+00:00,1.057360,1.057600,1.057180,1.057380,777.41
2024-04-26T13:00:00+00:00,1.057380,1.058360,1.056660,1.056880,712.35
2024-04-26T14:00:00+00:00,1.056880,1.057670,1.056290,1.056580,573.90
2024-04-26T15:00:00+00:00,1.056580,1.057140,1.055550,1.055900,706.50
2024-04-26T16:00:00+00:00,1.055900,1.056210,1.055050,1.056070,844.58
2024-04-26T17:00:00+00:00,1.056070,1.056310,1.054940,1.055340,873.15
2024-04-26T18:00:00+00:00,1.055340,1.055460,1.053850,1.054350,988.38
2024-04-26T19:00:00+00:00,1.054350,1.055560,1.053880,1.055270,1144.56
2024-04-26T20:00:00+00:00,1.055270,1.055860,1.052610,1.053500,1317.85
2024-04-26T21:00:00+00:00,1.053500,1.054500,1.052170,1.052980,636.34
2024-04-26T22:00:00+00:00,1.052980,1.054980,1.052960,1.054370,1427.25
2024-04-26T23:00:00+00:00,1.054370,1.054590,1.053410,1.053780,831.39
2024-04-27T00:00:00+00:00,1.053780,1.055480,1.053220,1.055140,1512.85
2024-04-27T01:00:00+00:00,1.055140,1.055840,1.054550,1.055780,989.53
2024-04-27T02:00:00+00:00,1.055780,1.055890,1.054310,1.055050,739.88
2024-04-27T03:00:00+00:00,1.055050,1.056260,1.054090,1.055570,982.31
2024-04-27T04:00:00+00:00,1.055570,1.056840,1.055430,1.056650,1307.83
2024-04-27T05:00:00+00:00,1.056650,1.057030,1.055320,1.055630,957.11
2024-04-27T06:00:00+00:00,1.055630,1.056420,1.055500,1.056300,1055.31
2024-04-27T07:00:00+00:00,1.056300,1.056690,1.055880,1.056030,515.79
2024-04-27T08:00:00+00:00,1.056030,1.058220,1.055750,1.057600,1255.74
2024-04-27T09:00:00+00:00,1.057600,1.058930,1.057210,1.058120,773.20
2024-04-27T10:00:00+00:00,1.058120,1.058980,1.058030,1.058620,720.87
2024-04-27T11:00:00+00:00,1.058620,1.059170,1.058400,1.059100,770.05
2024-04-27T12:00:00+00:00,1.059100,1.060650,1.058900,1.059910,824.79
2024-04-27T13:00:00+00:00,1.059910,1.059950,1.059550,1.059920,643.94
2024-04-27T14:00:00+00:00,1.059920,1.060300,1.059240,1.059390,1021.58
2024-04-27T15:00:00+00:00,1.059390,1.059630,1.059210,1.059560,678.38
2024-04-27T16:00:00+00:00,1.059560,1.059570,1.058600,1.059410,735.27
2024-04-27T17:00:00+00:00,1.059410,1.061050,1.059370,1.060140,799.28
2024-04-27T18:00:00+00:00,1.060140,1.060150,1.059580,1.059940,773.72
2024-04-27T19:00:00+00:00,1.059940,1.061020,1.059290,1.060970,970.07
2024-04-27T20:00:00+00:00,1.060970,1.061640,1.060390,1.060990,815.24
2024-04-27T21:00:00+00:00,1.060990,1.061260,1.060270,1.060320,985.14
2024-04-27T22:00:00+00:00,1.060320,1.061080,1.059970,1.060970,691.92
2024-04-27T23:00:00+00:00,1.060970,1.061220,1.060810,1.061100,645.03
2024-04-28T00:00:00+00:00,1.061100,1.061610,1.059860,1.060510,1082.33
2024-04-28T01:00:00+00:00,1.060510,1.062100,1.059690,1.061370,811.52
2024-04-28T02:00:00+00:00,1.061370,1.062900,1.061350,1.062570,1027.05
2024-04-28T03:00:00+00:00,1.062570,1.062710,1.060210,1.060550,1762.30
2024-04-28T04:00:00+00:00,1.060550,1.063540,1.060460,1.062850,1545.04
2024-04-28T05:00:00+00:00,1.062850,1.063920,1.062530,1.063500,805.88
2024-04-28T06:00:00+00:00,1.063500,1.066600,1.063020,1.065740,1535.54
2024-04-28T07:00:00+00:00,1.065740,1.066950,1.065340,1.066870,972.01
2024-04-28T08:00:00+00:00,1.066870,1.067350,1.066550,1.066960,738.53
2024-04-28T09:00:00+00:00,1.066960,1.067290,1.066370,1.066700,967.11
2024-04-28T10:00:00+00:00,1.066700,1.068670,1.066150,1.068170,1132.24
2024-04-28T11:00:00+00:00,1.068170,1.069620,1.067870,1.069050,871.61
2024-04-28T12:00:00+00:00,1.069050,1.069530,1.068550,1.069410,539.48
2024-04-28T13:00:00+00:00,1.069410,1.069560,1.069320,1.069390,768.19
2024-04-28T14:00:00+00:00,1.069390,1.070210,1.069280,1.069680,628.87
2024-04-28T15:00:00+00:00,1.069680,1.071250,1.069130,1.070570,857.59
2024-04-28T16:00:00+00:00,1.070570,1.071320,1.070430,1.071320,802.91
2024-04-28T17:00:00+00:00,1.071320,1.072160,1.070850,1.071760,754.61
2024-04-28T18:00:00+00:00,1.071760,1.073180,1.071450,1.072850,916.29
2024-04-28T19:00:00+00:00,1.072850,1.073180,1.072630,1.072970,712.73
2024-04-28T20:00:00+00:00,1.072970,1.073040,1.071020,1.071340,1629.27
2024-04-28T21:00:00+00:00,1.071340,1.071400,1.070400,1.070830,929.14
2024-04-28T22:00:00+00:00,1.070830,1.071260,1.070670,1.070850,662.16
2024-04-28T23:00:00+00:00,1.070850,1.071320,1.070050,1.070500,886.89
2024-04-29T00:00:00+00:00,1.070500,1.072160,1.070400,1.071440,1017.02
2024-04-29T01:00:00+00:00,1.071440,1.071820,1.071200,1.071380,674.24
2024-04-29T02:00:00+00:00,1.071380,1.072000,1.070930,1.071320,851.38
2024-04-29T03:00:00+00:00,1.071320,1.072560,1.071030,1.071990,848.88
2024-04-29T04:00:00+00:00,1.071990,1.072210,1.071700,1.071900,798.01
2024-04-29T05:00:00+00:00,1.071900,1.072240,1.071560,1.071810,866.47
2024-04-29T06:00:00+00:00,1.071810,1.073060,1.071420,1.072460,796.67
2024-04-29T07:00:00+00:00,1.072460,1.072940,1.071120,1.071760,1125.21
2024-04-29T08:00:00+00:00,1.071760,1.074320,1.071000,1.073470,1385.60
2024-04-29T09:00:00+00:00,1.073470,1.074680,1.073200,1.074320,910.00
2024-04-29T10:00:00+00:00,1.074320,1.075440,1.074000,1.075010,718.45
2024-04-29T11:00:00+00:00,1.075010,1.076190,1.074840,1.075780,914.28
2024-04-29T12:00:00+00:00,1.075780,1.076050,1.074580,1.075410,986.51
2024-04-29T13:00:00+00:00,1.075410,1.076470,1.074880,1.076400,874.79
2024-04-29T14:00:00+00:00,1.076400,1.076630,1.076020,1.076570,662.49
2024-04-29T15:00:00+00:00,1.076570,1.077030,1.075500,1.075570,1151.66
2024-04-29T16:00:00+00:00,1.075570,1.077320,1.075450,1.076770,1075.87
2024-04-29T17:00:00+00:00,1.076770,1.077160,1.076480,1.077000,675.00
2024-04-29T18:00:00+00:00,1.077000,1.077480,1.076340,1.076710,792.44
2024-04-29T19:00:00+00:00,1.076710,1.076970,1.076140,1.076450,944.29
2024-04-29T20:00:00+00:00,1.076450,1.077590,1.073770,1.074500,1669.23
2024-04-29T21:00:00+00:00,1.074500,1.077440,1.073480,1.077440,1925.62
2024-04-29T22:00:00+00:00,1.077440,1.078320,1.076910,1.078120,855.90
2024-04-29T23:00:00+00:00,1.078120,1.079720,1.077710,1.079320,1074.75
2024-04-30T00:00:00+00:00,1.079320,1.080260,1.078670,1.079870,686.67
2024-04-30T01:00:00+00:00,1.079870,1.080640,1.079820,1.080260,710.77
2024-04-30T02:00:00+00:00,1.080260,1.080440,1.079390,1.079670,1010.78
2024-04-30T03:00:00+00:00,1.079670,1.081580,1.079150,1.080700,1056.36
2024-04-30T04:00:00+00:00,1.080700,1.081440,1.080270,1.081210,630.28
2024-04-30T05:00:00+00:00,1.081210,1.081900,1.080690,1.081580,673.33
2024-04-30T06:00:00+00:00,1.081580,1.082540,1.080310,1.080880,1068.23
2024-04-30T07:00:00+00:00,1.080880,1.082360,1.079900,1.082340,1166.97
2024-04-30T08:00:00+00:00,1.082340,1.082580,1.081340,1.081590,1037.96
2024-04-30T09:00:00+00:00,1.081590,1.083820,1.080520,1.083370,1403.71
2024-04-30T10:00:00+00:00,1.083370,1.084220,1.082640,1.084080,739.38
2024-04-30T11:00:00+00:00,1.084080,1.084230,1.083390,1.083760,800.58
2024-04-30T12:00:00+00:00,1.083760,1.084150,1.083540,1.084140,549.23
2024-04-30T13:00:00+00:00,1.084140,1.084650,1.083530,1.084550,572.99
2024-04-30T14:00:00+00:00,1.084550,1.084890,1.082640,1.083390,1284.97
2024-04-30T15:00:00+00:00,1.083390,1.084500,1.083390,1.084020,687.22
2024-04-30T16:00:00+00:00,1.084020,1.085290,1.083670,1.085010,869.79
2024-04-30T17:00:00+00:00,1.085010,1.085350,1.084350,1.084920,844.39
2024-04-30T18:00:00+00:00,1.084920,1.085200,1.083960,1.084210,1034.79
2024-04-30T19:00:00+00:00,1.084210,1.085670,1.084070,1.085270,1006.95
2024-04-30T20:00:00+00:00,1.085270,1.086600,1.084820,1.086150,960.66
2024-04-30T21:00:00+00:00,1.086150,1.086540,1.085970,1.086320,738.11
2024-04-30T22:00:00+00:00,1.086320,1.087700,1.085980,1.087080,798.12
2024-04-30T23:00:00+00:00,1.087080,1.087140,1.085710,1.086670,970.90
2024-05-01T00:00:00+00:00,1.086670,1.088810,1.085810,1.088380,1277.09
2024-05-01T01:00:00+00:00,1.088380,1.089010,1.087950,1.088160,816.72
2024-05-01T02:00:00+00:00,1.088160,1.090630,1.087860,1.090110,1399.03
2024-05-01T03:00:00+00:00,1.090110,1.090200,1.090000,1.090040,769.76
2024-05-01T04:00:00+00:00,1.090040,1.090130,1.089650,1.089960,858.03
2024-05-01T05:00:00+00:00,1.089960,1.090700,1.089280,1.090510,767.98
2024-05-01T06:00:00+00:00,1.090510,1.092390,1.089760,1.092330,1420.01
2024-05-01T07:00:00+00:00,1.092330,1.092670,1.091770,1.092450,776.58
2024-05-01T08:00:00+00:00,1.092450,1.092640,1.091720,1.092070,954.25
2024-05-01T09:00:00+00:00,1.092070,1.092120,1.091980,1.092050,734.97
2024-05-01T10:00:00+00:00,1.092050,1.092460,1.091530,1.091630,868.70
2024-05-01T11:00:00+00:00,1.091630,1.092180,1.091110,1.091780,692.96
2024-05-01T12:00:00+00:00,1.091780,1.092780,1.090940,1.091060,1151.90
2024-05-01T13:00:00+00:00,1.091060,1.091110,1.090780,1.090840,888.86
2024-05-01T14:00:00+00:00,1.090840,1.090850,1.090180,1.090330,1025.48
2024-05-01T15:00:00+00:00,1.090330,1.091130,1.090020,1.090880,693.48
2024-05-01T16:00:00+00:00,1.090880,1.091140,1.090190,1.090670,798.29
2024-05-01T17:00:00+00:00,1.090670,1.090930,1.090400,1.090590,796.16
2024-05-01T18:00:00+00:00,1.090590,1.092830,1.090120,1.092420,1291.69
2024-05-01T19:00:00+00:00,1.092420,1.092640,1.090790,1.091700,1084.42
2024-05-01T20:00:00+00:00,1.091700,1.092210,1.091460,1.091650,855.01
2024-05-01T21:00:00+00:00,1.091650,1.093440,1.091090,1.092880,1019.01
2024-05-01T22:00:00+00:00,1.092880,1.093700,1.092330,1.093250,691.37
2024-05-01T23:00:00+00:00,1.093250,1.094100,1.092330,1.093110,755.65
2024-05-02T00:00:00+00:00,1.093110,1.094820,1.092590,1.093970,796.07
2024-05-02T01:00:00+00:00,1.093970,1.094930,1.093640,1.094440,713.61
2024-05-02T02:00:00+00:00,1.094440,1.096920,1.094380,1.096260,1308.99
2024-05-02T03:00:00+00:00,1.096260,1.096700,1.095100,1.095970,888.16
2024-05-02T04:00:00+00:00,1.095970,1.096070,1.095400,1.095590,930.34
2024-05-02T05:00:00+00:00,1.095590,1.096200,1.093760,1.094180,1542.81
2024-05-02T06:00:00+00:00,1.094180,1.095240,1.093890,1.094800,681.56
2024-05-02T07:00:00+00:00,1.094800,1.095070,1.094000,1.094140,1140.78
2024-05-02T08:00:00+00:00,1.094140,1.094560,1.092480,1.092630,1471.72
2024-05-02T09:00:00+00:00,1.092630,1.093290,1.092210,1.093200,779.92
2024-05-02T10:00:00+00:00,1.093200,1.093540,1.092700,1.093530,603.81
2024-05-02T11:00:00+00:00,1.093530,1.093620,1.092870,1.093300,861.61
2024-05-02T12:00:00+00:00,1.093300,1.093770,1.092170,1.092840,990.45
2024-05-02T13:00:00+00:00,1.092840,1.093540,1.092600,1.093240,722.49
2024-05-02T14:00:00+00:00,1.093240,1.094450,1.092530,1.093860,857.41
2024-05-02T15:00:00+00:00,1.093860,1.094460,1.092870,1.092900,1261.00
2024-05-02T16:00:00+00:00,1.092900,1.095120,1.092700,1.094740,1359.51
2024-05-02T17:00:00+00:00,1.094740,1.095350,1.094080,1.094590,799.67
2024-05-02T18:00:00+00:00,1.094590,1.094860,1.094100,1.094700,705.27
2024-05-02T19:00:00+00:00,1.094700,1.095750,1.094040,1.095190,686.59
2024-05-02T20:00:00+00:00,1.095190,1.096860,1.094340,1.096060,978.36
2024-05-02T21:00:00+00:00,1.096060,1.096370,1.093820,1.094360,1574.37
2024-05-02T22:00:00+00:00,1.094360,1.095460,1.092360,1.093110,1266.55
2024-05-02T23:00:00+00:00,1.093110,1.093820,1.092930,1.093580,624.72
2024-05-03T00:00:00+00:00,1.093580,1.093650,1.091350,1.092320,1459.06
2024-05-03T01:00:00+00:00,1.092320,1.092730,1.090280,1.091060,1291.06
2024-05-03T02:00:00+00:00,1.091060,1.091880,1.090730,1.091700,764.30
2024-05-03T03:00:00+00:00,1.091700,1.092090,1.090760,1.091330,875.99
2024-05-03T04:00:00+00:00,1.091330,1.091380,1.090690,1.091170,828.18
2024-05-03T05:00:00+00:00,1.091170,1.092660,1.090630,1.092430,1058.95
2024-05-03T06:00:00+00:00,1.092430,1.093200,1.092070,1.092760,616.54
2024-05-03T07:00:00+00:00,1.092760,1.093760,1.092530,1.093670,941.26
2024-05-03T08:00:00+00:00,1.093670,1.093990,1.092670,1.093110,1107.77
2024-05-03T09:00:00+00:00,1.093110,1.093490,1.092280,1.092900,796.44
2024-05-03T10:00:00+00:00,1.092900,1.093310,1.092490,1.093190,622.70
2024-05-03T11:00:00+00:00,1.093190,1.093500,1.092700,1.092780,910.24
2024-05-03T12:00:00+00:00,1.092780,1.093300,1.092270,1.093140,731.92
2024-05-03T13:00:00+00:00,1.093140,1.094720,1.093010,1.094010,992.15
2024-05-03T14:00:00+00:00,1.094010,1.095160,1.093900,1.094900,853.48
2024-05-03T15:00:00+00:00,1.094900,1.095280,1.093020,1.093570,1348.32
2024-05-03T16:00:00+00:00,1.093570,1.094100,1.092590,1.092710,1162.97
2024-05-03T17:00:00+00:00,1.092710,1.094020,1.092140,1.093870,1003.99
2024-05-03T18:00:00+00:00,1.093870,1.094120,1.093790,1.093850,794.03
2024-05-03T19:00:00+00:00,1.093850,1.094090,1.093440,1.093630,823.78
2024-05-03T20:00:00+00:00,1.093630,1.093920,1.093080,1.093260,869.07
2024-05-03T21:00:00+00:00,1.093260,1.094250,1.092640,1.093720,699.89
2024-05-03T22:00:00+00:00,1.093720,1.093810,1.092870,1.093530,786.32
2024-05-03T23:00:00+00:00,1.093530,1.094630,1.093360,1.094240,858.46
2024-05-04T00:00:00+00:00,1.094240,1.095100,1.092950,1.093370,1233.50
2024-05-04T01:00:00+00:00,1.093370,1.094220,1.093350,1.093790,569.62
2024-05-04T02:00:00+00:00,1.093790,1.095370,1.093190,1.094660,844.43
2024-05-04T03:00:00+00:00,1.094660,1.095040,1.094420,1.094700,669.95
2024-05-04T04:00:00+00:00,1.094700,1.094700,1.094400,1.094530,905.11
2024-05-04T05:00:00+00:00,1.094530,1.095630,1.094280,1.095540,1018.14
2024-05-04T06:00:00+00:00,1.095540,1.097450,1.095210,1.097110,1190.14
2024-05-04T07:00:00+00:00,1.097110,1.098220,1.096880,1.097830,885.69
2024-05-04T08:00:00+00:00,1.097830,1.098380,1.097380,1.097790,756.22
2024-05-04T09:00:00+00:00,1.097790,1.098560,1.096910,1.097040,1081.69
2024-05-04T10:00:00+00:00,1.097040,1.098120,1.096580,1.097610,824.56
2024-05-04T11:00:00+00:00,1.097610,1.098530,1.094900,1.095650,1781.16
2024-05-04T12:00:00+00:00,1.095650,1.096350,1.094850,1.095990,730.10
2024-05-04T13:00:00+00:00,1.095990,1.097430,1.095910,1.097230,1164.85
2024-05-04T14:00:00+00:00,1.097230,1.099040,1.097000,1.098540,1125.43
2024-05-04T15:00:00+00:00,1.098540,1.099190,1.098140,1.098810,505.81
2024-05-04T16:00:00+00:00,1.098810,1.099340,1.097520,1.098090,1192.50
2024-05-04T17:00:00+00:00,1.098090,1.098670,1.096790,1.097020,1181.79
2024-05-04T18:00:00+00:00,1.097020,1.098090,1.096920,1.097810,803.16
2024-05-04T19:00:00+00:00,1.097810,1.098540,1.097680,1.098500,733.71
2024-05-04T20:00:00+00:00,1.098500,1.099350,1.097620,1.099280,753.40
2024-05-04T21:00:00+00:00,1.099280,1.099350,1.098780,1.098970,881.68
2024-05-04T22:00:00+00:00,1.098970,1.099280,1.097670,1.098180,1060.85
2024-05-04T23:00:00+00:00,1.098180,1.100490,1.097960,1.099990,1357.26
