timestamp,open,high,low,close,volume
2024-01-01T00:00:00+00:00,1.100000,1.100690,1.099870,1.100070,731.19
2024-01-01T01:00:00+00:00,1.100070,1.100330,1.099330,1.099880,775.40
2024-01-01T02:00:00+00:00,1.099880,1.101680,1.099310,1.100690,803.52
2024-01-01T03:00:00+00:00,1.100690,1.102430,1.100650,1.102230,1260.86
2024-01-01T04:00:00+00:00,1.102230,1.103370,1.101670,1.102870,780.95
2024-01-01T05:00:00+00:00,1.102870,1.103420,1.100790,1.101310,1497.06
2024-01-01T06:00:00+00:00,1.101310,1.102190,1.101240,1.101870,704.37
2024-01-01T07:00:00+00:00,1.101870,1.102840,1.101460,1.102760,856.47
2024-01-01T08:00:00+00:00,1.102760,1.103100,1.102070,1.102570,864.12
2024-01-01T09:00:00+00:00,1.102570,1.103120,1.102560,1.103090,814.02
2024-01-01T10:00:00+00:00,1.103090,1.103530,1.103020,1.103470,605.40
2024-01-01T11:00:00+00:00,1.103470,1.104360,1.103000,1.103920,592.98
2024-01-01T12:00:00+00:00,1.103920,1.103950,1.102480,1.102960,1155.21
2024-01-01T13:00:00+00:00,1.102960,1.103660,1.101730,1.102260,1178.76
2024-01-01T14:00:00+00:00,1.102260,1.102670,1.100660,1.101300,1178.74
2024-01-01T15:00:00+00:00,1.101300,1.101600,1.099920,1.100830,1052.35
2024-01-01T16:00:00+00:00,1.100830,1.101360,1.100500,1.101090,707.96
2024-01-01T17:00:00+00:00,1.101090,1.102350,1.100790,1.102070,870.39
2024-01-01T18:00:00+00:00,1.102070,1.103220,1.101590,1.102810,880.22
2024-01-01T19:00:00+00:00,1.102810,1.104750,1.102070,1.103970,983.32
2024-01-01T20:00:00+00:00,1.103970,1.105870,1.103800,1.105340,1193.14
2024-01-01T21:00:00+00:00,1.105340,1.106320,1.104800,1.105920,655.39
2024-01-01T22:00:00+00:00,1.105920,1.106810,1.105210,1.105880,750.10
2024-01-01T23:00:00+00:00,1.105880,1.107740,1.104930,1.107080,1141.52
2024-01-02T00:00:00+00:00,1.107080,1.107940,1.106610,1.107480,737.24
2024-01-02T01:00:00+00:00,1.107480,1.109120,1.106920,1.108610,1103.21
2024-01-02T02:00:00+00:00,1.108610,1.109440,1.108470,1.109240,801.03
2024-01-02T03:00:00+00:00,1.109240,1.110850,1.108780,1.110140,857.42
2024-01-02T04:00:00+00:00,1.110140,1.111340,1.109820,1.110660,698.82
2024-01-02T05:00:00+00:00,1.110660,1.112360,1.110030,1.111890,1157.19
2024-01-02T06:00:00+00:00,1.111890,1.113140,1.111090,1.112270,636.59
2024-01-02T07:00:00+00:00,1.112270,1.112510,1.110780,1.111720,973.04
2024-01-02T08:00:00+00:00,1.111720,1.111990,1.111190,1.111410,880.49
2024-01-02T09:00:00+00:00,1.111410,1.112030,1.109410,1.110040,1361.30
2024-01-02T10:00:00+00:00,1.110040,1.111150,1.109910,1.110970,864.28
2024-01-02T11:00:00+00:00,1.110970,1.112180,1.110860,1.112170,1083.96
2024-01-02T12:00:00+00:00,1.112170,1.113510,1.111680,1.112860,842.63
2024-01-02T13:00:00+00:00,1.112860,1.113690,1.112510,1.113250,705.78
2024-01-02T14:00:00+00:00,1.113250,1.114190,1.112610,1.113670,568.30
2024-01-02T15:00:00+00:00,1.113670,1.114520,1.113000,1.114010,634.58
2024-01-02T16:00:00+00:00,1.114010,1.115550,1.113440,1.114890,967.58
2024-01-02T17:00:00+00:00,1.114890,1.115040,1.114150,1.114510,957.32
2024-01-02T18:00:00+00:00,1.114510,1.115230,1.112740,1.112880,1585.09
2024-01-02T19:00:00+00:00,1.112880,1.114110,1.112400,1.113780,814.85
2024-01-02T20:00:00+00:00,1.113780,1.114430,1.113470,1.113920,668.62
2024-01-02T21:00:00+00:00,1.113920,1.114330,1.112760,1.112940,1176.79
2024-01-02T22:00:00+00:00,1.112940,1.113890,1.112870,1.113750,863.01
2024-01-02T23:00:00+00:00,1.113750,1.115570,1.112620,1.115220,1192.05
2024-01-03T00:00:00+00:00,1.115220,1.115420,1.115040,1.115400,551.12
2024-01-03T01:00:00+00:00,1.115400,1.116540,1.115330,1.116230,782.01
2024-01-03T02:00:00+00:00,1.116230,1.116670,1.116160,1.116450,639.14
2024-01-03T03:00:00+00:00,1.116450,1.116600,1.116250,1.116510,637.56
2024-01-03T04:00:00+00:00,1.116510,1.116770,1.115300,1.116080,933.84
2024-01-03T05:00:00+00:00,1.116080,1.116650,1.115620,1.115670,1035.22
2024-01-03T06:00:00+00:00,1.115670,1.115970,1.115300,1.115370,991.85
2024-01-03T07:00:00+00:00,1.115370,1.115620,1.115040,1.115490,775.94
2024-01-03T08:00:00+00:00,1.115490,1.115700,1.115100,1.115230,876.39
2024-01-03T09:00:00+00:00,1.115230,1.115390,1.114870,1.115160,694.95
2024-01-03T10:00:00+00:00,1.115160,1.116420,1.115050,1.116400,1107.54
2024-01-03T11:00:00+00:00,1.116400,1.116510,1.115430,1.115480,1296.11
2024-01-03T12:00:00+00:00,1.115480,1.115820,1.113330,1.113950,1552.22
2024-01-03T13:00:00+00:00,1.113950,1.115090,1.113080,1.114770,863.02
2024-01-03T14:00:00+00:00,1.114770,1.115100,1.114580,1.114600,730.33
2024-01-03T15:00:00+00:00,1.114600,1.115960,1.113830,1.115300,881.90
2024-01-03T16:00:00+00:00,1.115300,1.115920,1.114950,1.115460,599.04
2024-01-03T17:00:00+00:00,1.115460,1.115890,1.113480,1.114260,1396.35
2024-01-03T18:00:00+00:00,1.114260,1.114510,1.113880,1.114180,775.18
2024-01-03T19:00:00+00:00,1.114180,1.114730,1.114110,1.114590,695.00
2024-01-03T20:00:00+00:00,1.114590,1.114720,1.113560,1.113680,1133.59
2024-01-03T21:00:00+00:00,1.113680,1.114190,1.112790,1.113510,903.80
2024-01-03T22:00:00+00:00,1.113510,1.113550,1.111640,1.112490,970.06
2024-01-03T23:00:00+00:00,1.112490,1.112710,1.111440,1.111850,868.97
2024-01-04T00:00:00+00:00,1.111850,1.113040,1.111580,1.112550,993.32
2024-01-04T01:00:00+00:00,1.112550,1.113790,1.111850,1.113580,1356.37
2024-01-04T02:00:00+00:00,1.113580,1.114820,1.111120,1.111490,1507.48
2024-01-04T03:00:00+00:00,1.111490,1.111920,1.110950,1.111050,733.59
2024-01-04T04:00:00+00:00,1.111050,1.111330,1.109940,1.110520,711.04
2024-01-04T05:00:00+00:00,1.110520,1.110890,1.109170,1.109400,1097.73
2024-01-04T06:00:00+00:00,1.109400,1.110590,1.108950,1.110560,1380.85
2024-01-04T07:00:00+00:00,1.110560,1.110950,1.109990,1.110260,552.89
2024-01-04T08:00:00+00:00,1.110260,1.110390,1.108860,1.109490,806.16
2024-01-04T09:00:00+00:00,1.109490,1.110080,1.108300,1.109090,677.29
2024-01-04T10:00:00+00:00,1.109090,1.109360,1.106810,1.107570,1201.98
2024-01-04T11:00:00+00:00,1.107570,1.108120,1.106890,1.107270,672.09
2024-01-04T12:00:00+00:00,1.107270,1.107510,1.106850,1.107100,698.99
2024-01-04T13:00:00+00:00,1.107100,1.107440,1.105080,1.105350,1433.77
2024-01-04T14:00:00+00:00,1.105350,1.105890,1.105110,1.105320,713.35
2024-01-04T15:00:00+00:00,1.105320,1.105430,1.103840,1.104520,866.75
2024-01-04T16:00:00+00:00,1.104520,1.105100,1.101820,1.102490,1537.60
2024-01-04T17:00:00+00:00,1.102490,1.102710,1.101130,1.101580,948.94
2024-01-04T18:00:00+00:00,1.101580,1.101970,1.101070,1.101570,742.47
2024-01-04T19:00:00+00:00,1.101570,1.102570,1.099030,1.099570,1465.43
2024-01-04T20:00:00+00:00,1.099570,1.100530,1.096800,1.097540,1398.25
2024-01-04T21:00:00+00:00,1.097540,1.097570,1.097270,1.097560,680.90
2024-01-04T22:00:00+00:00,1.097560,1.097920,1.096330,1.096680,958.32
2024-01-04T23:00:00+00:00,1.096680,1.096910,1.095990,1.096290,722.44
2024-01-05T00:00:00+00:00,1.096290,1.096640,1.094950,1.095650,729.48
2024-01-05T01:00:00+00:00,1.095650,1.096420,1.095380,1.095730,863.96
2024-01-05T02:00:00+00:00,1.095730,1.095780,1.094310,1.094480,1002.57
2024-01-05T03:00:00+00:00,1.094480,1.094710,1.093330,1.094160,718.92
2024-01-05T04:00:00+00:00,1.094160,1.095040,1.094100,1.094440,784.68
2024-01-05T05:00:00+00:00,1.094440,1.094640,1.093430,1.093810,714.04
2024-01-05T06:00:00+00:00,1.093810,1.094810,1.092050,1.092300,1189.79
2024-01-05T07:00:00+00:00,1.092300,1.093300,1.091490,1.092370,715.67
2024-01-05T08:00:00+00:00,1.092370,1.092460,1.092240,1.092430,827.60
2024-01-05T09:00:00+00:00,1.092430,1.092930,1.089840,1.090570,1374.90
2024-01-05T10:00:00+00:00,1.090570,1.091470,1.090380,1.091200,1017.74
2024-01-05T11:00:00+00:00,1.091200,1.091250,1.090230,1.090490,915.39
2024-01-05T12:00:00+00:00,1.090490,1.091020,1.089340,1.089890,795.75
2024-01-05T13:00:00+00:00,1.089890,1.091000,1.087620,1.087780,1605.34
2024-01-05T14:00:00+00:00,1.087780,1.088300,1.086690,1.087070,805.06
2024-01-05T15:00:00+00:00,1.087070,1.087290,1.086800,1.087100,771.26
2024-01-05T16:00:00+00:00,1.087100,1.087610,1.085990,1.086140,910.71
2024-01-05T17:00:00+00:00,1.086140,1.086240,1.085650,1.085730,722.50
2024-01-05T18:00:00+00:00,1.085730,1.086620,1.085630,1.086520,1063.00
2024-01-05T19:00:00+00:00,1.086520,1.086780,1.085990,1.086280,640.76
2024-01-05T20:00:00+00:00,1.086280,1.086790,1.085730,1.086620,901.58
2024-01-05T21:00:00+00:00,1.086620,1.086980,1.085900,1.086720,806.27
2024-01-05T22:00:00+00:00,1.086720,1.087610,1.085540,1.086210,717.34
2024-01-05T23:00:00+00:00,1.086210,1.086600,1.085920,1.086350,751.30
2024-01-06T00:00:00+00:00,1.086350,1.087170,1.086210,1.086630,785.03
2024-01-06T01:00:00+00:00,1.086630,1.086670,1.086280,1.086330,608.57
2024-01-06T02:00:00+00:00,1.086330,1.086620,1.084620,1.085270,978.71
2024-01-06T03:00:00+00:00,1.085270,1.085760,1.084090,1.084660,848.26
2024-01-06T04:00:00+00:00,1.084660,1.084830,1.082170,1.082380,1690.17
2024-01-06T05:00:00+00:00,1.082380,1.084100,1.081800,1.083480,1368.87
2024-01-06T06:00:00+00:00,1.083480,1.084080,1.083180,1.083440,769.19
2024-01-06T07:00:00+00:00,1.083440,1.083520,1.083000,1.083060,695.01
2024-01-06T08:00:00+00:00,1.083060,1.083990,1.082850,1.083950,1139.25
2024-01-06T09:00:00+00:00,1.083950,1.084350,1.083740,1.084040,875.83
2024-01-06T10:00:00+00:00,1.084040,1.084210,1.083600,1.083750,562.29
2024-01-06T11:00:00+00:00,1.083750,1.084870,1.083610,1.084340,1011.12
2024-01-06T12:00:00+00:00,1.084340,1.084350,1.080960,1.081320,1897.35
2024-01-06T13:00:00+00:00,1.081320,1.081740,1.080570,1.080950,661.78
2024-01-06T14:00:00+00:00,1.080950,1.081550,1.079840,1.079950,1054.83
2024-01-06T15:00:00+00:00,1.079950,1.080270,1.078130,1.078530,1123.44
2024-01-06T16:00:00+00:00,1.078530,1.078690,1.076550,1.076750,1274.31
2024-01-06T17:00:00+00:00,1.076750,1.076760,1.075750,1.076380,741.36
2024-01-06T18:00:00+00:00,1.076380,1.077770,1.075590,1.076860,1062.90
2024-01-06T19:00:00+00:00,1.076860,1.077050,1.076830,1.077040,775.26
2024-01-06T20:00:00+00:00,1.077040,1.077200,1.076800,1.076980,743.74
2024-01-06T21:00:00+00:00,1.076980,1.077800,1.075920,1.076630,894.31
2024-01-06T22:00:00+00:00,1.076630,1.076870,1.076230,1.076580,801.63
2024-01-06T23:00:00+00:00,1.076580,1.077020,1.076390,1.076840,519.24
2024-01-07T00:00:00+00:00,1.076840,1.077560,1.076470,1.077190,710.51
2024-01-07T01:00:00+00:00,1.077190,1.077260,1.076540,1.077120,833.40
2024-01-07T02:00:00+00:00,1.077120,1.077900,1.076860,1.077320,623.61
2024-01-07T03:00:00+00:00,1.077320,1.078280,1.076880,1.077820,688.34
2024-01-07T04:00:00+00:00,1.077820,1.078740,1.077810,1.078400,653.09
2024-01-07T05:00:00+00:00,1.078400,1.078650,1.078040,1.078260,890.62
2024-01-07T06:00:00+00:00,1.078260,1.080850,1.077950,1.080020,1289.31
2024-01-07T07:00:00+00:00,1.080020,1.080250,1.079070,1.079430,1056.90
2024-01-07T08:00:00+00:00,1.079430,1.079930,1.079060,1.079710,508.97
2024-01-07T09:00:00+00:00,1.079710,1.080030,1.079240,1.079310,945.08
2024-01-07T10:00:00+00:00,1.079310,1.080250,1.078880,1.079550,522.83
2024-01-07T11:00:00+00:00,1.079550,1.080810,1.079320,1.080590,1064.72
2024-01-07T12:00:00+00:00,1.080590,1.082600,1.079790,1.081790,1091.82
2024-01-07T13:00:00+00:00,1.081790,1.081800,1.081170,1.081200,1031.47
2024-01-07T14:00:00+00:00,1.081200,1.082330,1.080470,1.081770,822.96
2024-01-07T15:00:00+00:00,1.081770,1.082430,1.081100,1.082310,646.80
2024-01-07T16:00:00+00:00,1.082310,1.083170,1.081980,1.082430,640.97
2024-01-07T17:00:00+00:00,1.082430,1.082770,1.082040,1.082530,788.60
2024-01-07T18:00:00+00:00,1.082530,1.083110,1.082310,1.082760,653.55
2024-01-07T19:00:00+00:00,1.082760,1.083940,1.082510,1.083390,756.79
2024-01-07T20:00:00+00:00,1.083390,1.083490,1.082640,1.083140,798.68
2024-01-07T21:00:00+00:00,1.083140,1.084090,1.082780,1.083520,711.67
2024-01-07T22:00:00+00:00,1.083520,1.085140,1.083430,1.084440,1016.08
2024-01-07T23:00:00+00:00,1.084440,1.085020,1.084060,1.084460,632.19
2024-01-08T00:00:00+00:00,1.084460,1.087170,1.083800,1.086500,1418.57
2024-01-08T01:00:00+00:00,1.086500,1.086820,1.086170,1.086500,730.47
2024-01-08T02:00:00+00:00,1.086500,1.086590,1.086340,1.086350,802.89
2024-01-08T03:00:00+00:00,1.086350,1.086820,1.085870,1.086330,735.61
2024-01-08T04:00:00+00:00,1.086330,1.088280,1.085660,1.087750,1216.91
2024-01-08T05:00:00+00:00,1.087750,1.088970,1.087610,1.088430,789.25
2024-01-08T06:00:00+00:00,1.088430,1.088910,1.086380,1.086700,1514.45
2024-01-08T07:00:00+00:00,1.086700,1.088170,1.085820,1.087210,731.38
2024-01-08T08:00:00+00:00,1.087210,1.087580,1.086480,1.087550,716.54
2024-01-08T09:00:00+00:00,1.087550,1.088760,1.086720,1.088010,719.32
2024-01-08T10:00:00+00:00,1.088010,1.088930,1.087750,1.088480,683.08
2024-01-08T11:00:00+00:00,1.088480,1.089200,1.088160,1.088830,534.56
2024-01-08T12:00:00+00:00,1.088830,1.091780,1.088410,1.090980,1602.98
2024-01-08T13:00:00+00:00,1.090980,1.092390,1.090350,1.091940,919.16
2024-01-08T14:00:00+00:00,1.091940,1.092560,1.091230,1.091230,1008.29
2024-01-08T15:00:00+00:00,1.091230,1.091810,1.091100,1.091480,652.91
2024-01-08T16:00:00+00:00,1.091480,1.092890,1.090510,1.092770,1106.02
2024-01-08T17:00:00+00:00,1.092770,1.093040,1.092240,1.092370,905.04
2024-01-08T18:00:00+00:00,1.092370,1.092620,1.092220,1.092280,820.62
2024-01-08T19:00:00+00:00,1.092280,1.093500,1.092140,1.092810,777.12
2024-01-08T20:00:00+00:00,1.092810,1.094000,1.092160,1.093410,740.22
2024-01-08T21:00:00+00:00,1.093410,1.095100,1.092450,1.094850,1279.20
2024-01-08T22:00:00+00:00,1.094850,1.094890,1.094630,1.094790,806.09
2024-01-08T23:00:00+00:00,1.094790,1.095390,1.094400,1.094630,904.42
2024-01-09T00:00:00+00:00,1.094630,1.095760,1.094220,1.095450,923.10
2024-01-09T01:00:00+00:00,1.095450,1.095500,1.094920,1.095370,815.21
2024-01-09T02:00:00+00:00,1.095370,1.096710,1.095080,1.096620,1129.82
2024-01-09T03:00:00+00:00,1.096620,1.097200,1.096520,1.097040,736.57
2024-01-09T04:00:00+00:00,1.097040,1.098210,1.094500,1.095680,1499.97
2024-01-09T05:00:00+00:00,1.095680,1.095850,1.095590,1.095630,744.11
2024-01-09T06:00:00+00:00,1.095630,1.097270,1.095320,1.096770,1000.50
2024-01-09T07:00:00+00:00,1.096770,1.097240,1.096460,1.097160,727.37
2024-01-09T08:00:00+00:00,1.097160,1.097190,1.096170,1.096480,1048.57
2024-01-09T09:00:00+00:00,1.096480,1.096930,1.095770,1.096310,894.07
2024-01-09T10:00:00+00:00,1.096310,1.097250,1.096230,1.096970,756.96
2024-01-09T11:00:00+00:00,1.096970,1.097790,1.096290,1.097700,849.18
2024-01-09T12:00:00+00:00,1.097700,1.099230,1.097420,1.099080,1051.39
2024-01-09T13:00:00+00:00,1.099080,1.099340,1.098800,1.099250,717.79
2024-01-09T14:00:00+00:00,1.099250,1.099760,1.099060,1.099600,569.57
2024-01-09T15:00:00+00:00,1.099600,1.099830,1.099280,1.099360,859.55
2024-01-09T16:00:00+00:00,1.099360,1.099910,1.099070,1.099890,808.31
2024-01-09T17:00:00+00:00,1.099890,1.101280,1.099700,1.101270,1197.07
2024-01-09T18:00:00+00:00,1.101270,1.101730,1.100770,1.100890,893.24
2024-01-09T19:00:00+00:00,1.100890,1.101390,1.100270,1.100970,784.78
2024-01-09T20:00:00+00:00,1.100970,1.101720,1.100830,1.101550,704.76
2024-01-09T21:00:00+00:00,1.101550,1.101680,1.099610,1.100170,1433.27
2024-01-09T22:00:00+00:00,1.100170,1.101420,1.099560,1.101060,924.53
2024-01-09T23:00:00+00:00,1.101060,1.102840,1.100630,1.102140,1057.52
2024-01-10T00:00:00+00:00,1.102140,1.102750,1.101230,1.101820,979.11
2024-01-10T01:00:00+00:00,1.101820,1.102040,1.101270,1.101980,755.68
2024-01-10T02:00:00+00:00,1.101980,1.102810,1.101920,1.102430,660.92
2024-01-10T03:00:00+00:00,1.102430,1.103120,1.102210,1.102870,666.80
2024-01-10T04:00:00+00:00,1.102870,1.103490,1.102270,1.103320,630.40
2024-01-10T05:00:00+00:00,1.103320,1.106560,1.102680,1.105810,1758.65
2024-01-10T06:00:00+00:00,1.105810,1.108430,1.105250,1.108040,1500.73
2024-01-10T07:00:00+00:00,1.108040,1.108910,1.107070,1.107950,862.50
2024-01-10T08:00:00+00:00,1.107950,1.108590,1.107600,1.108320,625.26
2024-01-10T09:00:00+00:00,1.108320,1.112240,1.107150,1.110860,1659.29
2024-01-10T10:00:00+00:00,1.110860,1.111380,1.110480,1.110830,764.63
2024-01-10T11:00:00+00:00,1.110830,1.111110,1.108480,1.109000,1636.21
2024-01-10T12:00:00+00:00,1.109000,1.109070,1.108210,1.108520,882.93
2024-01-10T13:00:00+00:00,1.108520,1.108580,1.107810,1.107940,1106.38
2024-01-10T14:00:00+00:00,1.107940,1.108140,1.107140,1.107320,1120.51
2024-01-10T15:00:00+00:00,1.107320,1.107740,1.107180,1.107700,583.78
2024-01-10T16:00:00+00:00,1.107700,1.107960,1.107510,1.107850,752.39
2024-01-10T17:00:00+00:00,1.107850,1.108760,1.107650,1.108520,844.46
2024-01-10T18:00:00+00:00,1.108520,1.108840,1.108170,1.108740,732.97
2024-01-10T19:00:00+00:00,1.108740,1.108970,1.106950,1.107390,1380.14
2024-01-10T20:00:00+00:00,1.107390,1.108080,1.106950,1.107110,955.86
2024-01-10T21:00:00+00:00,1.107110,1.107430,1.106960,1.107240,713.80
2024-01-10T22:00:00+00:00,1.107240,1.108060,1.107060,1.108060,951.93
2024-01-10T23:00:00+00:00,1.108060,1.108640,1.107680,1.108370,583.85
2024-01-11T00:00:00+00:00,1.108370,1.108780,1.107730,1.108230,902.63
2024-01-11T01:00:00+00:00,1.108230,1.109030,1.106830,1.107420,1052.65
2024-01-11T02:00:00+00:00,1.107420,1.107630,1.107000,1.107600,712.13
2024-01-11T03:00:00+00:00,1.107600,1.108230,1.106350,1.107150,955.15
2024-01-11T04:00:00+00:00,1.107150,1.108210,1.106770,1.107970,925.51
2024-01-11T05:00:00+00:00,1.107970,1.108340,1.107680,1.107940,820.26
2024-01-11T06:00:00+00:00,1.107940,1.108790,1.107530,1.108330,603.43
2024-01-11T07:00:00+00:00,1.108330,1.108410,1.108060,1.108220,846.63
2024-01-11T08:00:00+00:00,1.108220,1.109220,1.108070,1.108890,774.17
2024-01-11T09:00:00+00:00,1.108890,1.110230,1.108480,1.109920,978.83
2024-01-11T10:00:00+00:00,1.109920,1.110210,1.109570,1.109800,705.19
2024-01-11T11:00:00+00:00,1.109800,1.111770,1.109190,1.111540,1254.77
2024-01-11T12:00:00+00:00,1.111540,1.111760,1.110310,1.110980,1022.94
2024-01-11T13:00:00+00:00,1.110980,1.111120,1.110640,1.110820,901.89
2024-01-11T14:00:00+00:00,1.110820,1.111010,1.110050,1.110200,1069.38
2024-01-11T15:00:00+00:00,1.110200,1.111640,1.109630,1.110880,835.58
2024-01-11T16:00:00+00:00,1.110880,1.111140,1.109660,1.109970,1200.05
2024-01-11T17:00:00+00:00,1.109970,1.110410,1.108690,1.109190,1067.97
2024-01-11T18:00:00+00:00,1.109190,1.109220,1.107900,1.108710,891.65
2024-01-11T19:00:00+00:00,1.108710,1.109620,1.108600,1.109450,737.57
2024-01-11T20:00:00+00:00,1.109450,1.110020,1.108820,1.109510,788.08
2024-01-11T21:00:00+00:00,1.109510,1.110830,1.108940,1.110310,801.45
2024-01-11T22:00:00+00:00,1.110310,1.111480,1.109780,1.111260,853.62
2024-01-11T23:00:00+00:00,1.111260,1.111620,1.109680,1.109860,1148.30
2024-01-12T00:00:00+00:00,1.109860,1.110990,1.109090,1.110290,947.67
2024-01-12T01:00:00+00:00,1.110290,1.111110,1.110100,1.110900,1035.01
2024-01-12T02:00:00+00:00,1.110900,1.111410,1.110580,1.111110,770.29
2024-01-12T03:00:00+00:00,1.111110,1.111700,1.110700,1.111550,1051.75
2024-01-12T04:00:00+00:00,1.111550,1.111760,1.109960,1.110850,856.17
2024-01-12T05:00:00+00:00,1.110850,1.111510,1.108700,1.108960,1339.79
2024-01-12T06:00:00+00:00,1.108960,1.109790,1.108620,1.109300,920.60
2024-01-12T07:00:00+00:00,1.109300,1.110150,1.106960,1.107420,1327.87
2024-01-12T08:00:00+00:00,1.107420,1.107840,1.105630,1.105780,1263.26
2024-01-12T09:00:00+00:00,1.105780,1.106230,1.105310,1.105440,718.54
2024-01-12T10:00:00+00:00,1.105440,1.105670,1.104990,1.105260,604.15
2024-01-12T11:00:00+00:00,1.105260,1.106360,1.104770,1.105800,994.54
2024-01-12T12:00:00+00:00,1.105800,1.105940,1.104920,1.105500,705.06
2024-01-12T13:00:00+00:00,1.105500,1.106030,1.105150,1.105390,725.25
2024-01-12T14:00:00+00:00,1.105390,1.106010,1.104230,1.104710,808.32
2024-01-12T15:00:00+00:00,1.104710,1.105020,1.104230,1.104880,847.25
2024-01-12T16:00:00+00:00,1.104880,1.105510,1.104630,1.105220,847.43
2024-01-12T17:00:00+00:00,1.105220,1.105550,1.104800,1.104900,624.35
2024-01-12T18:00:00+00:00,1.104900,1.105200,1.103090,1.103230,1318.39
2024-01-12T19:00:00+00:00,1.103230,1.103300,1.101820,1.101970,1168.30
2024-01-12T20:00:00+00:00,1.101970,1.102380,1.101930,1.101970,664.75
2024-01-12T21:00:00+00:00,1.101970,1.102000,1.100610,1.101170,859.23
2024-01-12T22:00:00+00:00,1.101170,1.101550,1.100020,1.100780,568.11
2024-01-12T23:00:00+00:00,1.100780,1.101110,1.099470,1.099550,984.25
2024-01-13T00:00:00+00:00,1.099550,1.100320,1.099120,1.099320,542.76
2024-01-13T01:00:00+00:00,1.099320,1.099430,1.098660,1.099300,666.49
2024-01-13T02:00:00+00:00,1.099300,1.100690,1.099050,1.100200,1207.79
2024-01-13T03:00:00+00:00,1.100200,1.100210,1.100010,1.100120,652.76
2024-01-13T04:00:00+00:00,1.100120,1.101920,1.099990,1.101500,1328.69
2024-01-13T05:00:00+00:00,1.101500,1.101770,1.100690,1.100830,838.57
2024-01-13T06:00:00+00:00,1.100830,1.101550,1.100820,1.101320,1012.86
2024-01-13T07:00:00+00:00,1.101320,1.101610,1.099520,1.100190,985.76
2024-01-13T08:00:00+00:00,1.100190,1.100680,1.098920,1.099600,822.53
2024-01-13T09:00:00+00:00,1.099600,1.099740,1.099090,1.099270,619.99
2024-01-13T10:00:00+00:00,1.099270,1.099780,1.098990,1.099280,795.02
2024-01-13T11:00:00+00:00,1.099280,1.099950,1.096730,1.096730,1639.99
2024-01-13T12:00:00+00:00,1.096730,1.097440,1.095500,1.096190,721.00
2024-01-13T13:00:00+00:00,1.096190,1.096260,1.095270,1.095410,894.32
2024-01-13T14:00:00+00:00,1.095410,1.095970,1.093090,1.093320,1578.37
2024-01-13T15:00:00+00:00,1.093320,1.093990,1.092030,1.092640,838.61
2024-01-13T16:00:00+00:00,1.092640,1.093130,1.091900,1.092360,535.64
2024-01-13T17:00:00+00:00,1.092360,1.093130,1.090640,1.091400,1028.12
2024-01-13T18:00:00+00:00,1.091400,1.091620,1.090530,1.090990,669.03
2024-01-13T19:00:00+00:00,1.090990,1.091760,1.088740,1.089380,1331.24
2024-01-13T20:00:00+00:00,1.089380,1.089950,1.088290,1.089000,617.46
2024-01-13T21:00:00+00:00,1.089000,1.089040,1.088210,1.089000,694.00
2024-01-13T22:00:00+00:00,1.089000,1.089530,1.088300,1.088630,738.18
2024-01-13T23:00:00+00:00,1.088630,1.089170,1.088340,1.089110,899.67
2024-01-14T00:00:00+00:00,1.089110,1.089180,1.088560,1.088570,756.22
2024-01-14T01:00:00+00:00,1.088570,1.089180,1.087120,1.087210,1040.39
2024-01-14T02:00:00+00:00,1.087210,1.087640,1.086630,1.087230,689.98
2024-01-14T03:00:00+00:00,1.087230,1.088180,1.086160,1.086190,1030.62
2024-01-14T04:00:00+00:00,1.086190,1.086390,1.085460,1.085830,546.89
2024-01-14T05:00:00+00:00,1.085830,1.085910,1.083890,1.084170,1234.77
2024-01-14T06:00:00+00:00,1.084170,1.084820,1.084160,1.084510,888.96
2024-01-14T07:00:00+00:00,1.084510,1.084990,1.084140,1.084820,872.72
2024-01-14T08:00:00+00:00,1.084820,1.085820,1.084070,1.085730,1198.92
2024-01-14T09:00:00+00:00,1.085730,1.087420,1.085050,1.086790,1256.28
2024-01-14T10:00:00+00:00,1.086790,1.086970,1.085790,1.085870,926.40
2024-01-14T11:00:00+00:00,1.085870,1.086820,1.085680,1.086290,959.00
2024-01-14T12:00:00+00:00,1.086290,1.087230,1.085820,1.087020,871.66
2024-01-14T13:00:00+00:00,1.087020,1.087480,1.086030,1.086540,1015.54
2024-01-14T14:00:00+00:00,1.086540,1.086990,1.085600,1.085620,1195.32
2024-01-14T15:00:00+00:00,1.085620,1.086330,1.085440,1.086150,682.21
2024-01-14T16:00:00+00:00,1.086150,1.087240,1.086030,1.087090,921.07
2024-01-14T17:00:00+00:00,1.087090,1.087180,1.086790,1.086990,760.09
2024-01-14T18:00:00+00:00,1.086990,1.087990,1.086400,1.087180,725.55
2024-01-14T19:00:00+00:00,1.087180,1.088710,1.086720,1.088090,967.44
2024-01-14T20:00:00+00:00,1.088090,1.088430,1.087410,1.087450,1038.46
2024-01-14T21:00:00+00:00,1.087450,1.088630,1.087230,1.088150,744.02
2024-01-14T22:00:00+00:00,1.088150,1.089080,1.088140,1.089020,835.15
2024-01-14T23:00:00+00:00,1.089020,1.090060,1.088850,1.089390,563.46
2024-01-15T00:00:00+00:00,1.089390,1.089570,1.088650,1.089250,867.35
2024-01-15T01:00:00+00:00,1.089250,1.089340,1.088460,1.088610,1133.03
2024-01-15T02:00:00+00:00,1.088610,1.089390,1.087230,1.087600,1348.03
2024-01-15T03:00:00+00:00,1.087600,1.089390,1.087230,1.088700,1016.87
2024-01-15T04:00:00+00:00,1.088700,1.088900,1.088590,1.088800,719.51
2024-01-15T05:00:00+00:00,1.088800,1.089070,1.088630,1.088700,822.69
2024-01-15T06:00:00+00:00,1.088700,1.090760,1.088020,1.090500,1371.91
2024-01-15T07:00:00+00:00,1.090500,1.090840,1.090060,1.090440,784.55
2024-01-15T08:00:00+00:00,1.090440,1.090830,1.089530,1.090120,944.08
2024-01-15T09:00:00+00:00,1.090120,1.091120,1.089230,1.090370,520.73
2024-01-15T10:00:00+00:00,1.090370,1.090420,1.089870,1.090410,650.27
2024-01-15T11:00:00+00:00,1.090410,1.092300,1.089810,1.092040,1224.48
2024-01-15T12:00:00+00:00,1.092040,1.092470,1.092040,1.092320,651.79
2024-01-15T13:00:00+00:00,1.092320,1.093440,1.092230,1.093140,804.32
2024-01-15T14:00:00+00:00,1.093140,1.093890,1.091870,1.092330,1068.87
2024-01-15T15:00:00+00:00,1.092330,1.093340,1.091520,1.093110,822.23
2024-01-15T16:00:00+00:00,1.093110,1.093700,1.092290,1.092310,1189.60
2024-01-15T17:00:00+00:00,1.092310,1.092700,1.091290,1.091500,1224.23
2024-01-15T18:00:00+00:00,1.091500,1.091860,1.090390,1.091140,1020.27
2024-01-15T19:00:00+00:00,1.091140,1.092170,1.091080,1.091660,675.85
2024-01-15T20:00:00+00:00,1.091660,1.092640,1.091030,1.091950,541.41
2024-01-15T21:00:00+00:00,1.091950,1.092520,1.091400,1.091990,731.41
2024-01-15T22:00:00+00:00,1.091990,1.092380,1.091620,1.092290,593.69
2024-01-15T23:00:00+00:00,1.092290,1.092600,1.091870,1.091930,867.21
2024-01-16T00:00:00+00:00,1.091930,1.093080,1.091100,1.092370,653.35
2024-01-16T01:00:00+00:00,1.092370,1.092530,1.092140,1.092370,789.73
2024-01-16T02:00:00+00:00,1.092370,1.094140,1.092040,1.093480,1117.42
2024-01-16T03:00:00+00:00,1.093480,1.093920,1.093220,1.093630,588.44
2024-01-16T04:00:00+00:00,1.093630,1.094500,1.092960,1.093430,930.30
2024-01-16T05:00:00+00:00,1.093430,1.093540,1.093090,1.093130,957.40
2024-01-16T06:00:00+00:00,1.093130,1.094000,1.092820,1.093760,732.64
2024-01-16T07:00:00+00:00,1.093760,1.094110,1.093600,1.093940,695.43
2024-01-16T08:00:00+00:00,1.093940,1.094000,1.092870,1.093190,1073.75
2024-01-16T09:00:00+00:00,1.093190,1.094030,1.093150,1.093410,724.45
2024-01-16T10:00:00+00:00,1.093410,1.096600,1.092980,1.095530,1491.55
2024-01-16T11:00:00+00:00,1.095530,1.096000,1.094130,1.094490,1160.03
2024-01-16T12:00:00+00:00,1.094490,1.095470,1.092400,1.093000,1417.17
2024-01-16T13:00:00+00:00,1.093000,1.095300,1.092700,1.094120,948.53
2024-01-16T14:00:00+00:00,1.094120,1.094860,1.093690,1.094500,722.34
2024-01-16T15:00:00+00:00,1.094500,1.096600,1.094070,1.095850,1137.40
2024-01-16T16:00:00+00:00,1.095850,1.097210,1.095200,1.096880,944.45
2024-01-16T17:00:00+00:00,1.096880,1.097780,1.095750,1.096150,1192.27
2024-01-16T18:00:00+00:00,1.096150,1.096890,1.095270,1.095730,973.06
2024-01-16T19:00:00+00:00,1.095730,1.097270,1.095280,1.096960,1024.74
2024-01-16T20:00:00+00:00,1.096960,1.097450,1.096520,1.096930,720.03
2024-01-16T21:00:00+00:00,1.096930,1.097730,1.096210,1.097530,661.12
2024-01-16T22:00:00+00:00,1.097530,1.099720,1.096340,1.099210,1356.40
2024-01-16T23:00:00+00:00,1.099210,1.099750,1.098880,1.099470,578.89
2024-01-17T00:00:00+00:00,1.099470,1.099720,1.099410,1.099690,757.48
2024-01-17T01:00:00+00:00,1.099690,1.100660,1.097300,1.098440,1312.54
2024-01-17T02:00:00+00:00,1.098440,1.098620,1.098320,1.098510,736.27
2024-01-17T03:00:00+00:00,1.098510,1.099120,1.098500,1.098670,692.62
2024-01-17T04:00:00+00:00,1.098670,1.099340,1.097640,1.097980,885.86
2024-01-17T05:00:00+00:00,1.097980,1.098200,1.097130,1.097620,704.00
2024-01-17T06:00:00+00:00,1.097620,1.101480,1.097220,1.100790,2104.14
2024-01-17T07:00:00+00:00,1.100790,1.101900,1.100270,1.101120,767.74
2024-01-17T08:00:00+00:00,1.101120,1.101240,1.098770,1.099520,1316.95
2024-01-17T09:00:00+00:00,1.099520,1.100000,1.097280,1.097970,1272.90
2024-01-17T10:00:00+00:00,1.097970,1.098530,1.097920,1.098470,905.91
2024-01-17T11:00:00+00:00,1.098470,1.099820,1.098210,1.099080,889.06
2024-01-17T12:00:00+00:00,1.099080,1.099930,1.098830,1.099210,677.58
2024-01-17T13:00:00+00:00,1.099210,1.099720,1.098460,1.098680,869.10
2024-01-17T14:00:00+00:00,1.098680,1.099300,1.097650,1.097980,977.80
2024-01-17T15:00:00+00:00,1.097980,1.098470,1.097530,1.097820,594.54
2024-01-17T16:00:00+00:00,1.097820,1.098680,1.097030,1.097820,587.53
2024-01-17T17:00:00+00:00,1.097820,1.098430,1.096870,1.098280,781.89
2024-01-17T18:00:00+00:00,1.098280,1.099100,1.098030,1.098830,804.33
2024-01-17T19:00:00+00:00,1.098830,1.099390,1.098600,1.099240,835.13
2024-01-17T20:00:00+00:00,1.099240,1.099330,1.098800,1.099150,605.58
2024-01-17T21:00:00+00:00,1.099150,1.099650,1.097790,1.098190,1015.74
2024-01-17T22:00:00+00:00,1.098190,1.100070,1.097330,1.099320,1238.04
2024-01-17T23:00:00+00:00,1.099320,1.099700,1.098720,1.099140,613.69
2024-01-18T00:00:00+00:00,1.099140,1.100130,1.098210,1.099820,868.40
2024-01-18T01:00:00+00:00,1.099820,1.100930,1.099320,1.100690,972.60
2024-01-18T02:00:00+00:00,1.100690,1.101060,1.100080,1.100200,824.94
2024-01-18T03:00:00+00:00,1.100200,1.100720,1.100150,1.100490,667.95
2024-01-18T04:00:00+00:00,1.100490,1.101010,1.100020,1.100300,647.03
2024-01-18T05:00:00+00:00,1.100300,1.101860,1.099540,1.101560,1265.34
2024-01-18T06:00:00+00:00,1.101560,1.104010,1.100690,1.103350,1498.31
2024-01-18T07:00:00+00:00,1.103350,1.104950,1.102590,1.104060,960.38
2024-01-18T08:00:00+00:00,1.104060,1.104240,1.103460,1.104010,537.51
2024-01-18T09:00:00+00:00,1.104010,1.104840,1.103590,1.104700,926.11
2024-01-18T10:00:00+00:00,1.104700,1.105340,1.104070,1.105010,743.43
2024-01-18T11:00:00+00:00,1.105010,1.106400,1.104940,1.106290,1260.00
2024-01-18T12:00:00+00:00,1.106290,1.107400,1.103890,1.104940,1295.52
2024-01-18T13:00:00+00:00,1.104940,1.105720,1.104420,1.104910,540.80
2024-01-18T14:00:00+00:00,1.104910,1.105570,1.104560,1.105180,780.25
2024-01-18T15:00:00+00:00,1.105180,1.105310,1.105130,1.105200,541.76
2024-01-18T16:00:00+00:00,1.105200,1.105370,1.105060,1.105170,678.21
2024-01-18T17:00:00+00:00,1.105170,1.107510,1.104460,1.106920,1444.78
2024-01-18T18:00:00+00:00,1.106920,1.109280,1.106730,1.108640,1407.56
2024-01-18T19:00:00+00:00,1.108640,1.109840,1.108610,1.109050,833.58
2024-01-18T20:00:00+00:00,1.109050,1.109080,1.107890,1.108360,898.27
2024-01-18T21:00:00+00:00,1.108360,1.110140,1.107620,1.109800,1278.44
2024-01-18T22:00:00+00:00,1.109800,1.110810,1.109050,1.109940,756.51
2024-01-18T23:00:00+00:00,1.109940,1.110190,1.109320,1.109920,648.22
2024-01-19T00:00:00+00:00,1.109920,1.110470,1.109210,1.109500,807.98
2024-01-19T01:00:00+00:00,1.109500,1.109630,1.109450,1.109570,650.83
2024-01-19T02:00:00+00:00,1.109570,1.110460,1.109460,1.110200,985.05
2024-01-19T03:00:00+00:00,1.110200,1.110620,1.109070,1.109500,865.40
2024-01-19T04:00:00+00:00,1.109500,1.109700,1.108390,1.108630,1056.07
2024-01-19T05:00:00+00:00,1.108630,1.109350,1.108070,1.108450,622.44
2024-01-19T06:00:00+00:00,1.108450,1.109790,1.108280,1.109640,1208.23
2024-01-19T07:00:00+00:00,1.109640,1.109780,1.108800,1.109210,716.02
2024-01-19T08:00:00+00:00,1.109210,1.110340,1.108960,1.109550,754.14
2024-01-19T09:00:00+00:00,1.109550,1.109950,1.109450,1.109930,775.36
2024-01-19T10:00:00+00:00,1.109930,1.110770,1.109480,1.109690,785.64
2024-01-19T11:00:00+00:00,1.109690,1.110330,1.109640,1.110210,782.53
2024-01-19T12:00:00+00:00,1.110210,1.111180,1.108760,1.109320,964.86
2024-01-19T13:00:00+00:00,1.109320,1.110160,1.108160,1.108640,789.53
2024-01-19T14:00:00+00:00,1.108640,1.109050,1.106830,1.107600,935.82
2024-01-19T15:00:00+00:00,1.107600,1.109090,1.107200,1.108460,1224.85
2024-01-19T16:00:00+00:00,1.108460,1.109950,1.107890,1.109780,1389.41
2024-01-19T17:00:00+00:00,1.109780,1.111390,1.109520,1.110670,1180.18
2024-01-19T18:00:00+00:00,1.110670,1.110720,1.109100,1.109490,1073.29
2024-01-19T19:00:00+00:00,1.109490,1.110100,1.107800,1.108640,857.25
2024-01-19T20:00:00+00:00,1.108640,1.108950,1.107790,1.108430,565.63
2024-01-19T21:00:00+00:00,1.108430,1.108780,1.107950,1.108650,770.31
2024-01-19T22:00:00+00:00,1.108650,1.108990,1.108050,1.108190,660.98
2024-01-19T23:00:00+00:00,1.108190,1.108640,1.105790,1.106390,1323.47
2024-01-20T00:00:00+00:00,1.106390,1.107220,1.105340,1.105820,835.68
2024-01-20T01:00:00+00:00,1.105820,1.106630,1.104740,1.104940,855.98
2024-01-20T02:00:00+00:00,1.104940,1.104960,1.103680,1.104100,926.59
2024-01-20T03:00:00+00:00,1.104100,1.104850,1.103240,1.104310,872.05
2024-01-20T04:00:00+00:00,1.104310,1.105440,1.103260,1.103440,812.10
2024-01-20T05:00:00+00:00,1.103440,1.103800,1.102970,1.103670,766.80
2024-01-20T06:00:00+00:00,1.103670,1.104220,1.102180,1.102210,1287.09
2024-01-20T07:00:00+00:00,1.102210,1.103180,1.101330,1.102040,689.39
2024-01-20T08:00:00+00:00,1.102040,1.102700,1.100620,1.101390,808.35
2024-01-20T09:00:00+00:00,1.101390,1.102920,1.101120,1.101910,907.50
2024-01-20T10:00:00+00:00,1.101910,1.103140,1.101720,1.102290,953.44
2024-01-20T11:00:00+00:00,1.102290,1.102990,1.099660,1.100020,1630.20
2024-01-20T12:00:00+00:00,1.100020,1.101250,1.099900,1.100780,1141.87
2024-01-20T13:00:00+00:00,1.100780,1.101370,1.100220,1.101240,1022.68
2024-01-20T14:00:00+00:00,1.101240,1.102460,1.101150,1.101730,1042.86
2024-01-20T15:00:00+00:00,1.101730,1.102600,1.101430,1.101900,819.03
2024-01-20T16:00:00+00:00,1.101900,1.101940,1.100890,1.101070,816.00
2024-01-20T17:00:00+00:00,1.101070,1.102570,1.100350,1.101640,1027.43
2024-01-20T18:00:00+00:00,1.101640,1.103170,1.100740,1.102430,1181.24
2024-01-20T19:00:00+00:00,1.102430,1.103130,1.102100,1.103090,1005.87
2024-01-20T20:00:00+00:00,1.103090,1.103800,1.100770,1.101520,1322.47
2024-01-20T21:00:00+00:00,1.101520,1.102520,1.099630,1.100570,994.88
2024-01-20T22:00:00+00:00,1.100570,1.101460,1.099910,1.100750,824.22
2024-01-20T23:00:00+00:00,1.100750,1.101150,1.098810,1.099210,1227.09
2024-01-21T00:00:00+00:00,1.099210,1.099760,1.097120,1.097840,1084.30
2024-01-21T01:00:00+00:00,1.097840,1.098040,1.097580,1.097990,828.26
2024-01-21T02:00:00+00:00,1.097990,1.098210,1.096630,1.097340,879.82
2024-01-21T03:00:00+00:00,1.097340,1.097540,1.097110,1.097430,687.15
2024-01-21T04:00:00+00:00,1.097430,1.098420,1.096690,1.097810,1026.69
2024-01-21T05:00:00+00:00,1.097810,1.097860,1.097610,1.097650,636.42
2024-01-21T06:00:00+00:00,1.097650,1.098330,1.097510,1.097900,851.79
2024-01-21T07:00:00+00:00,1.097900,1.097900,1.097340,1.097830,707.45
2024-01-21T08:00:00+00:00,1.097830,1.098450,1.096240,1.096600,1070.05
2024-01-21T09:00:00+00:00,1.096600,1.096800,1.095530,1.095960,736.58
2024-01-21T10:00:00+00:00,1.095960,1.096080,1.095260,1.095870,622.08
2024-01-21T11:00:00+00:00,1.095870,1.097070,1.095790,1.096820,1222.73
2024-01-21T12:00:00+00:00,1.096820,1.097260,1.096280,1.096830,745.71
2024-01-21T13:00:00+00:00,1.096830,1.097590,1.096700,1.097500,1165.14
2024-01-21T14:00:00+00:00,1.097500,1.098670,1.096730,1.098630,1376.29
2024-01-21T15:00:00+00:00,1.098630,1.099240,1.097670,1.097840,756.66
2024-01-21T16:00:00+00:00,1.097840,1.098080,1.097470,1.097540,673.86
2024-01-21T17:00:00+00:00,1.097540,1.098390,1.096950,1.098070,920.78
2024-01-21T18:00:00+00:00,1.098070,1.098550,1.097790,1.098170,722.15
2024-01-21T19:00:00+00:00,1.098170,1.098810,1.097870,1.098580,955.63
2024-01-21T20:00:00+00:00,1.098580,1.100860,1.097970,1.100050,1402.27
2024-01-21T21:00:00+00:00,1.100050,1.100600,1.099370,1.099980,611.44
2024-01-21T22:00:00+00:00,1.099980,1.100200,1.099480,1.099690,572.03
2024-01-21T23:00:00+00:00,1.099690,1.100170,1.098430,1.099030,732.78
2024-01-22T00:00:00+00:00,1.099030,1.100670,1.098060,1.100000,1273.74
2024-01-22T01:00:00+00:00,1.100000,1.100450,1.099290,1.099990,705.28
2024-01-22T02:00:00+00:00,1.099990,1.100080,1.099360,1.099370,754.92
2024-01-22T03:00:00+00:00,1.099370,1.099410,1.097940,1.098630,881.81
2024-01-22T04:00:00+00:00,1.098630,1.099950,1.098410,1.099660,1330.70
2024-01-22T05:00:00+00:00,1.099660,1.100400,1.097870,1.098140,1210.75
2024-01-22T06:00:00+00:00,1.098140,1.098750,1.096840,1.096960,967.06
2024-01-22T07:00:00+00:00,1.096960,1.097150,1.096000,1.096120,890.62
2024-01-22T08:00:00+00:00,1.096120,1.096480,1.094040,1.094660,1111.45
2024-01-22T09:00:00+00:00,1.094660,1.094810,1.094490,1.094620,783.83
2024-01-22T10:00:00+00:00,1.094620,1.094760,1.092920,1.093880,907.51
2024-01-22T11:00:00+00:00,1.093880,1.094070,1.092630,1.092920,1034.82
2024-01-22T12:00:00+00:00,1.092920,1.093580,1.092740,1.093490,873.50
2024-01-22T13:00:00+00:00,1.093490,1.093920,1.091510,1.092420,1224.77
2024-01-22T14:00:00+00:00,1.092420,1.092740,1.092220,1.092500,684.02
2024-01-22T15:00:00+00:00,1.092500,1.094370,1.091650,1.093390,1128.62
2024-01-22T16:00:00+00:00,1.093390,1.094170,1.090990,1.091810,1356.50
2024-01-22T17:00:00+00:00,1.091810,1.092330,1.091620,1.091750,660.81
2024-01-22T18:00:00+00:00,1.091750,1.093090,1.091270,1.092700,1112.77
2024-01-22T19:00:00+00:00,1.092700,1.094170,1.091930,1.093890,1185.75
2024-01-22T20:00:00+00:00,1.093890,1.094590,1.093630,1.094480,962.94
2024-01-22T21:00:00+00:00,1.094480,1.094890,1.093830,1.094120,880.70
2024-01-22T22:00:00+00:00,1.094120,1.094480,1.093890,1.094290,712.37
2024-01-22T23:00:00+00:00,1.094290,1.094700,1.093130,1.093440,1063.63
2024-01-23T00:00:00+00:00,1.093440,1.093650,1.091910,1.092180,1232.23
2024-01-23T01:00:00+00:00,1.092180,1.094210,1.091690,1.093640,1252.79
2024-01-23T02:00:00+00:00,1.093640,1.094190,1.093430,1.094160,835.13
2024-01-23T03:00:00+00:00,1.094160,1.094920,1.094040,1.094060,728.91
2024-01-23T04:00:00+00:00,1.094060,1.094120,1.093180,1.093180,1118.17
2024-01-23T05:00:00+00:00,1.093180,1.094100,1.092580,1.092640,900.90
2024-01-23T06:00:00+00:00,1.092640,1.093370,1.092530,1.092960,706.15
2024-01-23T07:00:00+00:00,1.092960,1.093520,1.092520,1.093510,853.33
2024-01-23T08:00:00+00:00,1.093510,1.093980,1.092880,1.093670,590.77
2024-01-23T09:00:00+00:00,1.093670,1.094230,1.093560,1.094170,919.83
2024-01-23T10:00:00+00:00,1.094170,1.094260,1.092530,1.093390,1025.50
2024-01-23T11:00:00+00:00,1.093390,1.093870,1.092880,1.093530,690.96
2024-01-23T12:00:00+00:00,1.093530,1.094020,1.093050,1.093260,680.69
2024-01-23T13:00:00+00:00,1.093260,1.093620,1.092810,1.092840,912.31
2024-01-23T14:00:00+00:00,1.092840,1.093460,1.092660,1.093110,686.28
2024-01-23T15:00:00+00:00,1.093110,1.093210,1.092760,1.093010,719.45
2024-01-23T16:00:00+00:00,1.093010,1.093820,1.092390,1.093380,806.63
2024-01-23T17:00:00+00:00,1.093380,1.093820,1.092680,1.093610,615.75
2024-01-23T18:00:00+00:00,1.093610,1.093930,1.092390,1.093100,758.70
2024-01-23T19:00:00+00:00,1.093100,1.094450,1.092760,1.093940,976.46
2024-01-23T20:00:00+00:00,1.093940,1.095460,1.093440,1.094850,992.70
2024-01-23T21:00:00+00:00,1.094850,1.095970,1.094490,1.095710,990.21
2024-01-23T22:00:00+00:00,1.095710,1.095880,1.094940,1.095330,862.40
2024-01-23T23:00:00+00:00,1.095330,1.096210,1.092980,1.093890,1411.67
2024-01-24T00:00:00+00:00,1.093890,1.094030,1.093000,1.093660,684.24
2024-01-24T01:00:00+00:00,1.093660,1.095020,1.093090,1.094280,847.97
2024-01-24T02:00:00+00:00,1.094280,1.094540,1.093380,1.094090,671.60
2024-01-24T03:00:00+00:00,1.094090,1.095560,1.093670,1.095150,1099.97
2024-01-24T04:00:00+00:00,1.095150,1.095680,1.095110,1.095400,730.97
2024-01-24T05:00:00+00:00,1.095400,1.095680,1.095230,1.095300,676.55
2024-01-24T06:00:00+00:00,1.095300,1.095590,1.094590,1.095290,638.43
2024-01-24T07:00:00+00:00,1.095290,1.095600,1.094650,1.094960,802.20
2024-01-24T08:00:00+00:00,1.094960,1.095800,1.094420,1.095450,772.67
2024-01-24T09:00:00+00:00,1.095450,1.096450,1.093720,1.094150,1240.35
2024-01-24T10:00:00+00:00,1.094150,1.095050,1.094060,1.094890,995.96
2024-01-24T11:00:00+00:00,1.094890,1.095190,1.094080,1.094170,969.57
2024-01-24T12:00:00+00:00,1.094170,1.094280,1.092820,1.093330,1002.74
2024-01-24T13:00:00+00:00,1.093330,1.094020,1.093180,1.093760,770.19
2024-01-24T14:00:00+00:00,1.093760,1.095130,1.093080,1.094690,992.80
2024-01-24T15:00:00+00:00,1.094690,1.095030,1.093670,1.093970,1044.62
2024-01-24T16:00:00+00:00,1.093970,1.094370,1.093290,1.093850,686.49
2024-01-24T17:00:00+00:00,1.093850,1.094210,1.093620,1.093690,591.55
2024-01-24T18:00:00+00:00,1.093690,1.094090,1.093150,1.093830,737.85
2024-01-24T19:00:00+00:00,1.093830,1.095140,1.090800,1.091410,1742.36
2024-01-24T20:00:00+00:00,1.091410,1.092550,1.091260,1.091590,698.75
2024-01-24T21:00:00+00:00,1.091590,1.092050,1.089930,1.090510,1116.08
2024-01-24T22:00:00+00:00,1.090510,1.091810,1.089530,1.091230,993.21
2024-01-24T23:00:00+00:00,1.091230,1.091460,1.090990,1.091330,549.28
2024-01-25T00:00:00+00:00,1.091330,1.091490,1.091160,1.091290,677.46
2024-01-25T01:00:00+00:00,1.091290,1.091630,1.090120,1.090150,1205.40
2024-01-25T02:00:00+00:00,1.090150,1.090630,1.089640,1.090440,784.76
2024-01-25T03:00:00+00:00,1.090440,1.091840,1.089910,1.091690,1298.01
2024-01-25T04:00:00+00:00,1.091690,1.091970,1.091380,1.091960,887.40
2024-01-25T05:00:00+00:00,1.091960,1.093300,1.091270,1.092800,1120.78
2024-01-25T06:00:00+00:00,1.092800,1.092980,1.091950,1.092270,708.57
2024-01-25T07:00:00+00:00,1.092270,1.092830,1.090500,1.091510,901.85
2024-01-25T08:00:00+00:00,1.091510,1.091940,1.089550,1.090320,1145.44
2024-01-25T09:00:00+00:00,1.090320,1.091190,1.090020,1.090550,793.89
2024-01-25T10:00:00+00:00,1.090550,1.090560,1.089650,1.089890,797.33
2024-01-25T11:00:00+00:00,1.089890,1.090430,1.089300,1.090310,1038.86
2024-01-25T12:00:00+00:00,1.090310,1.090900,1.089750,1.089790,636.85
2024-01-25T13:00:00+00:00,1.089790,1.089800,1.088770,1.089150,692.33
2024-01-25T14:00:00+00:00,1.089150,1.089560,1.088730,1.089180,700.51
2024-01-25T15:00:00+00:00,1.089180,1.090090,1.088250,1.088980,548.25
2024-01-25T16:00:00+00:00,1.088980,1.089840,1.087190,1.087510,1288.73
2024-01-25T17:00:00+00:00,1.087510,1.087950,1.087400,1.087820,904.60
2024-01-25T18:00:00+00:00,1.087820,1.088210,1.087500,1.088120,799.99
2024-01-25T19:00:00+00:00,1.088120,1.088920,1.088120,1.088910,1068.44
2024-01-25T20:00:00+00:00,1.088910,1.090790,1.088620,1.090000,1276.18
2024-01-25T21:00:00+00:00,1.090000,1.090050,1.089190,1.089590,568.74
2024-01-25T22:00:00+00:00,1.089590,1.090010,1.088340,1.088720,983.00
2024-01-25T23:00:00+00:00,1.088720,1.089330,1.088010,1.088790,837.50
2024-01-26T00:00:00+00:00,1.088790,1.089630,1.088680,1.089430,1017.30
2024-01-26T01:00:00+00:00,1.089430,1.089990,1.088670,1.089570,722.25
2024-01-26T02:00:00+00:00,1.089570,1.091370,1.088960,1.090580,1344.01
2024-01-26T03:00:00+00:00,1.090580,1.091760,1.090300,1.091550,1135.24
2024-01-26T04:00:00+00:00,1.091550,1.092450,1.091130,1.092250,1146.85
2024-01-26T05:00:00+00:00,1.092250,1.092340,1.091810,1.091940,702.00
2024-01-26T06:00:00+00:00,1.091940,1.092540,1.091820,1.091900,622.44
2024-01-26T07:00:00+00:00,1.091900,1.092790,1.089960,1.090800,1011.22
2024-01-26T08:00:00+00:00,1.090800,1.090960,1.089040,1.089500,1182.63
2024-01-26T09:00:00+00:00,1.089500,1.089670,1.088610,1.089000,683.25
2024-01-26T10:00:00+00:00,1.089000,1.089360,1.088930,1.089110,882.10
2024-01-26T11:00:00+00:00,1.089110,1.089210,1.088190,1.088720,699.71
2024-01-26T12:00:00+00:00,1.088720,1.088880,1.087850,1.088150,716.33
2024-01-26T13:00:00+00:00,1.088150,1.088270,1.087450,1.087880,700.62
2024-01-26T14:00:00+00:00,1.087880,1.088560,1.085570,1.086240,1265.68
2024-01-26T15:00:00+00:00,1.086240,1.086960,1.086070,1.086400,811.93
2024-01-26T16:00:00+00:00,1.086400,1.087250,1.084890,1.085500,886.41
2024-01-26T17:00:00+00:00,1.085500,1.086350,1.083980,1.084800,885.56
2024-01-26T18:00:00+00:00,1.084800,1.085550,1.084500,1.084870,818.22
2024-01-26T19:00:00+00:00,1.084870,1.085930,1.084040,1.085530,1147.40
2024-01-26T20:00:00+00:00,1.085530,1.086500,1.085080,1.086160,1142.99
2024-01-26T21:00:00+00:00,1.086160,1.087530,1.085200,1.086960,1072.72
2024-01-26T22:00:00+00:00,1.086960,1.087860,1.086530,1.087440,897.76
2024-01-26T23:00:00+00:00,1.087440,1.088170,1.087240,1.088020,1044.51
2024-01-27T00:00:00+00:00,1.088020,1.089010,1.087940,1.088880,1264.43
2024-01-27T01:00:00+00:00,1.088880,1.089920,1.088180,1.089750,1117.86
2024-01-27T02:00:00+00:00,1.089750,1.090690,1.087170,1.087850,1483.25
2024-01-27T03:00:00+00:00,1.087850,1.088330,1.085220,1.086470,1128.59
2024-01-27T04:00:00+00:00,1.086470,1.086900,1.084070,1.084990,1297.24
2024-01-27T05:00:00+00:00,1.084990,1.085270,1.082770,1.083060,1419.21
2024-01-27T06:00:00+00:00,1.083060,1.083390,1.081970,1.082220,883.00
2024-01-27T07:00:00+00:00,1.082220,1.083340,1.081840,1.082940,1038.25
2024-01-27T08:00:00+00:00,1.082940,1.083400,1.081850,1.082280,851.76
2024-01-27T09:00:00+00:00,1.082280,1.082460,1.080970,1.081390,934.42
2024-01-27T10:00:00+00:00,1.081390,1.081400,1.079230,1.079450,1408.09
2024-01-27T11:00:00+00:00,1.079450,1.080060,1.078910,1.079240,730.45
2024-01-27T12:00:00+00:00,1.079240,1.079650,1.078690,1.079510,940.22
2024-01-27T13:00:00+00:00,1.079510,1.080350,1.078100,1.078890,857.15
2024-01-27T14:00:00+00:00,1.078890,1.079030,1.078440,1.078850,800.34
2024-01-27T15:00:00+00:00,1.078850,1.079020,1.078350,1.078400,707.68
2024-01-27T16:00:00+00:00,1.078400,1.079020,1.077680,1.078190,635.47
2024-01-27T17:00:00+00:00,1.078190,1.079820,1.077340,1.079570,1503.22
2024-01-27T18:00:00+00:00,1.079570,1.080240,1.077110,1.077830,1385.39
2024-01-27T19:00:00+00:00,1.077830,1.077860,1.076530,1.076950,976.01
2024-01-27T20:00:00+00:00,1.076950,1.077410,1.075930,1.076230,1038.33
2024-01-27T21:00:00+00:00,1.076230,1.076260,1.075920,1.076000,725.38
2024-01-27T22:00:00+00:00,1.076000,1.076040,1.074940,1.075710,840.31
2024-01-27T23:00:00+00:00,1.075710,1.075910,1.075630,1.075900,743.53
2024-01-28T00:00:00+00:00,1.075900,1.077410,1.075700,1.077000,1219.61
2024-01-28T01:00:00+00:00,1.077000,1.077780,1.075910,1.076530,845.80
2024-01-28T02:00:00+00:00,1.076530,1.077600,1.075890,1.077180,839.08
2024-01-28T03:00:00+00:00,1.077180,1.077810,1.076480,1.077000,676.81
2024-01-28T04:00:00+00:00,1.077000,1.077750,1.074700,1.075600,1344.05
2024-01-28T05:00:00+00:00,1.075600,1.076640,1.075360,1.076010,871.64
2024-01-28T06:00:00+00:00,1.076010,1.076250,1.074590,1.075290,999.76
2024-01-28T07:00:00+00:00,1.075290,1.075720,1.074190,1.074810,756.18
2024-01-28T08:00:00+00:00,1.074810,1.075370,1.074750,1.075320,878.12
2024-01-28T09:00:00+00:00,1.075320,1.076610,1.075230,1.076230,1062.33
2024-01-28T10:00:00+00:00,1.076230,1.076510,1.075640,1.075900,862.97
2024-01-28T11:00:00+00:00,1.075900,1.076710,1.075840,1.076240,679.03
2024-01-28T12:00:00+00:00,1.076240,1.076730,1.075400,1.075830,885.77
2024-01-28T13:00:00+00:00,1.075830,1.076170,1.075040,1.075400,793.84
2024-01-28T14:00:00+00:00,1.075400,1.077540,1.074990,1.076880,1310.75
2024-01-28T15:00:00+00:00,1.076880,1.077450,1.076170,1.076830,719.34
2024-01-28T16:00:00+00:00,1.076830,1.076970,1.075940,1.076230,866.11
2024-01-28T17:00:00+00:00,1.076230,1.077070,1.075360,1.076060,752.53
2024-01-28T18:00:00+00:00,1.076060,1.076850,1.075380,1.076550,769.37
2024-01-28T19:00:00+00:00,1.076550,1.076860,1.074880,1.075800,1056.87
2024-01-28T20:00:00+00:00,1.075800,1.077600,1.074870,1.076690,1091.61
2024-01-28T21:00:00+00:00,1.076690,1.077920,1.076680,1.077190,785.64
2024-01-28T22:00:00+00:00,1.077190,1.077490,1.077170,1.077310,669.95
2024-01-28T23:00:00+00:00,1.077310,1.078340,1.076800,1.077850,830.60
2024-01-29T00:00:00+00:00,1.077850,1.078700,1.076610,1.076980,1090.69
2024-01-29T01:00:00+00:00,1.076980,1.077070,1.075780,1.076320,984.23
2024-01-29T02:00:00+00:00,1.076320,1.076910,1.076000,1.076540,768.26
2024-01-29T03:00:00+00:00,1.076540,1.078720,1.076150,1.077760,1121.11
2024-01-29T04:00:00+00:00,1.077760,1.078050,1.075890,1.076340,1373.18
2024-01-29T05:00:00+00:00,1.076340,1.078070,1.076100,1.077370,1203.30
2024-01-29T06:00:00+00:00,1.077370,1.078820,1.076400,1.078180,971.46
2024-01-29T07:00:00+00:00,1.078180,1.078640,1.077410,1.077940,661.42
2024-01-29T08:00:00+00:00,1.077940,1.078050,1.076070,1.077100,1035.17
2024-01-29T09:00:00+00:00,1.077100,1.077230,1.076560,1.076840,689.17
2024-01-29T10:00:00+00:00,1.076840,1.077310,1.076210,1.076780,585.14
2024-01-29T11:00:00+00:00,1.076780,1.077240,1.076250,1.076370,887.08
2024-01-29T12:00:00+00:00,1.076370,1.076710,1.076260,1.076630,773.68
2024-01-29T13:00:00+00:00,1.076630,1.077050,1.075920,1.076660,697.45
2024-01-29T14:00:00+00:00,1.076660,1.077390,1.076300,1.077330,906.99
2024-01-29T15:00:00+00:00,1.077330,1.077580,1.076710,1.076840,835.13
2024-01-29T16:00:00+00:00,1.076840,1.076960,1.074700,1.075600,1167.21
2024-01-29T17:00:00+00:00,1.075600,1.076930,1.075160,1.076580,1041.14
2024-01-29T18:00:00+00:00,1.076580,1.076600,1.076440,1.076510,700.76
2024-01-29T19:00:00+00:00,1.076510,1.078810,1.076250,1.077990,1329.36
2024-01-29T20:00:00+00:00,1.077990,1.078350,1.077970,1.078190,667.03
2024-01-29T21:00:00+00:00,1.078190,1.078620,1.077030,1.077510,991.64
2024-01-29T22:00:00+00:00,1.077510,1.077760,1.076740,1.077190,740.19
2024-01-29T23:00:00+00:00,1.077190,1.077730,1.077070,1.077650,805.58
2024-01-30T00:00:00+00:00,1.077650,1.077670,1.076460,1.076500,1149.57
2024-01-30T01:00:00+00:00,1.076500,1.077200,1.075750,1.076080,709.53
2024-01-30T02:00:00+00:00,1.076080,1.077940,1.075500,1.077320,1132.32
2024-01-30T03:00:00+00:00,1.077320,1.077480,1.076920,1.077240,627.51
2024-01-30T04:00:00+00:00,1.077240,1.079060,1.076750,1.078540,1265.38
2024-01-30T05:00:00+00:00,1.078540,1.078570,1.078330,1.078370,616.31
2024-01-30T06:00:00+00:00,1.078370,1.078500,1.078150,1.078220,742.34
2024-01-30T07:00:00+00:00,1.078220,1.078460,1.077830,1.078120,620.07
2024-01-30T08:00:00+00:00,1.078120,1.078600,1.077300,1.077550,923.39
2024-01-30T09:00:00+00:00,1.077550,1.078560,1.077020,1.077640,592.70
2024-01-30T10:00:00+00:00,1.077640,1.078290,1.076480,1.077040,959.88
2024-01-30T11:00:00+00:00,1.077040,1.078060,1.076290,1.077420,855.62
2024-01-30T12:00:00+00:00,1.077420,1.077520,1.076920,1.077270,707.00
2024-01-30T13:00:00+00:00,1.077270,1.078140,1.076620,1.077390,692.96
2024-01-30T14:00:00+00:00,1.077390,1.078140,1.077360,1.078130,1019.93
2024-01-30T15:00:00+00:00,1.078130,1.078230,1.077840,1.078060,622.72
2024-01-30T16:00:00+00:00,1.078060,1.080070,1.077990,1.079420,1290.20
2024-01-30T17:00:00+00:00,1.079420,1.079480,1.078230,1.078420,1059.51
2024-01-30T18:00:00+00:00,1.078420,1.079530,1.078170,1.079120,862.62
2024-01-30T19:00:00+00:00,1.079120,1.080090,1.078890,1.079320,780.75
2024-01-30T20:00:00+00:00,1.079320,1.080160,1.078950,1.079790,829.64
2024-01-30T21:00:00+00:00,1.079790,1.079990,1.079000,1.079410,708.72
2024-01-30T22:00:00+00:00,1.079410,1.081430,1.078660,1.080760,1307.67
2024-01-30T23:00:00+00:00,1.080760,1.081840,1.080010,1.081780,1138.63
2024-01-31T00:00:00+00:00,1.081780,1.082050,1.080720,1.081280,815.79
2024-01-31T01:00:00+00:00,1.081280,1.082280,1.081180,1.082190,965.65
2024-01-31T02:00:00+00:00,1.082190,1.083790,1.081810,1.083590,1263.79
2024-01-31T03:00:00+00:00,1.083590,1.085100,1.083120,1.084570,1151.08
2024-01-31T04:00:00+00:00,1.084570,1.084630,1.083970,1.084310,818.66
2024-01-31T05:00:00+00:00,1.084310,1.085000,1.082270,1.082970,1252.53
2024-01-31T06:00:00+00:00,1.082970,1.084740,1.082510,1.083680,890.54
2024-01-31T07:00:00+00:00,1.083680,1.084290,1.082550,1.082600,1071.46
2024-01-31T08:00:00+00:00,1.082600,1.083110,1.082050,1.083070,750.03
2024-01-31T09:00:00+00:00,1.083070,1.083380,1.082970,1.083250,623.93
2024-01-31T10:00:00+00:00,1.083250,1.084110,1.083020,1.083770,781.08
2024-01-31T11:00:00+00:00,1.083770,1.083810,1.083220,1.083420,755.57
2024-01-31T12:00:00+00:00,1.083420,1.084250,1.083280,1.083790,868.64
2024-01-31T13:00:00+00:00,1.083790,1.083970,1.083250,1.083540,718.10
2024-01-31T14:00:00+00:00,1.083540,1.084110,1.082380,1.082490,1031.07
2024-01-31T15:00:00+00:00,1.082490,1.084060,1.081790,1.083120,1012.03
2024-01-31T16:00:00+00:00,1.083120,1.083830,1.082540,1.083060,614.28
2024-01-31T17:00:00+00:00,1.083060,1.083390,1.082080,1.082650,753.41
2024-01-31T18:00:00+00:00,1.082650,1.084320,1.082190,1.083560,985.75
2024-01-31T19:00:00+00:00,1.083560,1.084160,1.083080,1.083550,664.63
2024-01-31T20:00:00+00:00,1.083550,1.083940,1.081610,1.082650,1132.96
2024-01-31T21:00:00+00:00,1.082650,1.083230,1.082520,1.083120,786.96
2024-01-31T22:00:00+00:00,1.083120,1.083190,1.082170,1.083080,610.50
2024-01-31T23:00:00+00:00,1.083080,1.083560,1.083070,1.083550,858.39
2024-02-01T00:00:00+00:00,1.083550,1.084920,1.083090,1.084140,830.07
2024-02-01T01:00:00+00:00,1.084140,1.084840,1.084060,1.084100,551.61
2024-02-01T02:00:00+00:00,1.084100,1.084410,1.082660,1.083200,1004.81
2024-02-01T03:00:00+00:00,1.083200,1.083940,1.083090,1.083260,572.94
2024-02-01T04:00:00+00:00,1.083260,1.083690,1.082120,1.082720,827.91
2024-02-01T05:00:00+00:00,1.082720,1.082860,1.082510,1.082740,628.46
2024-02-01T06:00:00+00:00,1.082740,1.083000,1.082690,1.082900,763.82
2024-02-01T07:00:00+00:00,1.082900,1.083540,1.082450,1.083390,845.31
2024-02-01T08:00:00+00:00,1.083390,1.083420,1.082930,1.083020,751.37
2024-02-01T09:00:00+00:00,1.083020,1.083320,1.082420,1.082500,920.12
2024-02-01T10:00:00+00:00,1.082500,1.082980,1.082440,1.082650,616.45
2024-02-01T11:00:00+00:00,1.082650,1.083400,1.081990,1.082460,692.09
2024-02-01T12:00:00+00:00,1.082460,1.082640,1.082190,1.082300,632.62
2024-02-01T13:00:00+00:00,1.082300,1.084020,1.081720,1.083580,1308.36
2024-02-01T14:00:00+00:00,1.083580,1.084320,1.082960,1.084200,958.45
2024-02-01T15:00:00+00:00,1.084200,1.084700,1.084110,1.084400,664.25
2024-02-01T16:00:00+00:00,1.084400,1.085510,1.082300,1.083320,1099.94
2024-02-01T17:00:00+00:00,1.083320,1.084710,1.082960,1.084040,912.92
2024-02-01T18:00:00+00:00,1.084040,1.084860,1.083410,1.084730,993.28
2024-02-01T19:00:00+00:00,1.084730,1.085800,1.082740,1.082930,1486.06
2024-02-01T20:00:00+00:00,1.082930,1.083530,1.081960,1.082430,822.38
2024-02-01T21:00:00+00:00,1.082430,1.083080,1.080440,1.081300,1169.11
2024-02-01T22:00:00+00:00,1.081300,1.082280,1.079730,1.080130,1264.04
2024-02-01T23:00:00+00:00,1.080130,1.080360,1.079980,1.079990,627.47
2024-02-02T00:00:00+00:00,1.079990,1.080650,1.079830,1.079950,590.23
2024-02-02T01:00:00+00:00,1.079950,1.080380,1.079450,1.080170,730.80
2024-02-02T02:00:00+00:00,1.080170,1.080970,1.078880,1.079510,856.93
2024-02-02T03:00:00+00:00,1.079510,1.080060,1.079430,1.079730,698.15
2024-02-02T04:00:00+00:00,1.079730,1.079810,1.078600,1.078870,1020.17
2024-02-02T05:00:00+00:00,1.078870,1.082140,1.077740,1.080930,1618.19
2024-02-02T06:00:00+00:00,1.080930,1.081830,1.080840,1.081720,920.76
2024-02-02T07:00:00+00:00,1.081720,1.082280,1.080170,1.080240,1260.84
2024-02-02T08:00:00+00:00,1.080240,1.080710,1.080000,1.080190,678.21
2024-02-02T09:00:00+00:00,1.080190,1.080500,1.078330,1.079340,1057.62
2024-02-02T10:00:00+00:00,1.079340,1.079550,1.077430,1.077890,1232.47
2024-02-02T11:00:00+00:00,1.077890,1.078030,1.077600,1.077990,626.10
2024-02-02T12:00:00+00:00,1.077990,1.078160,1.077130,1.077360,933.15
2024-02-02T13:00:00+00:00,1.077360,1.079900,1.076550,1.079330,1523.05
2024-02-02T14:00:00+00:00,1.079330,1.079670,1.078520,1.078810,791.16
2024-02-02T15:00:00+00:00,1.078810,1.079160,1.077870,1.078340,770.35
2024-02-02T16:00:00+00:00,1.078340,1.078710,1.077380,1.077700,886.40
2024-02-02T17:00:00+00:00,1.077700,1.078250,1.077190,1.077860,698.84
2024-02-02T18:00:00+00:00,1.077860,1.078200,1.077580,1.077970,743.52
2024-02-02T19:00:00+00:00,1.077970,1.078980,1.077330,1.078570,926.56
2024-02-02T20:00:00+00:00,1.078570,1.079650,1.078460,1.078940,721.63
2024-02-02T21:00:00+00:00,1.078940,1.079530,1.078250,1.078640,833.10
2024-02-02T22:00:00+00:00,1.078640,1.078920,1.078470,1.078700,662.04
2024-02-02T23:00:00+00:00,1.078700,1.079560,1.077090,1.077880,917.85
2024-02-03T00:00:00+00:00,1.077880,1.078670,1.077170,1.078620,966.73
2024-02-03T01:00:00+00:00,1.078620,1.078740,1.078210,1.078660,707.79
2024-02-03T02:00:00+00:00,1.078660,1.078970,1.078270,1.078330,685.46
2024-02-03T03:00:00+00:00,1.078330,1.079490,1.077700,1.079100,943.71
2024-02-03T04:00:00+00:00,1.079100,1.079750,1.078600,1.079200,686.54
2024-02-03T05:00:00+00:00,1.079200,1.080540,1.078890,1.079950,1021.19
2024-02-03T06:00:00+00:00,1.079950,1.080610,1.079160,1.080030,580.67
2024-02-03T07:00:00+00:00,1.080030,1.080790,1.078450,1.078900,1210.11
2024-02-03T08:00:00+00:00,1.078900,1.081030,1.078540,1.080640,1526.73
2024-02-03T09:00:00+00:00,1.080640,1.082150,1.080060,1.081690,1143.50
2024-02-03T10:00:00+00:00,1.081690,1.081820,1.081100,1.081470,771.55
2024-02-03T11:00:00+00:00,1.081470,1.081830,1.080690,1.081240,765.44
2024-02-03T12:00:00+00:00,1.081240,1.081310,1.080490,1.080860,839.49
2024-02-03T13:00:00+00:00,1.080860,1.080910,1.080600,1.080670,784.31
2024-02-03T14:00:00+00:00,1.080670,1.080950,1.080440,1.080570,711.59
2024-02-03T15:00:00+00:00,1.080570,1.080750,1.079960,1.079980,914.96
2024-02-03T16:00:00+00:00,1.079980,1.081330,1.079190,1.081100,1251.99
2024-02-03T17:00:00+00:00,1.081100,1.081510,1.080060,1.080690,780.74
2024-02-03T18:00:00+00:00,1.080690,1.082010,1.080670,1.082000,1283.35
2024-02-03T19:00:00+00:00,1.082000,1.082190,1.081530,1.081830,651.67
2024-02-03T20:00:00+00:00,1.081830,1.082370,1.080890,1.081150,916.45
2024-02-03T21:00:00+00:00,1.081150,1.081380,1.080740,1.081240,658.29
2024-02-03T22:00:00+00:00,1.081240,1.083190,1.081000,1.082250,1042.77
2024-02-03T23:00:00+00:00,1.082250,1.083440,1.081730,1.082920,1017.09
2024-02-04T00:00:00+00:00,1.082920,1.083590,1.082460,1.083420,852.76
2024-02-04T01:00:00+00:00,1.083420,1.083640,1.082290,1.083250,658.68
2024-02-04T02:00:00+00:00,1.083250,1.083460,1.082880,1.082940,821.84
2024-02-04T03:00:00+00:00,1.082940,1.084010,1.082380,1.083830,1116.71
2024-02-04T04:00:00+00:00,1.083830,1.084870,1.083410,1.084080,703.66
2024-02-04T05:00:00+00:00,1.084080,1.084510,1.083890,1.084000,681.46
2024-02-04T06:00:00+00:00,1.084000,1.084860,1.083610,1.084470,759.47
2024-02-04T07:00:00+00:00,1.084470,1.084550,1.083540,1.084000,926.33
2024-02-04T08:00:00+00:00,1.084000,1.084160,1.083170,1.083520,772.98
2024-02-04T09:00:00+00:00,1.083520,1.083710,1.083180,1.083590,711.20
2024-02-04T10:00:00+00:00,1.083590,1.084900,1.083320,1.084630,1179.25
2024-02-04T11:00:00+00:00,1.084630,1.086170,1.084300,1.085720,1108.90
2024-02-04T12:00:00+00:00,1.085720,1.086160,1.084950,1.085300,931.63
2024-02-04T13:00:00+00:00,1.085300,1.086870,1.084560,1.086140,856.45
2024-02-04T14:00:00+00:00,1.086140,1.087450,1.085860,1.087020,811.84
2024-02-04T15:00:00+00:00,1.087020,1.087700,1.085400,1.085960,1228.93
2024-02-04T16:00:00+00:00,1.085960,1.087610,1.085740,1.087070,978.80
2024-02-04T17:00:00+00:00,1.087070,1.087110,1.086850,1.086870,796.78
2024-02-04T18:00:00+00:00,1.086870,1.087660,1.086740,1.087500,865.45
2024-02-04T19:00:00+00:00,1.087500,1.088090,1.087470,1.088040,746.11
2024-02-04T20:00:00+00:00,1.088040,1.090090,1.087250,1.089810,1380.34
2024-02-04T21:00:00+00:00,1.089810,1.091170,1.089700,1.090790,939.36
2024-02-04T22:00:00+00:00,1.090790,1.091090,1.089420,1.089760,1303.41
2024-02-04T23:00:00+00:00,1.089760,1.089990,1.087670,1.088210,1612.25
2024-02-05T00:00:00+00:00,1.088210,1.088850,1.087080,1.087180,1310.13
2024-02-05T01:00:00+00:00,1.087180,1.087700,1.086520,1.086650,1007.04
2024-02-05T02:00:00+00:00,1.086650,1.086890,1.086320,1.086750,763.05
2024-02-05T03:00:00+00:00,1.086750,1.087180,1.086250,1.086490,787.00
2024-02-05T04:00:00+00:00,1.086490,1.087040,1.086170,1.086480,828.41
2024-02-05T05:00:00+00:00,1.086480,1.086790,1.085730,1.085930,1019.68
2024-02-05T06:00:00+00:00,1.085930,1.086760,1.085650,1.086290,535.97
2024-02-05T07:00:00+00:00,1.086290,1.087790,1.085800,1.087570,1126.12
2024-02-05T08:00:00+00:00,1.087570,1.087650,1.085990,1.086420,1343.64
2024-02-05T09:00:00+00:00,1.086420,1.087480,1.086340,1.087270,900.25
2024-02-05T10:00:00+00:00,1.087270,1.087310,1.086920,1.087090,803.92
2024-02-05T11:00:00+00:00,1.087090,1.089390,1.086520,1.088580,1113.12
2024-02-05T12:00:00+00:00,1.088580,1.088820,1.088330,1.088490,843.91
2024-02-05T13:00:00+00:00,1.088490,1.089530,1.088300,1.089100,767.74
2024-02-05T14:00:00+00:00,1.089100,1.089690,1.088820,1.089380,700.34
2024-02-05T15:00:00+00:00,1.089380,1.090020,1.089260,1.089760,560.76
2024-02-05T16:00:00+00:00,1.089760,1.090610,1.089400,1.090500,899.83
2024-02-05T17:00:00+00:00,1.090500,1.092320,1.089660,1.092010,1302.63
2024-02-05T18:00:00+00:00,1.092010,1.092480,1.091210,1.091900,882.01
2024-02-05T19:00:00+00:00,1.091900,1.092080,1.090810,1.090840,1251.55
2024-02-05T20:00:00+00:00,1.090840,1.092140,1.090660,1.091420,822.43
2024-02-05T21:00:00+00:00,1.091420,1.092280,1.090940,1.091840,574.38
2024-02-05T22:00:00+00:00,1.091840,1.091840,1.091570,1.091630,805.24
2024-02-05T23:00:00+00:00,1.091630,1.093290,1.090920,1.092720,958.51
2024-02-06T00:00:00+00:00,1.092720,1.092860,1.091480,1.092120,969.25
2024-02-06T01:00:00+00:00,1.092120,1.092650,1.090970,1.091620,914.46
2024-02-06T02:00:00+00:00,1.091620,1.091770,1.091460,1.091600,833.13
2024-02-06T03:00:00+00:00,1.091600,1.091810,1.091390,1.091690,631.14
2024-02-06T04:00:00+00:00,1.091690,1.093540,1.090890,1.093080,1247.06
2024-02-06T05:00:00+00:00,1.093080,1.093780,1.091500,1.092390,1016.23
2024-02-06T06:00:00+00:00,1.092390,1.094860,1.092010,1.093940,1139.91
2024-02-06T07:00:00+00:00,1.093940,1.094180,1.092370,1.092860,1249.25
2024-02-06T08:00:00+00:00,1.092860,1.093550,1.092510,1.093240,704.59
2024-02-06T09:00:00+00:00,1.093240,1.094000,1.093190,1.093400,665.40
2024-02-06T10:00:00+00:00,1.093400,1.094680,1.093350,1.094430,944.36
2024-02-06T11:00:00+00:00,1.094430,1.096850,1.093570,1.096120,1231.84
2024-02-06T12:00:00+00:00,1.096120,1.096210,1.095710,1.095820,836.15
2024-02-06T13:00:00+00:00,1.095820,1.096390,1.095040,1.095240,946.95
2024-02-06T14:00:00+00:00,1.095240,1.096050,1.094550,1.095510,620.56
2024-02-06T15:00:00+00:00,1.095510,1.097260,1.095390,1.096670,1040.11
2024-02-06T16:00:00+00:00,1.096670,1.097010,1.096550,1.096940,635.33
2024-02-06T17:00:00+00:00,1.096940,1.097070,1.096240,1.096500,903.09
2024-02-06T18:00:00+00:00,1.096500,1.096990,1.096420,1.096590,678.59
2024-02-06T19:00:00+00:00,1.096590,1.097390,1.096020,1.097370,934.20
2024-02-06T20:00:00+00:00,1.097370,1.097720,1.096040,1.096180,1283.52
2024-02-06T21:00:00+00:00,1.096180,1.096980,1.095840,1.096640,633.45
2024-02-06T22:00:00+00:00,1.096640,1.096800,1.096400,1.096680,709.61
2024-02-06T23:00:00+00:00,1.096680,1.097180,1.096370,1.097170,723.45
2024-02-07T00:00:00+00:00,1.097170,1.099100,1.096790,1.098570,1318.92
2024-02-07T01:00:00+00:00,1.098570,1.098870,1.097510,1.097750,1100.71
2024-02-07T02:00:00+00:00,1.097750,1.098130,1.097000,1.097070,991.89
2024-02-07T03:00:00+00:00,1.097070,1.098120,1.097030,1.097790,1055.66
2024-02-07T04:00:00+00:00,1.097790,1.098440,1.096670,1.097100,892.95
2024-02-07T05:00:00+00:00,1.097100,1.097820,1.096630,1.097160,618.64
2024-02-07T06:00:00+00:00,1.097160,1.098040,1.096850,1.097880,1037.59
2024-02-07T07:00:00+00:00,1.097880,1.098020,1.096920,1.097070,1008.99
2024-02-07T08:00:00+00:00,1.097070,1.097660,1.097000,1.097310,657.16
2024-02-07T09:00:00+00:00,1.097310,1.097820,1.096250,1.096760,904.59
2024-02-07T10:00:00+00:00,1.096760,1.096840,1.096560,1.096720,659.06
2024-02-07T11:00:00+00:00,1.096720,1.098580,1.095900,1.097710,1032.47
2024-02-07T12:00:00+00:00,1.097710,1.097750,1.096910,1.096920,986.56
2024-02-07T13:00:00+00:00,1.096920,1.098090,1.096230,1.097860,1065.59
2024-02-07T14:00:00+00:00,1.097860,1.098250,1.096480,1.097020,1010.84
2024-02-07T15:00:00+00:00,1.097020,1.097570,1.097010,1.097490,930.24
2024-02-07T16:00:00+00:00,1.097490,1.097790,1.097110,1.097760,748.98
2024-02-07T17:00:00+00:00,1.097760,1.098320,1.097280,1.097780,614.27
2024-02-07T18:00:00+00:00,1.097780,1.097990,1.097470,1.097910,567.10
2024-02-07T19:00:00+00:00,1.097910,1.098160,1.097490,1.097730,782.07
2024-02-07T20:00:00+00:00,1.097730,1.097840,1.097210,1.097700,555.21
2024-02-07T21:00:00+00:00,1.097700,1.098340,1.096960,1.098290,930.67
2024-02-07T22:00:00+00:00,1.098290,1.099280,1.098170,1.099130,941.14
2024-02-07T23:00:00+00:00,1.099130,1.101040,1.098780,1.100210,1115.23
2024-02-08T00:00:00+00:00,1.100210,1.100570,1.099600,1.099700,810.46
2024-02-08T01:00:00+00:00,1.099700,1.100830,1.099580,1.100390,897.54
2024-02-08T02:00:00+00:00,1.100390,1.101080,1.098890,1.099310,1083.85
2024-02-08T03:00:00+00:00,1.099310,1.099470,1.097480,1.097900,1223.31
2024-02-08T04:00:00+00:00,1.097900,1.098220,1.097890,1.098000,693.24
2024-02-08T05:00:00+00:00,1.098000,1.098440,1.097390,1.097440,840.89
2024-02-08T06:00:00+00:00,1.097440,1.099170,1.096760,1.098840,1388.69
2024-02-08T07:00:00+00:00,1.098840,1.100020,1.098340,1.099710,1096.05
2024-02-08T08:00:00+00:00,1.099710,1.100760,1.099280,1.100340,827.31
2024-02-08T09:00:00+00:00,1.100340,1.100610,1.099780,1.100130,607.23
2024-02-08T10:00:00+00:00,1.100130,1.101330,1.099460,1.101320,1213.23
2024-02-08T11:00:00+00:00,1.101320,1.102900,1.100460,1.102100,892.57
2024-02-08T12:00:00+00:00,1.102100,1.102830,1.101330,1.101340,971.46
2024-02-08T13:00:00+00:00,1.101340,1.101470,1.101190,1.101340,639.77
2024-02-08T14:00:00+00:00,1.101340,1.101620,1.100730,1.101580,777.64
2024-02-08T15:00:00+00:00,1.101580,1.101860,1.100920,1.100960,875.42
2024-02-08T16:00:00+00:00,1.100960,1.101380,1.100190,1.100220,1033.87
2024-02-08T17:00:00+00:00,1.100220,1.101050,1.098630,1.099150,1110.55
2024-02-08T18:00:00+00:00,1.099150,1.100550,1.098250,1.099560,718.72
2024-02-08T19:00:00+00:00,1.099560,1.099770,1.097950,1.098160,1376.77
2024-02-08T20:00:00+00:00,1.098160,1.098210,1.096730,1.097350,1092.97
2024-02-08T21:00:00+00:00,1.097350,1.098450,1.096710,1.097910,978.61
2024-02-08T22:00:00+00:00,1.097910,1.098070,1.095770,1.096180,1471.48
2024-02-08T23:00:00+00:00,1.096180,1.096630,1.094990,1.095510,949.88
2024-02-09T00:00:00+00:00,1.095510,1.095680,1.095070,1.095240,688.62
2024-02-09T01:00:00+00:00,1.095240,1.095250,1.094090,1.094680,909.59
2024-02-09T02:00:00+00:00,1.094680,1.095420,1.094510,1.094850,641.26
2024-02-09T03:00:00+00:00,1.094850,1.095140,1.094520,1.094710,691.06
2024-02-09T04:00:00+00:00,1.094710,1.094810,1.093560,1.094100,917.49
2024-02-09T05:00:00+00:00,1.094100,1.094650,1.093670,1.093690,768.41
2024-02-09T06:00:00+00:00,1.093690,1.093810,1.093550,1.093740,713.75
2024-02-09T07:00:00+00:00,1.093740,1.093940,1.092860,1.093510,678.65
2024-02-09T08:00:00+00:00,1.093510,1.095900,1.093210,1.095080,1324.02
2024-02-09T09:00:00+00:00,1.095080,1.096540,1.094820,1.095980,1051.84
2024-02-09T10:00:00+00:00,1.095980,1.097180,1.095300,1.096370,734.18
2024-02-09T11:00:00+00:00,1.096370,1.098060,1.096100,1.097720,1207.35
2024-02-09T12:00:00+00:00,1.097720,1.098300,1.097690,1.097860,722.42
2024-02-09T13:00:00+00:00,1.097860,1.098020,1.097600,1.097710,768.62
2024-02-09T14:00:00+00:00,1.097710,1.098070,1.097530,1.097600,730.58
2024-02-09T15:00:00+00:00,1.097600,1.099750,1.097500,1.099700,1539.00
2024-02-09T16:00:00+00:00,1.099700,1.100670,1.099400,1.100610,987.20
2024-02-09T17:00:00+00:00,1.100610,1.101140,1.099660,1.100350,853.02
2024-02-09T18:00:00+00:00,1.100350,1.101250,1.099820,1.100470,708.37
2024-02-09T19:00:00+00:00,1.100470,1.100730,1.100230,1.100400,779.55
2024-02-09T20:00:00+00:00,1.100400,1.100560,1.099230,1.099800,941.67
2024-02-09T21:00:00+00:00,1.099800,1.101860,1.099540,1.100840,947.41
2024-02-09T22:00:00+00:00,1.100840,1.101190,1.100740,1.100790,679.33
2024-02-09T23:00:00+00:00,1.100790,1.102000,1.100610,1.101610,971.91
2024-02-10T00:00:00+00:00,1.101610,1.102530,1.100420,1.100580,1164.38
2024-02-10T01:00:00+00:00,1.100580,1.101800,1.100040,1.101490,930.84
2024-02-10T02:00:00+00:00,1.101490,1.101580,1.101110,1.101550,803.32
2024-02-10T03:00:00+00:00,1.101550,1.102390,1.100850,1.102160,815.96
2024-02-10T04:00:00+00:00,1.102160,1.102160,1.101720,1.102060,800.82
2024-02-10T05:00:00+00:00,1.102060,1.102690,1.101320,1.102170,762.67
2024-02-10T06:00:00+00:00,1.102170,1.103240,1.100030,1.100890,1478.23
2024-02-10T07:00:00+00:00,1.100890,1.102550,1.100580,1.102040,968.29
2024-02-10T08:00:00+00:00,1.102040,1.104310,1.101210,1.103320,1164.52
2024-02-10T09:00:00+00:00,1.103320,1.104200,1.103210,1.103740,653.53
2024-02-10T10:00:00+00:00,1.103740,1.104880,1.103390,1.104680,846.37
2024-02-10T11:00:00+00:00,1.104680,1.105050,1.103420,1.103510,1234.84
2024-02-10T12:00:00+00:00,1.103510,1.103510,1.103410,1.103440,789.15
2024-02-10T13:00:00+00:00,1.103440,1.104730,1.103390,1.104360,970.15
2024-02-10T14:00:00+00:00,1.104360,1.104960,1.101930,1.102820,1441.22
2024-02-10T15:00:00+00:00,1.102820,1.103310,1.102380,1.102480,981.09
2024-02-10T16:00:00+00:00,1.102480,1.102790,1.101830,1.101990,1043.12
2024-02-10T17:00:00+00:00,1.101990,1.103940,1.101430,1.103110,936.60
2024-02-10T18:00:00+00:00,1.103110,1.104310,1.102820,1.103710,735.63
2024-02-10T19:00:00+00:00,1.103710,1.103890,1.103340,1.103550,844.71
2024-02-10T20:00:00+00:00,1.103550,1.105040,1.103290,1.104330,774.22
2024-02-10T21:00:00+00:00,1.104330,1.104700,1.104260,1.104310,672.55
2024-02-10T22:00:00+00:00,1.104310,1.106600,1.103850,1.105760,1084.13
2024-02-10T23:00:00+00:00,1.105760,1.105960,1.105540,1.105890,745.11
2024-02-11T00:00:00+00:00,1.105890,1.106100,1.105790,1.105940,735.09
2024-02-11T01:00:00+00:00,1.105940,1.107230,1.105720,1.107170,1082.14
2024-02-11T02:00:00+00:00,1.107170,1.107620,1.107100,1.107250,699.23
2024-02-11T03:00:00+00:00,1.107250,1.108050,1.107200,1.107750,654.21
2024-02-11T04:00:00+00:00,1.107750,1.108350,1.106630,1.106820,1108.25
2024-02-11T05:00:00+00:00,1.106820,1.107010,1.105460,1.105790,1239.76
2024-02-11T06:00:00+00:00,1.105790,1.106230,1.105560,1.106210,696.06
2024-02-11T07:00:00+00:00,1.106210,1.107270,1.106170,1.106880,865.23
2024-02-11T08:00:00+00:00,1.106880,1.107340,1.106050,1.106940,629.78
2024-02-11T09:00:00+00:00,1.106940,1.107340,1.106820,1.107200,534.82
2024-02-11T10:00:00+00:00,1.107200,1.107880,1.106380,1.106740,968.65
2024-02-11T11:00:00+00:00,1.106740,1.107690,1.106650,1.107590,928.15
2024-02-11T12:00:00+00:00,1.107590,1.107650,1.106880,1.107440,889.74
2024-02-11T13:00:00+00:00,1.107440,1.108130,1.107380,1.107740,562.51
2024-02-11T14:00:00+00:00,1.107740,1.109360,1.106870,1.108680,995.85
2024-02-11T15:00:00+00:00,1.108680,1.108810,1.108330,1.108390,851.14
2024-02-11T16:00:00+00:00,1.108390,1.110700,1.108220,1.110350,1470.49
2024-02-11T17:00:00+00:00,1.110350,1.111030,1.109970,1.110550,730.98
2024-02-11T18:00:00+00:00,1.110550,1.111280,1.110410,1.110720,575.03
2024-02-11T19:00:00+00:00,1.110720,1.111220,1.110540,1.110540,819.46
2024-02-11T20:00:00+00:00,1.110540,1.111740,1.110480,1.111440,838.96
2024-02-11T21:00:00+00:00,1.111440,1.111960,1.111160,1.111690,697.38
2024-02-11T22:00:00+00:00,1.111690,1.112060,1.110980,1.111120,1080.87
2024-02-11T23:00:00+00:00,1.111120,1.112430,1.110690,1.112050,884.16
2024-02-12T00:00:00+00:00,1.112050,1.112720,1.110310,1.110850,1320.73
2024-02-12T01:00:00+00:00,1.110850,1.111410,1.110640,1.111090,712.52
2024-02-12T02:00:00+00:00,1.111090,1.111640,1.110460,1.111000,743.41
2024-02-12T03:00:00+00:00,1.111000,1.112080,1.110720,1.112020,934.42
2024-02-12T04:00:00+00:00,1.112020,1.112510,1.111920,1.112350,569.78
2024-02-12T05:00:00+00:00,1.112350,1.114010,1.112340,1.113380,890.46
2024-02-12T06:00:00+00:00,1.113380,1.113870,1.112680,1.112880,1032.14
2024-02-12T07:00:00+00:00,1.112880,1.114650,1.112610,1.114410,1348.52
2024-02-12T08:00:00+00:00,1.114410,1.114590,1.113810,1.113890,924.76
2024-02-12T09:00:00+00:00,1.113890,1.113970,1.113220,1.113310,904.23
2024-02-12T10:00:00+00:00,1.113310,1.115630,1.113210,1.114920,1404.13
2024-02-12T11:00:00+00:00,1.114920,1.115630,1.114200,1.115550,991.49
2024-02-12T12:00:00+00:00,1.115550,1.116560,1.113430,1.114490,1048.98
2024-02-12T13:00:00+00:00,1.114490,1.114540,1.113970,1.114290,610.45
2024-02-12T14:00:00+00:00,1.114290,1.115080,1.113350,1.113510,956.11
2024-02-12T15:00:00+00:00,1.113510,1.114260,1.111690,1.112280,1268.24
2024-02-12T16:00:00+00:00,1.112280,1.113150,1.111820,1.112850,902.42
2024-02-12T17:00:00+00:00,1.112850,1.113280,1.112200,1.112540,828.67
2024-02-12T18:00:00+00:00,1.112540,1.113210,1.111660,1.112840,650.57
2024-02-12T19:00:00+00:00,1.112840,1.113980,1.112320,1.113490,887.75
2024-02-12T20:00:00+00:00,1.113490,1.114110,1.113380,1.114080,839.05
2024-02-12T21:00:00+00:00,1.114080,1.115490,1.114020,1.115130,1161.72
2024-02-12T22:00:00+00:00,1.115130,1.116750,1.114700,1.116030,1047.85
2024-02-12T23:00:00+00:00,1.116030,1.116370,1.115460,1.115650,866.33
2024-02-13T00:00:00+00:00,1.115650,1.117630,1.115630,1.117080,1217.86
2024-02-13T01:00:00+00:00,1.117080,1.117210,1.116060,1.116210,1047.86
2024-02-13T02:00:00+00:00,1.116210,1.116670,1.114940,1.115450,953.54
2024-02-13T03:00:00+00:00,1.115450,1.115780,1.114820,1.115100,766.11
2024-02-13T04:00:00+00:00,1.115100,1.115110,1.114750,1.114810,741.08
2024-02-13T05:00:00+00:00,1.114810,1.115380,1.114440,1.115370,864.36
2024-02-13T06:00:00+00:00,1.115370,1.115720,1.115140,1.115660,830.31
2024-02-13T07:00:00+00:00,1.115660,1.116120,1.114870,1.115270,879.24
2024-02-13T08:00:00+00:00,1.115270,1.116100,1.114960,1.115700,870.55
2024-02-13T09:00:00+00:00,1.115700,1.115730,1.115300,1.115530,641.80
2024-02-13T10:00:00+00:00,1.115530,1.116040,1.113090,1.113630,1493.70
2024-02-13T11:00:00+00:00,1.113630,1.113800,1.113220,1.113780,606.07
2024-02-13T12:00:00+00:00,1.113780,1.113950,1.113590,1.113680,664.82
2024-02-13T13:00:00+00:00,1.113680,1.114380,1.112540,1.113330,749.68
2024-02-13T14:00:00+00:00,1.113330,1.113710,1.113040,1.113640,843.82
2024-02-13T15:00:00+00:00,1.113640,1.115290,1.112870,1.114950,1280.15
2024-02-13T16:00:00+00:00,1.114950,1.115050,1.113390,1.113870,1084.68
2024-02-13T17:00:00+00:00,1.113870,1.114300,1.113780,1.114060,652.00
2024-02-13T18:00:00+00:00,1.114060,1.114620,1.112510,1.113230,919.42
2024-02-13T19:00:00+00:00,1.113230,1.113530,1.112340,1.112630,945.79
2024-02-13T20:00:00+00:00,1.112630,1.113550,1.112310,1.112860,674.12
2024-02-13T21:00:00+00:00,1.112860,1.113620,1.112730,1.113590,949.87
2024-02-13T22:00:00+00:00,1.113590,1.114260,1.111680,1.112430,1124.27
2024-02-13T23:00:00+00:00,1.112430,1.113140,1.110950,1.111650,1037.40
2024-02-14T00:00:00+00:00,1.111650,1.112080,1.110650,1.111020,870.27
2024-02-14T01:00:00+00:00,1.111020,1.111890,1.110470,1.111780,941.82
2024-02-14T02:00:00+00:00,1.111780,1.112070,1.111420,1.111740,549.87
2024-02-14T03:00:00+00:00,1.111740,1.113640,1.111280,1.113050,1283.85
2024-02-14T04:00:00+00:00,1.113050,1.114330,1.112510,1.113690,929.30
2024-02-14T05:00:00+00:00,1.113690,1.114680,1.111630,1.112360,1352.08
2024-02-14T06:00:00+00:00,1.112360,1.113160,1.112100,1.112150,688.00
2024-02-14T07:00:00+00:00,1.112150,1.112600,1.111280,1.111720,787.86
2024-02-14T08:00:00+00:00,1.111720,1.112790,1.111550,1.112510,923.36
2024-02-14T09:00:00+00:00,1.112510,1.113000,1.111040,1.111850,1016.06
2024-02-14T10:00:00+00:00,1.111850,1.112700,1.111170,1.112130,754.98
2024-02-14T11:00:00+00:00,1.112130,1.112200,1.111150,1.111400,980.43
2024-02-14T12:00:00+00:00,1.111400,1.111910,1.111290,1.111830,854.17
2024-02-14T13:00:00+00:00,1.111830,1.112230,1.110830,1.110940,1088.16
2024-02-14T14:00:00+00:00,1.110940,1.111590,1.110810,1.111260,818.05
2024-02-14T15:00:00+00:00,1.111260,1.111800,1.111080,1.111400,656.13
2024-02-14T16:00:00+00:00,1.111400,1.111960,1.109550,1.110000,1285.23
2024-02-14T17:00:00+00:00,1.110000,1.110550,1.107380,1.107950,1641.81
2024-02-14T18:00:00+00:00,1.107950,1.108670,1.105770,1.106570,1237.87
2024-02-14T19:00:00+00:00,1.106570,1.107340,1.105940,1.106520,613.53
2024-02-14T20:00:00+00:00,1.106520,1.107260,1.106080,1.106770,644.10
2024-02-14T21:00:00+00:00,1.106770,1.107030,1.106410,1.106630,610.79
2024-02-14T22:00:00+00:00,1.106630,1.106910,1.105760,1.106190,840.89
2024-02-14T23:00:00+00:00,1.106190,1.106780,1.106020,1.106640,802.77
2024-02-15T00:00:00+00:00,1.106640,1.106940,1.106290,1.106850,629.21
2024-02-15T01:00:00+00:00,1.106850,1.107960,1.106510,1.107670,1073.99
2024-02-15T02:00:00+00:00,1.107670,1.107920,1.107600,1.107660,531.66
2024-02-15T03:00:00+00:00,1.107660,1.108280,1.106500,1.106950,865.39
2024-02-15T04:00:00+00:00,1.106950,1.108350,1.106650,1.108020,1151.62
2024-02-15T05:00:00+00:00,1.108020,1.108170,1.107170,1.107690,731.74
2024-02-15T06:00:00+00:00,1.107690,1.108370,1.106840,1.107200,834.42
2024-02-15T07:00:00+00:00,1.107200,1.108690,1.106390,1.107870,934.92
2024-02-15T08:00:00+00:00,1.107870,1.107990,1.107210,1.107490,830.94
2024-02-15T09:00:00+00:00,1.107490,1.108010,1.106910,1.107180,679.88
2024-02-15T10:00:00+00:00,1.107180,1.107560,1.107170,1.107280,599.61
2024-02-15T11:00:00+00:00,1.107280,1.108690,1.106840,1.107980,902.65
2024-02-15T12:00:00+00:00,1.107980,1.108370,1.107510,1.107580,805.32
2024-02-15T13:00:00+00:00,1.107580,1.107770,1.106720,1.107200,810.72
2024-02-15T14:00:00+00:00,1.107200,1.107260,1.106710,1.107040,746.65
2024-02-15T15:00:00+00:00,1.107040,1.108800,1.106660,1.108140,1059.83
2024-02-15T16:00:00+00:00,1.108140,1.109470,1.107870,1.108920,971.01
2024-02-15T17:00:00+00:00,1.108920,1.109340,1.108300,1.109010,556.22
2024-02-15T18:00:00+00:00,1.109010,1.109400,1.106950,1.107730,1240.19
2024-02-15T19:00:00+00:00,1.107730,1.109110,1.107620,1.108840,1059.52
2024-02-15T20:00:00+00:00,1.108840,1.109810,1.107930,1.109690,957.95
2024-02-15T21:00:00+00:00,1.109690,1.109980,1.108750,1.109170,858.86
2024-02-15T22:00:00+00:00,1.109170,1.109650,1.107720,1.107930,1128.63
2024-02-15T23:00:00+00:00,1.107930,1.108960,1.107460,1.108700,925.94
2024-02-16T00:00:00+00:00,1.108700,1.109230,1.107100,1.107750,1012.60
2024-02-16T01:00:00+00:00,1.107750,1.109960,1.107440,1.109320,1346.81
2024-02-16T02:00:00+00:00,1.109320,1.109410,1.108510,1.108870,864.40
2024-02-16T03:00:00+00:00,1.108870,1.109270,1.107720,1.107850,1009.44
2024-02-16T04:00:00+00:00,1.107850,1.108550,1.105440,1.105820,1533.60
2024-02-16T05:00:00+00:00,1.105820,1.106150,1.105310,1.105570,681.63
2024-02-16T06:00:00+00:00,1.105570,1.106270,1.105380,1.106130,834.51
2024-02-16T07:00:00+00:00,1.106130,1.107550,1.105670,1.106990,1122.38
2024-02-16T08:00:00+00:00,1.106990,1.108200,1.106560,1.108020,1123.28
2024-02-16T09:00:00+00:00,1.108020,1.109120,1.107350,1.108630,869.91
2024-02-16T10:00:00+00:00,1.108630,1.110950,1.108040,1.110020,1262.20
2024-02-16T11:00:00+00:00,1.110020,1.110250,1.108170,1.108490,1412.14
2024-02-16T12:00:00+00:00,1.108490,1.109030,1.108110,1.109000,757.15
2024-02-16T13:00:00+00:00,1.109000,1.109480,1.108110,1.108260,914.34
2024-02-16T14:00:00+00:00,1.108260,1.109470,1.107860,1.109170,989.31
2024-02-16T15:00:00+00:00,1.109170,1.110150,1.108380,1.109770,957.02
2024-02-16T16:00:00+00:00,1.109770,1.110330,1.109320,1.110110,697.36
2024-02-16T17:00:00+00:00,1.110110,1.111210,1.109600,1.111060,1070.66
2024-02-16T18:00:00+00:00,1.111060,1.111450,1.110520,1.110730,824.17
2024-02-16T19:00:00+00:00,1.110730,1.111030,1.110720,1.110910,696.45
2024-02-16T20:00:00+00:00,1.110910,1.111070,1.109820,1.110530,850.23
2024-02-16T21:00:00+00:00,1.110530,1.111620,1.110260,1.111560,1066.52
2024-02-16T22:00:00+00:00,1.111560,1.111580,1.110250,1.110300,1256.22
2024-02-16T23:00:00+00:00,1.110300,1.110480,1.109640,1.110390,713.02
2024-02-17T00:00:00+00:00,1.110390,1.111190,1.109730,1.110470,737.80
2024-02-17T01:00:00+00:00,1.110470,1.110670,1.110210,1.110360,717.87
2024-02-17T02:00:00+00:00,1.110360,1.111620,1.109770,1.111410,1188.12
2024-02-17T03:00:00+00:00,1.111410,1.112860,1.110500,1.111920,923.71
2024-02-17T04:00:00+00:00,1.111920,1.112230,1.110960,1.111470,888.50
2024-02-17T05:00:00+00:00,1.111470,1.111780,1.110810,1.111430,666.53
2024-02-17T06:00:00+00:00,1.111430,1.112610,1.111280,1.112070,984.02
2024-02-17T07:00:00+00:00,1.112070,1.112180,1.111050,1.111490,966.74
2024-02-17T08:00:00+00:00,1.111490,1.112010,1.110340,1.110670,907.59
2024-02-17T09:00:00+00:00,1.110670,1.110670,1.109770,1.109900,847.21
2024-02-17T10:00:00+00:00,1.109900,1.111930,1.109140,1.111440,1447.81
2024-02-17T11:00:00+00:00,1.111440,1.111780,1.110520,1.110810,693.67
2024-02-17T12:00:00+00:00,1.110810,1.111170,1.110440,1.110780,731.18
2024-02-17T13:00:00+00:00,1.110780,1.111290,1.110270,1.110490,554.71
2024-02-17T14:00:00+00:00,1.110490,1.111170,1.109230,1.109560,940.71
2024-02-17T15:00:00+00:00,1.109560,1.110420,1.108330,1.109280,523.64
2024-02-17T16:00:00+00:00,1.109280,1.110710,1.109030,1.109810,922.05
2024-02-17T17:00:00+00:00,1.109810,1.110040,1.109280,1.109390,679.59
2024-02-17T18:00:00+00:00,1.109390,1.109850,1.108580,1.108870,621.48
2024-02-17T19:00:00+00:00,1.108870,1.109140,1.108470,1.108780,681.51
2024-02-17T20:00:00+00:00,1.108780,1.109280,1.107730,1.108260,667.20
2024-02-17T21:00:00+00:00,1.108260,1.108710,1.106990,1.107530,790.15
2024-02-17T22:00:00+00:00,1.107530,1.108100,1.106250,1.106550,856.25
2024-02-17T23:00:00+00:00,1.106550,1.108110,1.106310,1.107720,1387.86
2024-02-18T00:00:00+00:00,1.107720,1.108570,1.107430,1.108450,1122.02
2024-02-18T01:00:00+00:00,1.108450,1.108920,1.106710,1.107160,1201.64
2024-02-18T02:00:00+00:00,1.107160,1.107590,1.105670,1.106100,992.08
2024-02-18T03:00:00+00:00,1.106100,1.106690,1.105960,1.106350,857.57
2024-02-18T04:00:00+00:00,1.106350,1.106670,1.105550,1.105620,743.94
2024-02-18T05:00:00+00:00,1.105620,1.106040,1.105610,1.105770,865.15
2024-02-18T06:00:00+00:00,1.105770,1.106270,1.103960,1.104490,1019.12
2024-02-18T07:00:00+00:00,1.104490,1.105090,1.103000,1.103620,967.74
2024-02-18T08:00:00+00:00,1.103620,1.103980,1.102250,1.102940,855.93
2024-02-18T09:00:00+00:00,1.102940,1.103500,1.102470,1.102620,633.56
2024-02-18T10:00:00+00:00,1.102620,1.104190,1.102040,1.103190,1103.56
2024-02-18T11:00:00+00:00,1.103190,1.103230,1.102050,1.102300,811.32
2024-02-18T12:00:00+00:00,1.102300,1.102500,1.101060,1.101300,918.97
2024-02-18T13:00:00+00:00,1.101300,1.102220,1.098630,1.099560,1288.51
2024-02-18T14:00:00+00:00,1.099560,1.100340,1.097670,1.098380,983.71
2024-02-18T15:00:00+00:00,1.098380,1.098970,1.097720,1.098660,909.93
2024-02-18T16:00:00+00:00,1.098660,1.098670,1.098100,1.098530,700.57
2024-02-18T17:00:00+00:00,1.098530,1.099140,1.098390,1.098680,744.38
2024-02-18T18:00:00+00:00,1.098680,1.099080,1.096760,1.097340,1197.89
2024-02-18T19:00:00+00:00,1.097340,1.098220,1.096510,1.097700,899.91
2024-02-18T20:00:00+00:00,1.097700,1.097860,1.097680,1.097790,827.80
2024-02-18T21:00:00+00:00,1.097790,1.098400,1.097190,1.097970,793.48
2024-02-18T22:00:00+00:00,1.097970,1.098570,1.096790,1.097530,773.02
2024-02-18T23:00:00+00:00,1.097530,1.098360,1.097220,1.097930,926.87
2024-02-19T00:00:00+00:00,1.097930,1.098630,1.097910,1.098040,698.89
2024-02-19T01:00:00+00:00,1.098040,1.098270,1.097850,1.098060,665.04
2024-02-19T02:00:00+00:00,1.098060,1.098810,1.097550,1.098350,879.65
2024-02-19T03:00:00+00:00,1.098350,1.098790,1.096170,1.096730,1215.29
2024-02-19T04:00:00+00:00,1.096730,1.097660,1.096310,1.096910,829.82
2024-02-19T05:00:00+00:00,1.096910,1.097060,1.096330,1.096620,647.30
2024-02-19T06:00:00+00:00,1.096620,1.096690,1.095570,1.096190,739.38
2024-02-19T07:00:00+00:00,1.096190,1.096230,1.096120,1.096130,780.62
2024-02-19T08:00:00+00:00,1.096130,1.097060,1.096050,1.096690,1016.51
2024-02-19T09:00:00+00:00,1.096690,1.097060,1.096120,1.096620,660.33
2024-02-19T10:00:00+00:00,1.096620,1.096830,1.096010,1.096700,765.26
2024-02-19T11:00:00+00:00,1.096700,1.097450,1.096490,1.096920,916.03
2024-02-19T12:00:00+00:00,1.096920,1.097700,1.095520,1.096360,759.24
2024-02-19T13:00:00+00:00,1.096360,1.096530,1.095400,1.095490,824.39
2024-02-19T14:00:00+00:00,1.095490,1.096260,1.094290,1.094300,957.86
2024-02-19T15:00:00+00:00,1.094300,1.094420,1.093580,1.094000,546.90
2024-02-19T16:00:00+00:00,1.094000,1.094800,1.093010,1.093660,690.42
2024-02-19T17:00:00+00:00,1.093660,1.095110,1.093600,1.094920,1352.05
2024-02-19T18:00:00+00:00,1.094920,1.094960,1.094460,1.094790,756.76
2024-02-19T19:00:00+00:00,1.094790,1.095110,1.093720,1.093810,905.04
2024-02-19T20:00:00+00:00,1.093810,1.094880,1.092660,1.094660,849.72
2024-02-19T21:00:00+00:00,1.094660,1.094840,1.093730,1.094170,940.61
2024-02-19T22:00:00+00:00,1.094170,1.095270,1.093790,1.094540,661.84
2024-02-19T23:00:00+00:00,1.094540,1.096180,1.094030,1.095510,878.43
2024-02-20T00:00:00+00:00,1.095510,1.098110,1.094170,1.097720,1560.37
2024-02-20T01:00:00+00:00,1.097720,1.097810,1.096870,1.097510,768.23
2024-02-20T02:00:00+00:00,1.097510,1.099060,1.097050,1.098370,956.47
2024-02-20T03:00:00+00:00,1.098370,1.099580,1.097880,1.099500,953.85
2024-02-20T04:00:00+00:00,1.099500,1.101560,1.099000,1.100560,894.09
2024-02-20T05:00:00+00:00,1.100560,1.101840,1.100260,1.101360,811.30
2024-02-20T06:00:00+00:00,1.101360,1.101630,1.101040,1.101230,720.38
2024-02-20T07:00:00+00:00,1.101230,1.101650,1.101030,1.101310,619.87
2024-02-20T08:00:00+00:00,1.101310,1.102120,1.101130,1.101540,625.86
2024-02-20T09:00:00+00:00,1.101540,1.102720,1.101060,1.102240,736.33
2024-02-20T10:00:00+00:00,1.102240,1.102940,1.101600,1.102890,689.70
2024-02-20T11:00:00+00:00,1.102890,1.103510,1.102440,1.103470,688.58
2024-02-20T12:00:00+00:00,1.103470,1.103890,1.102170,1.103040,962.28
2024-02-20T13:00:00+00:00,1.103040,1.103450,1.102960,1.103010,788.00
2024-02-20T14:00:00+00:00,1.103010,1.103190,1.102430,1.102760,894.95
2024-02-20T15:00:00+00:00,1.102760,1.103810,1.102370,1.103420,840.42
2024-02-20T16:00:00+00:00,1.103420,1.104700,1.103200,1.104570,1122.78
2024-02-20T17:00:00+00:00,1.104570,1.106500,1.104460,1.105960,1132.77
2024-02-20T18:00:00+00:00,1.105960,1.106420,1.105800,1.106330,659.08
2024-02-20T19:00:00+00:00,1.106330,1.106720,1.105730,1.105890,956.76
2024-02-20T20:00:00+00:00,1.105890,1.107730,1.105480,1.107410,1298.47
2024-02-20T21:00:00+00:00,1.107410,1.107650,1.107170,1.107580,573.21
2024-02-20T22:00:00+00:00,1.107580,1.109190,1.107040,1.108540,866.90
2024-02-20T23:00:00+00:00,1.108540,1.108910,1.108260,1.108670,652.68
2024-02-21T00:00:00+00:00,1.108670,1.110160,1.108330,1.109580,889.71
2024-02-21T01:00:00+00:00,1.109580,1.110970,1.109270,1.110560,1043.74
2024-02-21T02:00:00+00:00,1.110560,1.110970,1.109410,1.109670,1259.22
2024-02-21T03:00:00+00:00,1.109670,1.109920,1.108570,1.108900,1142.34
2024-02-21T04:00:00+00:00,1.108900,1.109580,1.108370,1.109020,740.55
2024-02-21T05:00:00+00:00,1.109020,1.109920,1.107170,1.108000,1224.87
2024-02-21T06:00:00+00:00,1.108000,1.108760,1.107200,1.108600,736.14
2024-02-21T07:00:00+00:00,1.108600,1.109160,1.108390,1.109030,590.29
2024-02-21T08:00:00+00:00,1.109030,1.112180,1.108260,1.111250,1554.78
2024-02-21T09:00:00+00:00,1.111250,1.111330,1.110620,1.110960,884.57
2024-02-21T10:00:00+00:00,1.110960,1.111510,1.110230,1.110390,1011.08
2024-02-21T11:00:00+00:00,1.110390,1.110400,1.109130,1.109430,1272.14
2024-02-21T12:00:00+00:00,1.109430,1.109580,1.108370,1.109150,909.88
2024-02-21T13:00:00+00:00,1.109150,1.111160,1.108960,1.110180,887.32
2024-02-21T14:00:00+00:00,1.110180,1.110370,1.109910,1.110280,612.21
2024-02-21T15:00:00+00:00,1.110280,1.110400,1.109270,1.109550,1126.38
2024-02-21T16:00:00+00:00,1.109550,1.111130,1.109440,1.110680,1039.02
2024-02-21T17:00:00+00:00,1.110680,1.112210,1.109800,1.111710,965.10
2024-02-21T18:00:00+00:00,1.111710,1.112400,1.110760,1.111480,928.46
2024-02-21T19:00:00+00:00,1.111480,1.112710,1.111040,1.112410,896.97
2024-02-21T20:00:00+00:00,1.112410,1.113320,1.111600,1.112290,787.95
2024-02-21T21:00:00+00:00,1.112290,1.112960,1.111900,1.112650,671.61
2024-02-21T22:00:00+00:00,1.112650,1.115610,1.112330,1.114680,1425.73
2024-02-21T23:00:00+00:00,1.114680,1.115280,1.112910,1.113630,1201.98
2024-02-22T00:00:00+00:00,1.113630,1.115000,1.113480,1.114930,1130.38
2024-02-22T01:00:00+00:00,1.114930,1.115260,1.113480,1.114040,1147.53
2024-02-22T02:00:00+00:00,1.114040,1.114360,1.113610,1.114000,838.49
2024-02-22T03:00:00+00:00,1.114000,1.114240,1.113740,1.114060,793.22
2024-02-22T04:00:00+00:00,1.114060,1.114280,1.113180,1.113580,959.71
2024-02-22T05:00:00+00:00,1.113580,1.113610,1.112110,1.112920,1029.81
2024-02-22T06:00:00+00:00,1.112920,1.113880,1.112700,1.113060,635.20
2024-02-22T07:00:00+00:00,1.113060,1.113740,1.112980,1.113030,832.53
2024-02-22T08:00:00+00:00,1.113030,1.114090,1.112530,1.113270,572.35
2024-02-22T09:00:00+00:00,1.113270,1.113350,1.112410,1.112600,1140.36
2024-02-22T10:00:00+00:00,1.112600,1.115290,1.112290,1.114060,1145.84
2024-02-22T11:00:00+00:00,1.114060,1.114200,1.113550,1.114150,620.82
2024-02-22T12:00:00+00:00,1.114150,1.117580,1.113930,1.116440,1576.94
2024-02-22T13:00:00+00:00,1.116440,1.116810,1.114740,1.115440,1192.80
2024-02-22T14:00:00+00:00,1.115440,1.116050,1.115130,1.115960,679.65
2024-02-22T15:00:00+00:00,1.115960,1.116660,1.114120,1.114990,1134.02
2024-02-22T16:00:00+00:00,1.114990,1.115620,1.114340,1.115110,595.63
2024-02-22T17:00:00+00:00,1.115110,1.115780,1.114990,1.115370,607.21
2024-02-22T18:00:00+00:00,1.115370,1.116730,1.115210,1.116280,907.85
2024-02-22T19:00:00+00:00,1.116280,1.117050,1.115830,1.115880,962.63
2024-02-22T20:00:00+00:00,1.115880,1.116130,1.114080,1.114950,1235.48
2024-02-22T21:00:00+00:00,1.114950,1.115070,1.114280,1.114830,891.78
2024-02-22T22:00:00+00:00,1.114830,1.115480,1.114540,1.115250,643.35
2024-02-22T23:00:00+00:00,1.115250,1.116180,1.115160,1.115580,709.94
2024-02-23T00:00:00+00:00,1.115580,1.116300,1.115390,1.116170,677.40
2024-02-23T01:00:00+00:00,1.116170,1.119270,1.115640,1.118560,1733.38
2024-02-23T02:00:00+00:00,1.118560,1.119500,1.118120,1.119400,849.90
2024-02-23T03:00:00+00:00,1.119400,1.120700,1.119110,1.120220,954.15
2024-02-23T04:00:00+00:00,1.120220,1.120670,1.119110,1.119370,1228.38
2024-02-23T05:00:00+00:00,1.119370,1.120990,1.119320,1.120610,1135.85
2024-02-23T06:00:00+00:00,1.120610,1.122480,1.120190,1.121670,1087.69
2024-02-23T07:00:00+00:00,1.121670,1.123360,1.120900,1.122570,837.33
2024-02-23T08:00:00+00:00,1.122570,1.123600,1.122510,1.123210,772.57
2024-02-23T09:00:00+00:00,1.123210,1.123450,1.122950,1.123320,627.77
2024-02-23T10:00:00+00:00,1.123320,1.123810,1.122110,1.122750,1027.34
2024-02-23T11:00:00+00:00,1.122750,1.124390,1.122630,1.124000,1150.66
2024-02-23T12:00:00+00:00,1.124000,1.124160,1.123250,1.123410,1063.79
2024-02-23T13:00:00+00:00,1.123410,1.124030,1.122210,1.122630,1062.67
2024-02-23T14:00:00+00:00,1.122630,1.123250,1.121920,1.122430,815.94
2024-02-23T15:00:00+00:00,1.122430,1.122730,1.122310,1.122640,595.16
2024-02-23T16:00:00+00:00,1.122640,1.123620,1.122240,1.123530,920.51
2024-02-23T17:00:00+00:00,1.123530,1.125730,1.123280,1.125310,1354.04
2024-02-23T18:00:00+00:00,1.125310,1.125910,1.124600,1.125790,739.14
2024-02-23T19:00:00+00:00,1.125790,1.127420,1.125150,1.126460,881.40
2024-02-23T20:00:00+00:00,1.126460,1.126560,1.125360,1.125990,1063.71
2024-02-23T21:00:00+00:00,1.125990,1.126210,1.125950,1.126110,638.06
2024-02-23T22:00:00+00:00,1.126110,1.127530,1.125420,1.126620,753.82
2024-02-23T23:00:00+00:00,1.126620,1.128330,1.126260,1.128170,1275.11
2024-02-24T00:00:00+00:00,1.128170,1.129530,1.128040,1.128610,672.97
2024-02-24T01:00:00+00:00,1.128610,1.129220,1.128260,1.128850,628.80
2024-02-24T02:00:00+00:00,1.128850,1.131530,1.128120,1.131290,1743.81
2024-02-24T03:00:00+00:00,1.131290,1.131530,1.130950,1.131460,659.55
2024-02-24T04:00:00+00:00,1.131460,1.131690,1.131300,1.131590,633.85
2024-02-24T05:00:00+00:00,1.131590,1.131690,1.131360,1.131460,749.17
2024-02-24T06:00:00+00:00,1.131460,1.132050,1.131290,1.132020,673.32
2024-02-24T07:00:00+00:00,1.132020,1.132800,1.131620,1.132470,621.59
2024-02-24T08:00:00+00:00,1.132470,1.132710,1.132280,1.132630,598.24
2024-02-24T09:00:00+00:00,1.132630,1.133770,1.132290,1.133610,1038.62
2024-02-24T10:00:00+00:00,1.133610,1.134650,1.132960,1.133920,623.47
2024-02-24T11:00:00+00:00,1.133920,1.134240,1.133850,1.133910,828.79
2024-02-24T12:00:00+00:00,1.133910,1.134260,1.133730,1.134020,753.61
2024-02-24T13:00:00+00:00,1.134020,1.135490,1.133360,1.134660,803.36
2024-02-24T14:00:00+00:00,1.134660,1.134850,1.133870,1.133950,1012.14
2024-02-24T15:00:00+00:00,1.133950,1.134880,1.133520,1.134780,888.14
2024-02-24T16:00:00+00:00,1.134780,1.135720,1.134350,1.135590,786.44
2024-02-24T17:00:00+00:00,1.135590,1.136340,1.135370,1.135980,641.91
2024-02-24T18:00:00+00:00,1.135980,1.137710,1.135870,1.137600,1354.34
2024-02-24T19:00:00+00:00,1.137600,1.137780,1.137490,1.137500,833.99
2024-02-24T20:00:00+00:00,1.137500,1.138410,1.137110,1.137960,634.76
2024-02-24T21:00:00+00:00,1.137960,1.138510,1.137400,1.137760,857.91
2024-02-24T22:00:00+00:00,1.137760,1.139100,1.137520,1.138630,972.43
2024-02-24T23:00:00+00:00,1.138630,1.139120,1.138390,1.139010,631.63
2024-02-25T00:00:00+00:00,1.139010,1.140440,1.138980,1.139600,673.58
2024-02-25T01:00:00+00:00,1.139600,1.140200,1.139400,1.140080,690.13
2024-02-25T02:00:00+00:00,1.140080,1.141040,1.137370,1.138270,1593.89
2024-02-25T03:00:00+00:00,1.138270,1.138580,1.137050,1.137960,945.80
2024-02-25T04:00:00+00:00,1.137960,1.138630,1.137870,1.138090,603.94
2024-02-25T05:00:00+00:00,1.138090,1.138490,1.137700,1.137820,776.52
2024-02-25T06:00:00+00:00,1.137820,1.138240,1.136710,1.137140,850.18
2024-02-25T07:00:00+00:00,1.137140,1.138550,1.136820,1.138060,990.55
2024-02-25T08:00:00+00:00,1.138060,1.138770,1.137150,1.137610,766.83
2024-02-25T09:00:00+00:00,1.137610,1.138030,1.136990,1.137040,858.14
2024-02-25T10:00:00+00:00,1.137040,1.138470,1.136570,1.138090,1137.50
2024-02-25T11:00:00+00:00,1.138090,1.139160,1.137330,1.138670,833.89
2024-02-25T12:00:00+00:00,1.138670,1.138990,1.138610,1.138870,663.67
2024-02-25T13:00:00+00:00,1.138870,1.139500,1.138320,1.139230,796.30
2024-02-25T14:00:00+00:00,1.139230,1.139790,1.138480,1.139040,736.51
2024-02-25T15:00:00+00:00,1.139040,1.139450,1.138710,1.139280,820.05
2024-02-25T16:00:00+00:00,1.139280,1.139730,1.138850,1.139590,804.90
2024-02-25T17:00:00+00:00,1.139590,1.139720,1.139320,1.139450,753.12
2024-02-25T18:00:00+00:00,1.139450,1.139680,1.137430,1.138260,1171.27
2024-02-25T19:00:00+00:00,1.138260,1.138680,1.135850,1.136520,1447.72
2024-02-25T20:00:00+00:00,1.136520,1.136610,1.135310,1.135460,1127.01
2024-02-25T21:00:00+00:00,1.135460,1.135750,1.134590,1.134880,832.45
2024-02-25T22:00:00+00:00,1.134880,1.136100,1.132490,1.133360,1375.42
2024-02-25T23:00:00+00:00,1.133360,1.133620,1.131700,1.132060,1231.17
2024-02-26T00:00:00+00:00,1.132060,1.132320,1.130960,1.131810,768.90
2024-02-26T01:00:00+00:00,1.131810,1.131930,1.131530,1.131780,712.81
2024-02-26T02:00:00+00:00,1.131780,1.133590,1.131190,1.132890,1083.30
2024-02-26T03:00:00+00:00,1.132890,1.133740,1.132120,1.132420,817.29
2024-02-26T04:00:00+00:00,1.132420,1.132630,1.131270,1.131850,977.21
2024-02-26T05:00:00+00:00,1.131850,1.132360,1.131520,1.131910,683.47
2024-02-26T06:00:00+00:00,1.131910,1.132200,1.131410,1.131840,590.21
2024-02-26T07:00:00+00:00,1.131840,1.133360,1.131610,1.132770,1005.49
2024-02-26T08:00:00+00:00,1.132770,1.133000,1.132720,1.132770,633.69
2024-02-26T09:00:00+00:00,1.132770,1.133370,1.131050,1.131340,1308.27
2024-02-26T10:00:00+00:00,1.131340,1.131710,1.131140,1.131150,624.37
2024-02-26T11:00:00+00:00,1.131150,1.131480,1.130380,1.131440,815.83
2024-02-26T12:00:00+00:00,1.131440,1.132490,1.131260,1.132480,1119.59
2024-02-26T13:00:00+00:00,1.132480,1.132810,1.131550,1.131920,871.11
2024-02-26T14:00:00+00:00,1.131920,1.132280,1.130380,1.130900,1187.85
2024-02-26T15:00:00+00:00,1.130900,1.131130,1.130710,1.130970,653.31
2024-02-26T16:00:00+00:00,1.130970,1.131950,1.130880,1.131300,809.19
2024-02-26T17:00:00+00:00,1.131300,1.131810,1.129110,1.129410,1524.43
2024-02-26T18:00:00+00:00,1.129410,1.130380,1.128700,1.129940,938.51
2024-02-26T19:00:00+00:00,1.129940,1.131320,1.129090,1.130430,763.53
2024-02-26T20:00:00+00:00,1.130430,1.130590,1.128130,1.128350,1705.17
2024-02-26T21:00:00+00:00,1.128350,1.128960,1.127700,1.127790,890.10
2024-02-26T22:00:00+00:00,1.127790,1.128180,1.127300,1.128020,668.90
2024-02-26T23:00:00+00:00,1.128020,1.128570,1.127960,1.128220,660.63
2024-02-27T00:00:00+00:00,1.128220,1.128270,1.127030,1.127660,817.70
2024-02-27T01:00:00+00:00,1.127660,1.128280,1.127420,1.127970,853.64
2024-02-27T02:00:00+00:00,1.127970,1.128830,1.127380,1.128630,893.20
2024-02-27T03:00:00+00:00,1.128630,1.130470,1.128450,1.129800,1132.73
2024-02-27T04:00:00+00:00,1.129800,1.130450,1.129220,1.129980,770.85
2024-02-27T05:00:00+00:00,1.129980,1.131480,1.129390,1.130810,1074.78
2024-02-27T06:00:00+00:00,1.130810,1.131120,1.129860,1.130430,873.32
2024-02-27T07:00:00+00:00,1.130430,1.131020,1.128600,1.129190,1147.52
2024-02-27T08:00:00+00:00,1.129190,1.129680,1.127500,1.127840,1279.26
2024-02-27T09:00:00+00:00,1.127840,1.129420,1.126740,1.129390,1429.43
2024-02-27T10:00:00+00:00,1.129390,1.130370,1.129110,1.130060,886.32
2024-02-27T11:00:00+00:00,1.130060,1.130610,1.129710,1.130080,687.81
2024-02-27T12:00:00+00:00,1.130080,1.130600,1.129680,1.130370,702.73
2024-02-27T13:00:00+00:00,1.130370,1.131210,1.129960,1.130740,850.90
2024-02-27T14:00:00+00:00,1.130740,1.131830,1.130440,1.131740,1181.60
2024-02-27T15:00:00+00:00,1.131740,1.131950,1.130190,1.131010,925.22
2024-02-27T16:00:00+00:00,1.131010,1.131710,1.130310,1.130630,718.52
2024-02-27T17:00:00+00:00,1.130630,1.130990,1.130400,1.130480,697.00
2024-02-27T18:00:00+00:00,1.130480,1.131110,1.130290,1.131090,974.56
2024-02-27T19:00:00+00:00,1.131090,1.131150,1.130070,1.130200,1070.46
2024-02-27T20:00:00+00:00,1.130200,1.130420,1.129550,1.129550,724.43
2024-02-27T21:00:00+00:00,1.129550,1.129590,1.128550,1.129030,689.99
2024-02-27T22:00:00+00:00,1.129030,1.129740,1.127680,1.127970,983.84
2024-02-27T23:00:00+00:00,1.127970,1.128100,1.126980,1.127000,901.76
2024-02-28T00:00:00+00:00,1.127000,1.127810,1.126200,1.127150,823.97
2024-02-28T01:00:00+00:00,1.127150,1.127290,1.126580,1.127230,773.85
2024-02-28T02:00:00+00:00,1.127230,1.128080,1.125990,1.126510,797.00
2024-02-28T03:00:00+00:00,1.126510,1.126970,1.125870,1.126640,872.70
2024-02-28T04:00:00+00:00,1.126640,1.127080,1.124580,1.125580,1072.01
2024-02-28T05:00:00+00:00,1.125580,1.125980,1.125200,1.125630,690.56
2024-02-28T06:00:00+00:00,1.125630,1.126430,1.125100,1.126050,937.92
2024-02-28T07:00:00+00:00,1.126050,1.126200,1.125440,1.125570,634.91
2024-02-28T08:00:00+00:00,1.125570,1.126150,1.125400,1.125900,978.72
2024-02-28T09:00:00+00:00,1.125900,1.126050,1.124100,1.124550,1155.48
2024-02-28T10:00:00+00:00,1.124550,1.125940,1.124270,1.124910,910.39
2024-02-28T11:00:00+00:00,1.124910,1.125050,1.124300,1.124820,750.53
2024-02-28T12:00:00+00:00,1.124820,1.125520,1.124660,1.125420,1012.36
2024-02-28T13:00:00+00:00,1.125420,1.125600,1.125320,1.125400,646.29
2024-02-28T14:00:00+00:00,1.125400,1.126300,1.124950,1.125810,940.91
2024-02-28T15:00:00+00:00,1.125810,1.126730,1.123620,1.124380,1224.62
2024-02-28T16:00:00+00:00,1.124380,1.125850,1.123850,1.125680,1469.92
2024-02-28T17:00:00+00:00,1.125680,1.125770,1.125030,1.125420,573.23
2024-02-28T18:00:00+00:00,1.125420,1.126390,1.124700,1.125560,880.43
2024-02-28T19:00:00+00:00,1.125560,1.126190,1.124280,1.124330,976.21
2024-02-28T20:00:00+00:00,1.124330,1.124670,1.123920,1.124240,672.37
2024-02-28T21:00:00+00:00,1.124240,1.124410,1.122770,1.123400,785.07
2024-02-28T22:00:00+00:00,1.123400,1.123780,1.121770,1.122180,1010.82
2024-02-28T23:00:00+00:00,1.122180,1.123310,1.120770,1.120810,1078.37
2024-02-29T00:00:00+00:00,1.120810,1.121570,1.120350,1.121550,1161.41
2024-02-29T01:00:00+00:00,1.121550,1.122880,1.121500,1.122460,1123.57
2024-02-29T02:00:00+00:00,1.122460,1.123330,1.122350,1.122590,730.92
2024-02-29T03:00:00+00:00,1.122590,1.122940,1.122080,1.122470,762.37
2024-02-29T04:00:00+00:00,1.122470,1.123000,1.121400,1.121460,873.93
2024-02-29T05:00:00+00:00,1.121460,1.121580,1.119240,1.119900,1316.50
2024-02-29T06:00:00+00:00,1.119900,1.120600,1.118490,1.118840,1021.06
2024-02-29T07:00:00+00:00,1.118840,1.119510,1.117290,1.117980,816.72
2024-02-29T08:00:00+00:00,1.117980,1.119250,1.117940,1.118890,1212.92
2024-02-29T09:00:00+00:00,1.118890,1.119370,1.118480,1.118500,622.78
2024-02-29T10:00:00+00:00,1.118500,1.118820,1.117990,1.118080,674.86
2024-02-29T11:00:00+00:00,1.118080,1.119030,1.116880,1.117130,998.34
2024-02-29T12:00:00+00:00,1.117130,1.117360,1.116800,1.116850,550.91
2024-02-29T13:00:00+00:00,1.116850,1.117970,1.116840,1.117550,1002.17
2024-02-29T14:00:00+00:00,1.117550,1.118690,1.117320,1.118110,1032.15
2024-02-29T15:00:00+00:00,1.118110,1.118230,1.117670,1.117750,704.52
2024-02-29T16:00:00+00:00,1.117750,1.118200,1.116810,1.117290,731.54
2024-02-29T17:00:00+00:00,1.117290,1.118010,1.116450,1.116830,706.00
2024-02-29T18:00:00+00:00,1.116830,1.117140,1.116680,1.116860,822.58
2024-02-29T19:00:00+00:00,1.116860,1.117140,1.116260,1.116360,664.28
2024-02-29T20:00:00+00:00,1.116360,1.116390,1.114200,1.115220,1007.34
2024-02-29T21:00:00+00:00,1.115220,1.115270,1.113960,1.114340,818.88
2024-02-29T22:00:00+00:00,1.114340,1.114910,1.111170,1.112290,1395.83
2024-02-29T23:00:00+00:00,1.112290,1.112680,1.112020,1.112450,796.40
2024-03-01T00:00:00+00:00,1.112450,1.112880,1.110420,1.111040,1214.90
2024-03-01T01:00:00+00:00,1.111040,1.111860,1.110520,1.111300,920.34
2024-03-01T02:00:00+00:00,1.111300,1.112040,1.109980,1.110450,881.28
2024-03-01T03:00:00+00:00,1.110450,1.110910,1.108090,1.108650,1393.08
2024-03-01T04:00:00+00:00,1.108650,1.108860,1.107850,1.107920,812.20
2024-03-01T05:00:00+00:00,1.107920,1.108140,1.107370,1.107600,662.05
2024-03-01T06:00:00+00:00,1.107600,1.107600,1.103500,1.104690,1970.84
2024-03-01T07:00:00+00:00,1.104690,1.104750,1.104170,1.104320,602.27
2024-03-01T08:00:00+00:00,1.104320,1.104750,1.104210,1.104670,567.14
2024-03-01T09:00:00+00:00,1.104670,1.105160,1.102760,1.103320,1326.64
2024-03-01T10:00:00+00:00,1.103320,1.103490,1.103030,1.103170,834.48
2024-03-01T11:00:00+00:00,1.103170,1.104450,1.103020,1.103630,661.14
2024-03-01T12:00:00+00:00,1.103630,1.104460,1.102710,1.102970,1073.49
2024-03-01T13:00:00+00:00,1.102970,1.103100,1.101530,1.102070,1093.66
2024-03-01T14:00:00+00:00,1.102070,1.102090,1.100350,1.101240,1146.86
2024-03-01T15:00:00+00:00,1.101240,1.102000,1.100890,1.101890,859.35
2024-03-01T16:00:00+00:00,1.101890,1.103280,1.101590,1.103080,1114.76
2024-03-01T17:00:00+00:00,1.103080,1.103280,1.102390,1.103060,782.85
2024-03-01T18:00:00+00:00,1.103060,1.103450,1.101240,1.102010,1275.42
2024-03-01T19:00:00+00:00,1.102010,1.102410,1.101390,1.101510,947.21
2024-03-01T20:00:00+00:00,1.101510,1.103680,1.101130,1.103060,1179.56
2024-03-01T21:00:00+00:00,1.103060,1.103250,1.102570,1.102810,827.42
2024-03-01T22:00:00+00:00,1.102810,1.103050,1.102690,1.102790,647.88
2024-03-01T23:00:00+00:00,1.102790,1.102970,1.102760,1.102810,801.82
2024-03-02T00:00:00+00:00,1.102810,1.103370,1.101830,1.102420,883.69
2024-03-02T01:00:00+00:00,1.102420,1.103950,1.101590,1.103610,1024.09
2024-03-02T02:00:00+00:00,1.103610,1.103640,1.102700,1.103500,775.08
2024-03-02T03:00:00+00:00,1.103500,1.103930,1.102720,1.102730,1106.28
2024-03-02T04:00:00+00:00,1.102730,1.103020,1.102370,1.102430,959.19
2024-03-02T05:00:00+00:00,1.102430,1.104460,1.102110,1.103870,1103.27
2024-03-02T06:00:00+00:00,1.103870,1.105130,1.103480,1.105010,1049.23
2024-03-02T07:00:00+00:00,1.105010,1.105130,1.104790,1.105000,721.61
2024-03-02T08:00:00+00:00,1.105000,1.105710,1.104700,1.104940,754.04
2024-03-02T09:00:00+00:00,1.104940,1.105580,1.104880,1.105080,705.28
2024-03-02T10:00:00+00:00,1.105080,1.105910,1.104440,1.105480,567.34
2024-03-02T11:00:00+00:00,1.105480,1.105730,1.105230,1.105250,908.72
2024-03-02T12:00:00+00:00,1.105250,1.106290,1.104440,1.106210,1014.25
2024-03-02T13:00:00+00:00,1.106210,1.106520,1.105690,1.106440,652.09
2024-03-02T14:00:00+00:00,1.106440,1.106860,1.105470,1.105820,1047.50
2024-03-02T15:00:00+00:00,1.105820,1.106440,1.104410,1.105060,1039.47
2024-03-02T16:00:00+00:00,1.105060,1.105580,1.103880,1.104370,1026.57
2024-03-02T17:00:00+00:00,1.104370,1.104480,1.103830,1.104050,944.92
2024-03-02T18:00:00+00:00,1.104050,1.105210,1.103640,1.104650,738.47
2024-03-02T19:00:00+00:00,1.104650,1.105160,1.103540,1.103790,1155.97
2024-03-02T20:00:00+00:00,1.103790,1.104360,1.103130,1.103410,981.11
2024-03-02T21:00:00+00:00,1.103410,1.103640,1.102300,1.102620,1117.43
2024-03-02T22:00:00+00:00,1.102620,1.102950,1.102360,1.102450,879.87
2024-03-02T23:00:00+00:00,1.102450,1.102480,1.100810,1.101350,1386.55
2024-03-03T00:00:00+00:00,1.101350,1.102140,1.100960,1.101910,651.24
2024-03-03T01:00:00+00:00,1.101910,1.103420,1.101110,1.102870,861.42
2024-03-03T02:00:00+00:00,1.102870,1.105350,1.102420,1.104740,1398.18
2024-03-03T03:00:00+00:00,1.104740,1.105660,1.103700,1.104270,1020.92
2024-03-03T04:00:00+00:00,1.104270,1.106550,1.103810,1.106290,1407.01
2024-03-03T05:00:00+00:00,1.106290,1.106880,1.105740,1.106260,672.32
2024-03-03T06:00:00+00:00,1.106260,1.106620,1.105350,1.105610,1118.30
2024-03-03T07:00:00+00:00,1.105610,1.106160,1.105110,1.105130,947.97
2024-03-03T08:00:00+00:00,1.105130,1.105320,1.104610,1.104910,892.74
2024-03-03T09:00:00+00:00,1.104910,1.106240,1.104670,1.105650,824.09
2024-03-03T10:00:00+00:00,1.105650,1.106960,1.104900,1.106300,728.62
2024-03-03T11:00:00+00:00,1.106300,1.107100,1.105960,1.107070,749.64
2024-03-03T12:00:00+00:00,1.107070,1.108740,1.106660,1.108360,1099.90
2024-03-03T13:00:00+00:00,1.108360,1.109090,1.106790,1.107370,1135.67
2024-03-03T14:00:00+00:00,1.107370,1.109150,1.106200,1.108880,1215.23
2024-03-03T15:00:00+00:00,1.108880,1.110290,1.108070,1.109670,926.33
2024-03-03T16:00:00+00:00,1.109670,1.110160,1.108140,1.108570,1203.22
2024-03-03T17:00:00+00:00,1.108570,1.109290,1.107940,1.109180,759.53
2024-03-03T18:00:00+00:00,1.109180,1.109940,1.108770,1.109300,635.15
2024-03-03T19:00:00+00:00,1.109300,1.109600,1.108660,1.108790,954.43
2024-03-03T20:00:00+00:00,1.108790,1.109140,1.108700,1.108720,860.88
2024-03-03T21:00:00+00:00,1.108720,1.109520,1.106710,1.106910,1400.70
2024-03-03T22:00:00+00:00,1.106910,1.107490,1.106550,1.107160,918.47
2024-03-03T23:00:00+00:00,1.107160,1.107450,1.106860,1.106940,645.27
2024-03-04T00:00:00+00:00,1.106940,1.107100,1.105580,1.106030,857.65
2024-03-04T01:00:00+00:00,1.106030,1.106470,1.105490,1.106020,825.90
2024-03-04T02:00:00+00:00,1.106020,1.106740,1.104580,1.105090,1008.41
2024-03-04T03:00:00+00:00,1.105090,1.105840,1.104980,1.105300,788.95
2024-03-04T04:00:00+00:00,1.105300,1.106590,1.104680,1.105840,1010.20
2024-03-04T05:00:00+00:00,1.105840,1.106020,1.105330,1.105650,676.24
2024-03-04T06:00:00+00:00,1.105650,1.105680,1.104880,1.104900,897.86
2024-03-04T07:00:00+00:00,1.104900,1.105420,1.103390,1.104240,761.38
2024-03-04T08:00:00+00:00,1.104240,1.104590,1.102750,1.103570,806.54
2024-03-04T09:00:00+00:00,1.103570,1.104040,1.101600,1.101630,1439.77
2024-03-04T10:00:00+00:00,1.101630,1.101950,1.100280,1.100800,966.09
2024-03-04T11:00:00+00:00,1.100800,1.101080,1.100400,1.100650,697.27
2024-03-04T12:00:00+00:00,1.100650,1.101100,1.099850,1.099940,908.34
2024-03-04T13:00:00+00:00,1.099940,1.100140,1.099370,1.099810,614.71
2024-03-04T14:00:00+00:00,1.099810,1.099980,1.099240,1.099880,800.18
2024-03-04T15:00:00+00:00,1.099880,1.100580,1.098370,1.098930,943.73
2024-03-04T16:00:00+00:00,1.098930,1.099280,1.098720,1.099200,796.86
2024-03-04T17:00:00+00:00,1.099200,1.099430,1.098580,1.098880,657.30
2024-03-04T18:00:00+00:00,1.098880,1.099310,1.098070,1.098390,733.21
2024-03-04T19:00:00+00:00,1.098390,1.098550,1.098090,1.098330,719.56
2024-03-04T20:00:00+00:00,1.098330,1.100840,1.097760,1.100020,1662.52
2024-03-04T21:00:00+00:00,1.100020,1.100240,1.098580,1.099410,834.20
2024-03-04T22:00:00+00:00,1.099410,1.099960,1.098960,1.099110,618.56
2024-03-04T23:00:00+00:00,1.099110,1.101280,1.097870,1.100340,1351.45
2024-03-05T00:00:00+00:00,1.100340,1.100720,1.099690,1.100490,854.91
2024-03-05T01:00:00+00:00,1.100490,1.102540,1.100450,1.101820,1384.91
2024-03-05T02:00:00+00:00,1.101820,1.101930,1.100780,1.101130,803.20
2024-03-05T03:00:00+00:00,1.101130,1.103160,1.100420,1.102530,1499.85
2024-03-05T04:00:00+00:00,1.102530,1.102950,1.101690,1.101720,881.58
2024-03-05T05:00:00+00:00,1.101720,1.101980,1.101580,1.101640,636.69
2024-03-05T06:00:00+00:00,1.101640,1.101770,1.100530,1.101080,783.96
2024-03-05T07:00:00+00:00,1.101080,1.102410,1.100620,1.101840,1199.17
2024-03-05T08:00:00+00:00,1.101840,1.102130,1.101670,1.101800,734.40
2024-03-05T09:00:00+00:00,1.101800,1.102400,1.100820,1.100980,866.09
2024-03-05T10:00:00+00:00,1.100980,1.101870,1.098590,1.099000,1464.38
2024-03-05T11:00:00+00:00,1.099000,1.100970,1.098350,1.100420,1355.31
2024-03-05T12:00:00+00:00,1.100420,1.100670,1.099470,1.100320,689.32
2024-03-05T13:00:00+00:00,1.100320,1.101130,1.100020,1.100750,1050.94
2024-03-05T14:00:00+00:00,1.100750,1.100770,1.099950,1.100540,590.49
2024-03-05T15:00:00+00:00,1.100540,1.101190,1.100340,1.100930,871.10
2024-03-05T16:00:00+00:00,1.100930,1.100940,1.100290,1.100370,699.90
2024-03-05T17:00:00+00:00,1.100370,1.100850,1.099040,1.099070,1108.58
2024-03-05T18:00:00+00:00,1.099070,1.099810,1.099070,1.099290,791.29
2024-03-05T19:00:00+00:00,1.099290,1.099740,1.098490,1.098710,724.05
2024-03-05T20:00:00+00:00,1.098710,1.099150,1.098510,1.099000,881.50
2024-03-05T21:00:00+00:00,1.099000,1.099640,1.098960,1.099280,885.92
2024-03-05T22:00:00+00:00,1.099280,1.099520,1.098570,1.098700,707.35
2024-03-05T23:00:00+00:00,1.098700,1.099290,1.097330,1.097820,807.89
2024-03-06T00:00:00+00:00,1.097820,1.098220,1.094890,1.095760,1484.78
2024-03-06T01:00:00+00:00,1.095760,1.095860,1.092950,1.094110,1329.46
2024-03-06T02:00:00+00:00,1.094110,1.094540,1.093570,1.093800,596.21
2024-03-06T03:00:00+00:00,1.093800,1.094700,1.091430,1.092180,1205.74
2024-03-06T04:00:00+00:00,1.092180,1.092960,1.090780,1.091500,700.54
2024-03-06T05:00:00+00:00,1.091500,1.091930,1.090470,1.091070,694.09
2024-03-06T06:00:00+00:00,1.091070,1.093720,1.090960,1.092500,1431.90
2024-03-06T07:00:00+00:00,1.092500,1.092700,1.092010,1.092260,612.64
2024-03-06T08:00:00+00:00,1.092260,1.092580,1.092260,1.092500,760.63
2024-03-06T09:00:00+00:00,1.092500,1.093810,1.092090,1.093170,991.46
2024-03-06T10:00:00+00:00,1.093170,1.093740,1.092570,1.093480,955.93
2024-03-06T11:00:00+00:00,1.093480,1.093750,1.093330,1.093530,765.71
2024-03-06T12:00:00+00:00,1.093530,1.093960,1.092350,1.092800,917.62
2024-03-06T13:00:00+00:00,1.092800,1.093240,1.090020,1.091140,1337.25
2024-03-06T14:00:00+00:00,1.091140,1.091540,1.089850,1.090350,815.07
2024-03-06T15:00:00+00:00,1.090350,1.091000,1.089520,1.090000,615.49
2024-03-06T16:00:00+00:00,1.090000,1.090070,1.088220,1.088760,1015.00
2024-03-06T17:00:00+00:00,1.088760,1.088900,1.087860,1.088340,682.58
2024-03-06T18:00:00+00:00,1.088340,1.088650,1.087760,1.087840,660.03
2024-03-06T19:00:00+00:00,1.087840,1.088260,1.087460,1.087620,726.40
2024-03-06T20:00:00+00:00,1.087620,1.088190,1.085680,1.085890,1298.15
2024-03-06T21:00:00+00:00,1.085890,1.086270,1.085760,1.086180,947.46
2024-03-06T22:00:00+00:00,1.086180,1.086840,1.086150,1.086690,902.60
2024-03-06T23:00:00+00:00,1.086690,1.087510,1.084790,1.085450,1027.50
2024-03-07T00:00:00+00:00,1.085450,1.085480,1.084130,1.084190,1135.34
2024-03-07T01:00:00+00:00,1.084190,1.084420,1.083790,1.084170,730.54
2024-03-07T02:00:00+00:00,1.084170,1.084970,1.083320,1.083470,709.58
2024-03-07T03:00:00+00:00,1.083470,1.083620,1.083400,1.083400,613.03
2024-03-07T04:00:00+00:00,1.083400,1.083950,1.083330,1.083640,921.49
2024-03-07T05:00:00+00:00,1.083640,1.084240,1.082790,1.082820,879.60
2024-03-07T06:00:00+00:00,1.082820,1.083900,1.082560,1.083200,863.32
2024-03-07T07:00:00+00:00,1.083200,1.083530,1.082050,1.082310,988.63
2024-03-07T08:00:00+00:00,1.082310,1.083030,1.081410,1.081730,817.45
2024-03-07T09:00:00+00:00,1.081730,1.082420,1.080880,1.081230,764.55
2024-03-07T10:00:00+00:00,1.081230,1.081640,1.080190,1.080860,679.03
2024-03-07T11:00:00+00:00,1.080860,1.081730,1.079880,1.081190,988.10
2024-03-07T12:00:00+00:00,1.081190,1.081330,1.080900,1.081170,656.47
2024-03-07T13:00:00+00:00,1.081170,1.081640,1.080910,1.081010,720.66
2024-03-07T14:00:00+00:00,1.081010,1.081210,1.079120,1.079400,1284.73
2024-03-07T15:00:00+00:00,1.079400,1.079410,1.078320,1.078890,649.19
2024-03-07T16:00:00+00:00,1.078890,1.080120,1.078570,1.079720,1215.33
2024-03-07T17:00:00+00:00,1.079720,1.080190,1.078690,1.079170,722.79
2024-03-07T18:00:00+00:00,1.079170,1.079170,1.078240,1.078430,755.22
2024-03-07T19:00:00+00:00,1.078430,1.078530,1.077940,1.078390,818.73
2024-03-07T20:00:00+00:00,1.078390,1.079120,1.076940,1.077710,823.69
2024-03-07T21:00:00+00:00,1.077710,1.079180,1.076960,1.078430,1166.59
2024-03-07T22:00:00+00:00,1.078430,1.078660,1.077440,1.078060,658.00
2024-03-07T23:00:00+00:00,1.078060,1.078400,1.077930,1.078000,673.40
2024-03-08T00:00:00+00:00,1.078000,1.078710,1.076330,1.076560,1119.78
2024-03-08T01:00:00+00:00,1.076560,1.077100,1.076030,1.076770,781.39
2024-03-08T02:00:00+00:00,1.076770,1.077130,1.076710,1.076820,736.24
2024-03-08T03:00:00+00:00,1.076820,1.077570,1.075750,1.075910,897.39
2024-03-08T04:00:00+00:00,1.075910,1.076510,1.074090,1.074460,1091.00
2024-03-08T05:00:00+00:00,1.074460,1.074660,1.073900,1.074610,834.47
2024-03-08T06:00:00+00:00,1.074610,1.075430,1.074460,1.075350,1052.99
2024-03-08T07:00:00+00:00,1.075350,1.075540,1.073660,1.074220,997.64
2024-03-08T08:00:00+00:00,1.074220,1.075540,1.073500,1.074700,912.39
2024-03-08T09:00:00+00:00,1.074700,1.075080,1.074220,1.074420,555.03
2024-03-08T10:00:00+00:00,1.074420,1.075990,1.073690,1.075860,1377.36
2024-03-08T11:00:00+00:00,1.075860,1.076870,1.075780,1.076620,1154.87
2024-03-08T12:00:00+00:00,1.076620,1.077350,1.075760,1.075920,908.29
2024-03-08T13:00:00+00:00,1.075920,1.076460,1.075430,1.076160,890.78
2024-03-08T14:00:00+00:00,1.076160,1.077290,1.075460,1.076850,1115.51
2024-03-08T15:00:00+00:00,1.076850,1.077730,1.076600,1.077700,1195.93
2024-03-08T16:00:00+00:00,1.077700,1.078550,1.076050,1.076710,862.32
2024-03-08T17:00:00+00:00,1.076710,1.079050,1.076420,1.078100,1462.02
2024-03-08T18:00:00+00:00,1.078100,1.079260,1.077510,1.078650,1109.80
2024-03-08T19:00:00+00:00,1.078650,1.079730,1.077990,1.079240,1086.80
2024-03-08T20:00:00+00:00,1.079240,1.080120,1.078770,1.079790,926.36
2024-03-08T21:00:00+00:00,1.079790,1.079890,1.079690,1.079880,861.58
2024-03-08T22:00:00+00:00,1.079880,1.080270,1.079200,1.079710,714.85
2024-03-08T23:00:00+00:00,1.079710,1.079810,1.076810,1.077500,1473.36
2024-03-09T00:00:00+00:00,1.077500,1.077640,1.077200,1.077450,584.05
2024-03-09T01:00:00+00:00,1.077450,1.078200,1.076630,1.077210,737.81
2024-03-09T02:00:00+00:00,1.077210,1.077550,1.076260,1.076840,730.41
2024-03-09T03:00:00+00:00,1.076840,1.077860,1.076810,1.077130,749.52
2024-03-09T04:00:00+00:00,1.077130,1.077170,1.076450,1.076630,839.39
2024-03-09T05:00:00+00:00,1.076630,1.077040,1.075580,1.076180,879.39
2024-03-09T06:00:00+00:00,1.076180,1.076610,1.074920,1.075380,990.84
2024-03-09T07:00:00+00:00,1.075380,1.075600,1.073620,1.073720,1343.21
2024-03-09T08:00:00+00:00,1.073720,1.074050,1.072690,1.073410,705.00
2024-03-09T09:00:00+00:00,1.073410,1.073950,1.073020,1.073700,703.19
2024-03-09T10:00:00+00:00,1.073700,1.074140,1.073500,1.073800,631.47
2024-03-09T11:00:00+00:00,1.073800,1.074270,1.072810,1.073200,981.28
2024-03-09T12:00:00+00:00,1.073200,1.073390,1.073000,1.073290,663.17
2024-03-09T13:00:00+00:00,1.073290,1.073290,1.072050,1.072830,878.18
2024-03-09T14:00:00+00:00,1.072830,1.073270,1.071690,1.072240,811.45
2024-03-09T15:00:00+00:00,1.072240,1.074600,1.071240,1.073440,1135.93
2024-03-09T16:00:00+00:00,1.073440,1.074630,1.072880,1.074370,971.43
2024-03-09T17:00:00+00:00,1.074370,1.075010,1.074100,1.074610,786.93
2024-03-09T18:00:00+00:00,1.074610,1.075560,1.073940,1.075510,1016.95
2024-03-09T19:00:00+00:00,1.075510,1.076110,1.075110,1.075660,589.41
2024-03-09T20:00:00+00:00,1.075660,1.076040,1.073890,1.074630,1151.47
2024-03-09T21:00:00+00:00,1.074630,1.076400,1.074290,1.076010,1340.37
2024-03-09T22:00:00+00:00,1.076010,1.076620,1.075190,1.076060,535.48
2024-03-09T23:00:00+00:00,1.076060,1.076350,1.075620,1.075940,604.82
2024-03-10T00:00:00+00:00,1.075940,1.076230,1.075060,1.075580,714.79
2024-03-10T01:00:00+00:00,1.075580,1.076880,1.075330,1.076600,1109.08
2024-03-10T02:00:00+00:00,1.076600,1.078460,1.076150,1.077490,1131.04
2024-03-10T03:00:00+00:00,1.077490,1.078550,1.076850,1.078050,825.10
2024-03-10T04:00:00+00:00,1.078050,1.078190,1.077080,1.077870,733.89
2024-03-10T05:00:00+00:00,1.077870,1.078250,1.077480,1.077490,871.23
2024-03-10T06:00:00+00:00,1.077490,1.077680,1.077260,1.077540,554.04
2024-03-10T07:00:00+00:00,1.077540,1.078380,1.076720,1.076970,902.98
2024-03-10T08:00:00+00:00,1.076970,1.077140,1.076780,1.076900,555.99
2024-03-10T09:00:00+00:00,1.076900,1.078110,1.076850,1.077730,1087.53
2024-03-10T10:00:00+00:00,1.077730,1.078250,1.076550,1.077260,771.02
2024-03-10T11:00:00+00:00,1.077260,1.077980,1.076100,1.076690,794.68
2024-03-10T12:00:00+00:00,1.076690,1.077120,1.075570,1.076290,807.74
2024-03-10T13:00:00+00:00,1.076290,1.076680,1.075590,1.076090,603.06
2024-03-10T14:00:00+00:00,1.076090,1.077310,1.075090,1.076360,719.29
2024-03-10T15:00:00+00:00,1.076360,1.076840,1.074970,1.075490,989.81
2024-03-10T16:00:00+00:00,1.075490,1.075670,1.075160,1.075560,711.10
2024-03-10T17:00:00+00:00,1.075560,1.077410,1.075100,1.076810,1255.44
2024-03-10T18:00:00+00:00,1.076810,1.076840,1.076460,1.076710,551.28
2024-03-10T19:00:00+00:00,1.076710,1.077530,1.076610,1.077160,779.28
2024-03-10T20:00:00+00:00,1.077160,1.077660,1.076330,1.076380,994.39
2024-03-10T21:00:00+00:00,1.076380,1.076560,1.075720,1.075750,818.57
2024-03-10T22:00:00+00:00,1.075750,1.076350,1.074350,1.074940,1067.42
2024-03-10T23:00:00+00:00,1.074940,1.075590,1.073350,1.073860,1182.78
2024-03-11T00:00:00+00:00,1.073860,1.075030,1.073280,1.074680,958.78
2024-03-11T01:00:00+00:00,1.074680,1.075360,1.074090,1.075300,915.90
2024-03-11T02:00:00+00:00,1.075300,1.075690,1.074450,1.074860,732.06
2024-03-11T03:00:00+00:00,1.074860,1.075280,1.073050,1.073980,1004.41
2024-03-11T04:00:00+00:00,1.073980,1.074500,1.073950,1.074110,725.45
2024-03-11T05:00:00+00:00,1.074110,1.074620,1.073420,1.073620,841.75
2024-03-11T06:00:00+00:00,1.073620,1.073870,1.073490,1.073550,570.90
2024-03-11T07:00:00+00:00,1.073550,1.074220,1.072140,1.072380,1187.59
2024-03-11T08:00:00+00:00,1.072380,1.073370,1.070950,1.071710,965.42
2024-03-11T09:00:00+00:00,1.071710,1.073100,1.070940,1.072450,1048.17
2024-03-11T10:00:00+00:00,1.072450,1.073360,1.072410,1.073300,1005.39
2024-03-11T11:00:00+00:00,1.073300,1.074310,1.072800,1.073650,719.03
2024-03-11T12:00:00+00:00,1.073650,1.074570,1.073010,1.073880,810.10
2024-03-11T13:00:00+00:00,1.073880,1.074430,1.073850,1.074000,746.34
2024-03-11T14:00:00+00:00,1.074000,1.074340,1.072570,1.072940,1142.88
2024-03-11T15:00:00+00:00,1.072940,1.073970,1.072660,1.073610,1011.41
2024-03-11T16:00:00+00:00,1.073610,1.073900,1.072020,1.072070,1192.73
2024-03-11T17:00:00+00:00,1.072070,1.072370,1.070790,1.071450,717.68
2024-03-11T18:00:00+00:00,1.071450,1.071730,1.068600,1.069610,1456.76
2024-03-11T19:00:00+00:00,1.069610,1.070010,1.069170,1.069880,776.59
2024-03-11T20:00:00+00:00,1.069880,1.070250,1.069270,1.069290,755.22
2024-03-11T21:00:00+00:00,1.069290,1.069650,1.068330,1.068790,734.87
2024-03-11T22:00:00+00:00,1.068790,1.068890,1.067920,1.068100,731.23
2024-03-11T23:00:00+00:00,1.068100,1.068670,1.066660,1.067120,1043.57
2024-03-12T00:00:00+00:00,1.067120,1.067610,1.065730,1.066160,955.79
2024-03-12T01:00:00+00:00,1.066160,1.066300,1.064920,1.065590,836.56
2024-03-12T02:00:00+00:00,1.065590,1.065890,1.065260,1.065320,644.28
2024-03-12T03:00:00+00:00,1.065320,1.065460,1.064520,1.064730,740.05
2024-03-12T04:00:00+00:00,1.064730,1.064770,1.064100,1.064370,657.42
2024-03-12T05:00:00+00:00,1.064370,1.065030,1.062460,1.063110,1002.52
2024-03-12T06:00:00+00:00,1.063110,1.063740,1.062630,1.063260,820.11
2024-03-12T07:00:00+00:00,1.063260,1.063570,1.060640,1.061360,1418.73
2024-03-12T08:00:00+00:00,1.061360,1.062020,1.061070,1.061650,812.75
2024-03-12T09:00:00+00:00,1.061650,1.062060,1.061260,1.061450,693.43
2024-03-12T10:00:00+00:00,1.061450,1.062120,1.060130,1.060790,878.39
2024-03-12T11:00:00+00:00,1.060790,1.061080,1.060740,1.060960,857.67
2024-03-12T12:00:00+00:00,1.060960,1.061320,1.060720,1.060970,695.44
2024-03-12T13:00:00+00:00,1.060970,1.060990,1.059840,1.060770,736.75
2024-03-12T14:00:00+00:00,1.060770,1.061000,1.060320,1.060340,639.12
2024-03-12T15:00:00+00:00,1.060340,1.060490,1.060150,1.060410,754.26
2024-03-12T16:00:00+00:00,1.060410,1.061120,1.059690,1.060570,725.36
2024-03-12T17:00:00+00:00,1.060570,1.061200,1.060230,1.060830,881.04
2024-03-12T18:00:00+00:00,1.060830,1.061490,1.059710,1.060120,883.06
2024-03-12T19:00:00+00:00,1.060120,1.060350,1.059420,1.059600,723.15
2024-03-12T20:00:00+00:00,1.059600,1.059880,1.059430,1.059820,841.21
2024-03-12T21:00:00+00:00,1.059820,1.060630,1.059500,1.060450,1121.11
2024-03-12T22:00:00+00:00,1.060450,1.060860,1.059990,1.060350,632.17
2024-03-12T23:00:00+00:00,1.060350,1.061050,1.058350,1.058980,1205.46
2024-03-13T00:00:00+00:00,1.058980,1.060460,1.058100,1.059480,923.57
2024-03-13T01:00:00+00:00,1.059480,1.059930,1.058580,1.059190,687.97
2024-03-13T02:00:00+00:00,1.059190,1.060430,1.058580,1.060370,1289.89
2024-03-13T03:00:00+00:00,1.060370,1.060630,1.059790,1.060030,562.19
2024-03-13T04:00:00+00:00,1.060030,1.060270,1.059130,1.059500,646.13
2024-03-13T05:00:00+00:00,1.059500,1.060220,1.059110,1.059710,880.29
2024-03-13T06:00:00+00:00,1.059710,1.062070,1.059190,1.061220,1583.78
2024-03-13T07:00:00+00:00,1.061220,1.062210,1.060760,1.061720,939.32
2024-03-13T08:00:00+00:00,1.061720,1.062080,1.061130,1.061370,693.30
2024-03-13T09:00:00+00:00,1.061370,1.062350,1.061170,1.061830,980.18
2024-03-13T10:00:00+00:00,1.061830,1.062300,1.061800,1.061960,860.54
2024-03-13T11:00:00+00:00,1.061960,1.061980,1.060190,1.060740,1017.70
2024-03-13T12:00:00+00:00,1.060740,1.060880,1.059950,1.060280,652.58
2024-03-13T13:00:00+00:00,1.060280,1.061000,1.058650,1.058730,1251.62
2024-03-13T14:00:00+00:00,1.058730,1.059140,1.057840,1.057980,927.34
2024-03-13T15:00:00+00:00,1.057980,1.058590,1.057710,1.058500,1030.14
2024-03-13T16:00:00+00:00,1.058500,1.058510,1.056740,1.057350,1134.82
2024-03-13T17:00:00+00:00,1.057350,1.058220,1.056900,1.057780,1019.00
2024-03-13T18:00:00+00:00,1.057780,1.057870,1.055970,1.056830,907.43
2024-03-13T19:00:00+00:00,1.056830,1.057930,1.055860,1.056100,884.70
2024-03-13T20:00:00+00:00,1.056100,1.057090,1.055380,1.056480,985.95
2024-03-13T21:00:00+00:00,1.056480,1.057830,1.055960,1.057530,1329.99
2024-03-13T22:00:00+00:00,1.057530,1.059260,1.056940,1.058740,1409.50
2024-03-13T23:00:00+00:00,1.058740,1.058760,1.057090,1.057600,1125.64
2024-03-14T00:00:00+00:00,1.057600,1.058740,1.054620,1.055720,1438.35
2024-03-14T01:00:00+00:00,1.055720,1.056240,1.054870,1.055280,681.61
2024-03-14T02:00:00+00:00,1.055280,1.056540,1.054870,1.056000,1137.89
2024-03-14T03:00:00+00:00,1.056000,1.056530,1.055520,1.056440,1022.75
2024-03-14T04:00:00+00:00,1.056440,1.058430,1.056220,1.057720,1376.86
2024-03-14T05:00:00+00:00,1.057720,1.058880,1.057190,1.058230,952.89
2024-03-14T06:00:00+00:00,1.058230,1.060130,1.057190,1.059230,1202.02
2024-03-14T07:00:00+00:00,1.059230,1.059880,1.059200,1.059480,948.87
2024-03-14T08:00:00+00:00,1.059480,1.060860,1.059130,1.060580,1296.90
2024-03-14T09:00:00+00:00,1.060580,1.060680,1.060480,1.060660,833.55
2024-03-14T10:00:00+00:00,1.060660,1.060880,1.058490,1.059390,1167.93
2024-03-14T11:00:00+00:00,1.059390,1.059980,1.058240,1.058860,784.29
2024-03-14T12:00:00+00:00,1.058860,1.059290,1.057510,1.057860,1036.79
2024-03-14T13:00:00+00:00,1.057860,1.058390,1.057300,1.057510,708.25
2024-03-14T14:00:00+00:00,1.057510,1.058130,1.057050,1.057310,629.50
2024-03-14T15:00:00+00:00,1.057310,1.057790,1.057240,1.057300,799.03
2024-03-14T16:00:00+00:00,1.057300,1.058180,1.057040,1.057790,1026.54
2024-03-14T17:00:00+00:00,1.057790,1.059090,1.057240,1.058720,1238.38
2024-03-14T18:00:00+00:00,1.058720,1.058890,1.057940,1.058380,665.73
2024-03-14T19:00:00+00:00,1.058380,1.058500,1.057080,1.057620,914.49
2024-03-14T20:00:00+00:00,1.057620,1.058150,1.056070,1.056310,1099.13
2024-03-14T21:00:00+00:00,1.056310,1.057090,1.056080,1.056880,1080.44
2024-03-14T22:00:00+00:00,1.056880,1.057210,1.056340,1.056910,844.42
2024-03-14T23:00:00+00:00,1.056910,1.057240,1.055970,1.056430,673.79
2024-03-15T00:00:00+00:00,1.056430,1.057220,1.054890,1.055480,943.28
2024-03-15T01:00:00+00:00,1.055480,1.056030,1.055190,1.055880,844.83
2024-03-15T02:00:00+00:00,1.055880,1.055900,1.055020,1.055190,881.84
2024-03-15T03:00:00+00:00,1.055190,1.055500,1.053650,1.054450,790.03
2024-03-15T04:00:00+00:00,1.054450,1.054830,1.053180,1.053620,822.43
2024-03-15T05:00:00+00:00,1.053620,1.053640,1.052010,1.052320,1123.10
2024-03-15T06:00:00+00:00,1.052320,1.052800,1.051550,1.051560,783.75
2024-03-15T07:00:00+00:00,1.051560,1.051810,1.051290,1.051510,746.15
2024-03-15T08:00:00+00:00,1.051510,1.051940,1.049910,1.050160,1165.22
2024-03-15T09:00:00+00:00,1.050160,1.050170,1.048980,1.049490,867.86
2024-03-15T10:00:00+00:00,1.049490,1.049610,1.048570,1.048960,683.42
2024-03-15T11:00:00+00:00,1.048960,1.050110,1.048460,1.049350,866.32
2024-03-15T12:00:00+00:00,1.049350,1.049790,1.047570,1.048000,1138.68
2024-03-15T13:00:00+00:00,1.048000,1.048570,1.046410,1.047000,988.37
2024-03-15T14:00:00+00:00,1.047000,1.047880,1.046330,1.047050,768.74
2024-03-15T15:00:00+00:00,1.047050,1.047640,1.046790,1.047570,1057.01
2024-03-15T16:00:00+00:00,1.047570,1.049910,1.047050,1.049100,1458.24
2024-03-15T17:00:00+00:00,1.049100,1.049490,1.048190,1.048800,537.72
2024-03-15T18:00:00+00:00,1.048800,1.048920,1.047600,1.048360,601.16
2024-03-15T19:00:00+00:00,1.048360,1.048560,1.047940,1.048150,675.24
2024-03-15T20:00:00+00:00,1.048150,1.048680,1.047120,1.047600,789.89
2024-03-15T21:00:00+00:00,1.047600,1.048080,1.046340,1.046930,836.44
2024-03-15T22:00:00+00:00,1.046930,1.047990,1.046410,1.047670,1099.02
2024-03-15T23:00:00+00:00,1.047670,1.048300,1.047050,1.048170,941.15
2024-03-16T00:00:00+00:00,1.048170,1.048520,1.047970,1.048200,783.66
2024-03-16T01:00:00+00:00,1.048200,1.048380,1.047480,1.047530,771.60
2024-03-16T02:00:00+00:00,1.047530,1.049300,1.047120,1.048400,1075.50
2024-03-16T03:00:00+00:00,1.048400,1.049970,1.047960,1.049520,1239.96
2024-03-16T04:00:00+00:00,1.049520,1.051510,1.048770,1.050650,1395.94
2024-03-16T05:00:00+00:00,1.050650,1.050890,1.049500,1.049710,934.31
2024-03-16T06:00:00+00:00,1.049710,1.050100,1.047650,1.048340,1134.62
2024-03-16T07:00:00+00:00,1.048340,1.048620,1.048260,1.048410,697.28
2024-03-16T08:00:00+00:00,1.048410,1.048580,1.047450,1.047990,721.09
2024-03-16T09:00:00+00:00,1.047990,1.048280,1.047320,1.047490,627.78
2024-03-16T10:00:00+00:00,1.047490,1.048140,1.047050,1.047910,906.91
2024-03-16T11:00:00+00:00,1.047910,1.048630,1.047590,1.048130,888.19
2024-03-16T12:00:00+00:00,1.048130,1.048340,1.047810,1.048340,758.08
2024-03-16T13:00:00+00:00,1.048340,1.048780,1.047870,1.047970,674.44
2024-03-16T14:00:00+00:00,1.047970,1.049620,1.047730,1.049400,1385.75
2024-03-16T15:00:00+00:00,1.049400,1.049660,1.048460,1.048870,691.13
2024-03-16T16:00:00+00:00,1.048870,1.049330,1.047220,1.047950,976.32
2024-03-16T17:00:00+00:00,1.047950,1.048370,1.047730,1.048050,867.37
2024-03-16T18:00:00+00:00,1.048050,1.048490,1.047640,1.048450,965.65
2024-03-16T19:00:00+00:00,1.048450,1.048500,1.048190,1.048340,688.08
2024-03-16T20:00:00+00:00,1.048340,1.048640,1.048240,1.048450,820.77
2024-03-16T21:00:00+00:00,1.048450,1.048980,1.047690,1.048490,814.96
2024-03-16T22:00:00+00:00,1.048490,1.049010,1.047220,1.047650,842.56
2024-03-16T23:00:00+00:00,1.047650,1.048670,1.047580,1.047860,757.40
2024-03-17T00:00:00+00:00,1.047860,1.048250,1.047090,1.047400,832.43
2024-03-17T01:00:00+00:00,1.047400,1.049680,1.047050,1.049430,1646.77
2024-03-17T02:00:00+00:00,1.049430,1.052140,1.048480,1.051240,1423.12
2024-03-17T03:00:00+00:00,1.051240,1.052180,1.049190,1.049970,1237.64
2024-03-17T04:00:00+00:00,1.049970,1.050140,1.049230,1.049550,796.71
2024-03-17T05:00:00+00:00,1.049550,1.049730,1.049020,1.049510,677.32
2024-03-17T06:00:00+00:00,1.049510,1.050080,1.048880,1.049400,581.56
2024-03-17T07:00:00+00:00,1.049400,1.050120,1.045880,1.047030,1874.07
2024-03-17T08:00:00+00:00,1.047030,1.047070,1.046030,1.046180,1076.09
2024-03-17T09:00:00+00:00,1.046180,1.048000,1.046170,1.047350,1234.59
2024-03-17T10:00:00+00:00,1.047350,1.047580,1.047080,1.047580,809.42
2024-03-17T11:00:00+00:00,1.047580,1.049670,1.047220,1.048730,1126.04
2024-03-17T12:00:00+00:00,1.048730,1.050410,1.048560,1.050090,1286.18
2024-03-17T13:00:00+00:00,1.050090,1.050630,1.049930,1.050520,785.18
2024-03-17T14:00:00+00:00,1.050520,1.050570,1.049920,1.050370,711.54
2024-03-17T15:00:00+00:00,1.050370,1.050650,1.049900,1.050150,711.35
2024-03-17T16:00:00+00:00,1.050150,1.051220,1.049860,1.050850,892.91
2024-03-17T17:00:00+00:00,1.050850,1.052370,1.050010,1.052230,1329.52
2024-03-17T18:00:00+00:00,1.052230,1.052840,1.051710,1.052310,736.84
2024-03-17T19:00:00+00:00,1.052310,1.052950,1.052100,1.052290,634.36
2024-03-17T20:00:00+00:00,1.052290,1.052730,1.051930,1.052140,724.22
2024-03-17T21:00:00+00:00,1.052140,1.052670,1.051360,1.051570,828.80
2024-03-17T22:00:00+00:00,1.051570,1.052620,1.051100,1.051890,753.15
2024-03-17T23:00:00+00:00,1.051890,1.052060,1.051760,1.051950,673.25
2024-03-18T00:00:00+00:00,1.051950,1.052820,1.050720,1.051130,1001.19
2024-03-18T01:00:00+00:00,1.051130,1.051200,1.050020,1.050200,1144.79
2024-03-18T02:00:00+00:00,1.050200,1.051100,1.049670,1.050700,926.91
2024-03-18T03:00:00+00:00,1.050700,1.051210,1.049920,1.050270,750.03
2024-03-18T04:00:00+00:00,1.050270,1.051610,1.049990,1.050830,844.88
2024-03-18T05:00:00+00:00,1.050830,1.052240,1.050510,1.052050,1181.68
2024-03-18T06:00:00+00:00,1.052050,1.052190,1.051010,1.051100,1006.36
2024-03-18T07:00:00+00:00,1.051100,1.051570,1.050640,1.050690,744.88
2024-03-18T08:00:00+00:00,1.050690,1.052060,1.050470,1.051310,904.32
2024-03-18T09:00:00+00:00,1.051310,1.052680,1.050640,1.052120,1095.33
2024-03-18T10:00:00+00:00,1.052120,1.052610,1.051580,1.052120,526.27
2024-03-18T11:00:00+00:00,1.052120,1.053260,1.051630,1.053090,1116.58
2024-03-18T12:00:00+00:00,1.053090,1.053170,1.052500,1.052740,750.75
2024-03-18T13:00:00+00:00,1.052740,1.053610,1.050450,1.051490,1323.09
2024-03-18T14:00:00+00:00,1.051490,1.051990,1.050280,1.050780,854.04
2024-03-18T15:00:00+00:00,1.050780,1.051320,1.049840,1.050160,967.49
2024-03-18T16:00:00+00:00,1.050160,1.051310,1.049510,1.050690,949.98
2024-03-18T17:00:00+00:00,1.050690,1.050920,1.050360,1.050490,653.07
2024-03-18T18:00:00+00:00,1.050490,1.050960,1.050490,1.050730,741.33
2024-03-18T19:00:00+00:00,1.050730,1.050970,1.050270,1.050380,680.47
2024-03-18T20:00:00+00:00,1.050380,1.050480,1.049720,1.050030,705.17
2024-03-18T21:00:00+00:00,1.050030,1.050580,1.050000,1.050360,827.66
2024-03-18T22:00:00+00:00,1.050360,1.050490,1.049220,1.049530,1072.57
2024-03-18T23:00:00+00:00,1.049530,1.050340,1.048260,1.049070,923.83
2024-03-19T00:00:00+00:00,1.049070,1.050160,1.048580,1.049480,781.44
2024-03-19T01:00:00+00:00,1.049480,1.049550,1.047730,1.048320,1197.21
2024-03-19T02:00:00+00:00,1.048320,1.048760,1.046560,1.047120,1217.62
2024-03-19T03:00:00+00:00,1.047120,1.049620,1.046440,1.048710,1433.39
2024-03-19T04:00:00+00:00,1.048710,1.050180,1.047940,1.049720,1178.35
2024-03-19T05:00:00+00:00,1.049720,1.050160,1.049670,1.050160,905.86
2024-03-19T06:00:00+00:00,1.050160,1.051830,1.049900,1.051120,1119.11
2024-03-19T07:00:00+00:00,1.051120,1.051890,1.048830,1.049080,1554.90
2024-03-19T08:00:00+00:00,1.049080,1.049590,1.048820,1.049480,803.04
2024-03-19T09:00:00+00:00,1.049480,1.050080,1.048920,1.049560,693.78
2024-03-19T10:00:00+00:00,1.049560,1.050760,1.049320,1.050260,1015.46
2024-03-19T11:00:00+00:00,1.050260,1.050630,1.049390,1.050060,786.26
2024-03-19T12:00:00+00:00,1.050060,1.050540,1.048930,1.049630,864.12
2024-03-19T13:00:00+00:00,1.049630,1.049740,1.049310,1.049480,712.66
2024-03-19T14:00:00+00:00,1.049480,1.050160,1.049440,1.049640,765.27
2024-03-19T15:00:00+00:00,1.049640,1.050300,1.049630,1.050140,931.69
2024-03-19T16:00:00+00:00,1.050140,1.050510,1.049840,1.050290,603.68
2024-03-19T17:00:00+00:00,1.050290,1.051970,1.050150,1.051260,977.77
2024-03-19T18:00:00+00:00,1.051260,1.051520,1.050630,1.051090,817.30
2024-03-19T19:00:00+00:00,1.051090,1.053220,1.050750,1.052680,1156.29
2024-03-19T20:00:00+00:00,1.052680,1.052840,1.052590,1.052720,768.21
2024-03-19T21:00:00+00:00,1.052720,1.053780,1.052720,1.053390,847.10
2024-03-19T22:00:00+00:00,1.053390,1.053770,1.052870,1.053540,646.34
2024-03-19T23:00:00+00:00,1.053540,1.054660,1.053110,1.054470,967.81
2024-03-20T00:00:00+00:00,1.054470,1.056080,1.053560,1.055710,1099.33
2024-03-20T01:00:00+00:00,1.055710,1.056100,1.055620,1.056040,709.35
2024-03-20T02:00:00+00:00,1.056040,1.056460,1.055590,1.056270,595.25
2024-03-20T03:00:00+00:00,1.056270,1.056310,1.054690,1.054870,1388.87
2024-03-20T04:00:00+00:00,1.054870,1.056110,1.054240,1.055780,878.91
2024-03-20T05:00:00+00:00,1.055780,1.056630,1.055690,1.056500,901.77
2024-03-20T06:00:00+00:00,1.056500,1.057410,1.056120,1.057110,828.83
2024-03-20T07:00:00+00:00,1.057110,1.057350,1.056960,1.057180,762.82
2024-03-20T08:00:00+00:00,1.057180,1.057710,1.056870,1.057300,670.26
2024-03-20T09:00:00+00:00,1.057300,1.058240,1.056710,1.057620,635.47
2024-03-20T10:00:00+00:00,1.057620,1.058620,1.057330,1.058180,756.39
2024-03-20T11:00:00+00:00,1.058180,1.058550,1.058110,1.058350,568.99
2024-03-20T12:00:00+00:00,1.058350,1.059020,1.058190,1.058490,596.23
2024-03-20T13:00:00+00:00,1.058490,1.059170,1.056890,1.057670,1229.94
2024-03-20T14:00:00+00:00,1.057670,1.058690,1.057480,1.058630,1019.60
2024-03-20T15:00:00+00:00,1.058630,1.060560,1.057790,1.060020,1161.83
2024-03-20T16:00:00+00:00,1.060020,1.060730,1.060020,1.060440,599.02
2024-03-20T17:00:00+00:00,1.060440,1.062340,1.060130,1.061250,765.48
2024-03-20T18:00:00+00:00,1.061250,1.062590,1.060630,1.062170,830.89
2024-03-20T19:00:00+00:00,1.062170,1.062580,1.061340,1.061460,1151.42
2024-03-20T20:00:00+00:00,1.061460,1.062270,1.060840,1.061970,758.89
2024-03-20T21:00:00+00:00,1.061970,1.062620,1.060840,1.061050,1182.19
2024-03-20T22:00:00+00:00,1.061050,1.063580,1.059950,1.062810,1405.35
2024-03-20T23:00:00+00:00,1.062810,1.063910,1.062390,1.063710,854.56
2024-03-21T00:00:00+00:00,1.063710,1.064190,1.063280,1.063570,866.99
2024-03-21T01:00:00+00:00,1.063570,1.064900,1.062800,1.064730,1057.95
2024-03-21T02:00:00+00:00,1.064730,1.065570,1.064160,1.064940,627.45
2024-03-21T03:00:00+00:00,1.064940,1.066140,1.063920,1.065660,816.94
2024-03-21T04:00:00+00:00,1.065660,1.066160,1.064650,1.065290,845.63
2024-03-21T05:00:00+00:00,1.065290,1.067100,1.064710,1.066640,1127.81
2024-03-21T06:00:00+00:00,1.066640,1.066830,1.066150,1.066370,828.18
2024-03-21T07:00:00+00:00,1.066370,1.066880,1.066230,1.066610,720.54
2024-03-21T08:00:00+00:00,1.066610,1.067150,1.065600,1.066080,995.73
2024-03-21T09:00:00+00:00,1.066080,1.066750,1.065900,1.066730,705.15
2024-03-21T10:00:00+00:00,1.066730,1.066830,1.066700,1.066740,773.73
2024-03-21T11:00:00+00:00,1.066740,1.068820,1.066680,1.067750,916.93
2024-03-21T12:00:00+00:00,1.067750,1.069170,1.067460,1.068910,1090.25
2024-03-21T13:00:00+00:00,1.068910,1.069590,1.067450,1.067720,1312.99
2024-03-21T14:00:00+00:00,1.067720,1.069400,1.067260,1.068890,991.13
2024-03-21T15:00:00+00:00,1.068890,1.070260,1.068610,1.069680,836.07
2024-03-21T16:00:00+00:00,1.069680,1.071940,1.069400,1.071510,1387.84
2024-03-21T17:00:00+00:00,1.071510,1.072210,1.070310,1.070910,1068.50
2024-03-21T18:00:00+00:00,1.070910,1.071220,1.069310,1.070010,1145.71
2024-03-21T19:00:00+00:00,1.070010,1.070450,1.069580,1.070430,739.17
2024-03-21T20:00:00+00:00,1.070430,1.071260,1.069450,1.069690,1176.74
2024-03-21T21:00:00+00:00,1.069690,1.070960,1.069160,1.070380,893.12
2024-03-21T22:00:00+00:00,1.070380,1.071410,1.070260,1.070570,698.93
2024-03-21T23:00:00+00:00,1.070570,1.071240,1.069640,1.069960,993.70
2024-03-22T00:00:00+00:00,1.069960,1.070490,1.069290,1.070290,580.63
2024-03-22T01:00:00+00:00,1.070290,1.071760,1.070090,1.071720,1125.20
2024-03-22T02:00:00+00:00,1.071720,1.072840,1.070770,1.072370,840.88
2024-03-22T03:00:00+00:00,1.072370,1.073410,1.072030,1.073240,959.10
2024-03-22T04:00:00+00:00,1.073240,1.073730,1.073100,1.073510,670.21
2024-03-22T05:00:00+00:00,1.073510,1.073720,1.072560,1.072910,1113.62
2024-03-22T06:00:00+00:00,1.072910,1.073220,1.072790,1.072860,817.11
2024-03-22T07:00:00+00:00,1.072860,1.074460,1.072210,1.074190,1037.33
2024-03-22T08:00:00+00:00,1.074190,1.075010,1.073850,1.074700,727.12
2024-03-22T09:00:00+00:00,1.074700,1.075680,1.073220,1.074150,1005.11
2024-03-22T10:00:00+00:00,1.074150,1.074460,1.073680,1.073820,914.80
2024-03-22T11:00:00+00:00,1.073820,1.075070,1.073250,1.074380,721.76
2024-03-22T12:00:00+00:00,1.074380,1.074860,1.072720,1.072960,1517.92
2024-03-22T13:00:00+00:00,1.072960,1.073270,1.072500,1.072760,773.22
2024-03-22T14:00:00+00:00,1.072760,1.073200,1.071760,1.072390,1003.79
2024-03-22T15:00:00+00:00,1.072390,1.073920,1.072160,1.073750,1193.42
2024-03-22T16:00:00+00:00,1.073750,1.075030,1.073000,1.074540,796.82
2024-03-22T17:00:00+00:00,1.074540,1.074880,1.074250,1.074260,916.37
2024-03-22T18:00:00+00:00,1.074260,1.074880,1.073510,1.073790,952.30
2024-03-22T19:00:00+00:00,1.073790,1.074870,1.073000,1.074170,567.67
2024-03-22T20:00:00+00:00,1.074170,1.074540,1.073870,1.074430,557.80
2024-03-22T21:00:00+00:00,1.074430,1.074970,1.072860,1.073120,1345.63
2024-03-22T22:00:00+00:00,1.073120,1.075080,1.072780,1.075070,1505.68
2024-03-22T23:00:00+00:00,1.075070,1.076710,1.074590,1.076340,1164.91
2024-03-23T00:00:00+00:00,1.076340,1.076970,1.076290,1.076720,663.51
2024-03-23T01:00:00+00:00,1.076720,1.077920,1.076040,1.077530,943.29
2024-03-23T02:00:00+00:00,1.077530,1.079640,1.076640,1.078670,1013.39
2024-03-23T03:00:00+00:00,1.078670,1.078810,1.078620,1.078810,685.61
2024-03-23T04:00:00+00:00,1.078810,1.079370,1.078520,1.078740,695.77
2024-03-23T05:00:00+00:00,1.078740,1.078760,1.078380,1.078480,855.53
2024-03-23T06:00:00+00:00,1.078480,1.079620,1.078420,1.079400,864.29
2024-03-23T07:00:00+00:00,1.079400,1.079460,1.079380,1.079410,755.58
2024-03-23T08:00:00+00:00,1.079410,1.079970,1.078730,1.079470,727.23
2024-03-23T09:00:00+00:00,1.079470,1.080110,1.078990,1.079910,765.06
2024-03-23T10:00:00+00:00,1.079910,1.080520,1.077770,1.078410,1551.63
2024-03-23T11:00:00+00:00,1.078410,1.080430,1.078000,1.079840,1157.18
2024-03-23T12:00:00+00:00,1.079840,1.081110,1.079340,1.080220,607.50
2024-03-23T13:00:00+00:00,1.080220,1.080610,1.079800,1.080500,662.17
2024-03-23T14:00:00+00:00,1.080500,1.081730,1.080210,1.081400,1007.64
2024-03-23T15:00:00+00:00,1.081400,1.082330,1.080910,1.082120,907.93
2024-03-23T16:00:00+00:00,1.082120,1.084620,1.082090,1.084280,1564.26
2024-03-23T17:00:00+00:00,1.084280,1.084920,1.084090,1.084850,700.33
2024-03-23T18:00:00+00:00,1.084850,1.086570,1.084160,1.086340,1233.59
2024-03-23T19:00:00+00:00,1.086340,1.086640,1.084490,1.085110,1378.26
2024-03-23T20:00:00+00:00,1.085110,1.086680,1.084980,1.086220,1105.02
2024-03-23T21:00:00+00:00,1.086220,1.086480,1.085650,1.085960,805.67
2024-03-23T22:00:00+00:00,1.085960,1.086520,1.085100,1.086200,652.14
2024-03-23T23:00:00+00:00,1.086200,1.086460,1.085340,1.085660,935.07
2024-03-24T00:00:00+00:00,1.085660,1.086470,1.085460,1.086320,850.67
2024-03-24T01:00:00+00:00,1.086320,1.086420,1.086250,1.086390,760.92
2024-03-24T02:00:00+00:00,1.086390,1.086600,1.085660,1.085780,985.22
2024-03-24T03:00:00+00:00,1.085780,1.086750,1.085400,1.086210,654.16
2024-03-24T04:00:00+00:00,1.086210,1.086850,1.085880,1.086500,642.36
2024-03-24T05:00:00+00:00,1.086500,1.087390,1.085580,1.086250,795.15
2024-03-24T06:00:00+00:00,1.086250,1.086420,1.085950,1.086100,800.53
2024-03-24T07:00:00+00:00,1.086100,1.086300,1.085480,1.086020,753.69
2024-03-24T08:00:00+00:00,1.086020,1.086760,1.085930,1.086230,663.50
2024-03-24T09:00:00+00:00,1.086230,1.088500,1.085710,1.087470,1116.69
2024-03-24T10:00:00+00:00,1.087470,1.088400,1.087160,1.088230,783.22
2024-03-24T11:00:00+00:00,1.088230,1.088770,1.087690,1.088630,590.88
2024-03-24T12:00:00+00:00,1.088630,1.088630,1.087520,1.087860,1062.24
2024-03-24T13:00:00+00:00,1.087860,1.089140,1.087340,1.088930,1043.68
2024-03-24T14:00:00+00:00,1.088930,1.091010,1.088250,1.090690,1404.57
2024-03-24T15:00:00+00:00,1.090690,1.091440,1.089030,1.089650,1253.31
2024-03-24T16:00:00+00:00,1.089650,1.090050,1.089240,1.089460,917.33
2024-03-24T17:00:00+00:00,1.089460,1.090300,1.089410,1.089780,683.61
2024-03-24T18:00:00+00:00,1.089780,1.092090,1.089500,1.091040,1305.29
2024-03-24T19:00:00+00:00,1.091040,1.093060,1.090660,1.092620,1412.29
2024-03-24T20:00:00+00:00,1.092620,1.093800,1.092300,1.093160,960.57
2024-03-24T21:00:00+00:00,1.093160,1.093180,1.091990,1.092900,677.75
2024-03-24T22:00:00+00:00,1.092900,1.094050,1.092780,1.093520,947.71
2024-03-24T23:00:00+00:00,1.093520,1.093760,1.092900,1.093020,804.68
2024-03-25T00:00:00+00:00,1.093020,1.093730,1.092820,1.093480,825.68
2024-03-25T01:00:00+00:00,1.093480,1.094740,1.093090,1.094070,976.85
2024-03-25T02:00:00+00:00,1.094070,1.094320,1.091160,1.091990,1645.62
2024-03-25T03:00:00+00:00,1.091990,1.092130,1.091520,1.091560,760.13
2024-03-25T04:00:00+00:00,1.091560,1.091670,1.091290,1.091530,623.90
2024-03-25T05:00:00+00:00,1.091530,1.091690,1.090350,1.090820,951.83
2024-03-25T06:00:00+00:00,1.090820,1.091880,1.090480,1.091490,1034.30
2024-03-25T07:00:00+00:00,1.091490,1.092060,1.091480,1.091740,712.53
2024-03-25T08:00:00+00:00,1.091740,1.091930,1.090330,1.091100,834.82
2024-03-25T09:00:00+00:00,1.091100,1.092020,1.091080,1.091960,1040.09
2024-03-25T10:00:00+00:00,1.091960,1.092470,1.091380,1.092280,844.69
2024-03-25T11:00:00+00:00,1.092280,1.093140,1.090360,1.091360,1121.69
2024-03-25T12:00:00+00:00,1.091360,1.091580,1.089920,1.090180,1257.77
2024-03-25T13:00:00+00:00,1.090180,1.091260,1.089890,1.090710,844.71
2024-03-25T14:00:00+00:00,1.090710,1.090910,1.090380,1.090410,783.97
2024-03-25T15:00:00+00:00,1.090410,1.092580,1.090160,1.091830,1251.22
2024-03-25T16:00:00+00:00,1.091830,1.093000,1.091500,1.092660,1036.77
2024-03-25T17:00:00+00:00,1.092660,1.093410,1.090770,1.091090,1375.88
2024-03-25T18:00:00+00:00,1.091090,1.091170,1.089400,1.089940,1162.05
2024-03-25T19:00:00+00:00,1.089940,1.090620,1.087670,1.088220,1541.56
2024-03-25T20:00:00+00:00,1.088220,1.088630,1.088190,1.088590,685.90
2024-03-25T21:00:00+00:00,1.088590,1.089600,1.088410,1.089440,1023.74
2024-03-25T22:00:00+00:00,1.089440,1.090120,1.089100,1.090110,907.64
2024-03-25T23:00:00+00:00,1.090110,1.090330,1.090100,1.090140,555.91
2024-03-26T00:00:00+00:00,1.090140,1.090490,1.088270,1.089410,927.08
2024-03-26T01:00:00+00:00,1.089410,1.089720,1.086930,1.087660,1563.39
2024-03-26T02:00:00+00:00,1.087660,1.088320,1.086670,1.087270,827.28
2024-03-26T03:00:00+00:00,1.087270,1.087940,1.085900,1.086120,1113.24
2024-03-26T04:00:00+00:00,1.086120,1.086730,1.085400,1.086640,959.23
2024-03-26T05:00:00+00:00,1.086640,1.087340,1.086090,1.086490,705.27
2024-03-26T06:00:00+00:00,1.086490,1.087020,1.085770,1.085940,815.16
2024-03-26T07:00:00+00:00,1.085940,1.086720,1.085230,1.086400,786.42
2024-03-26T08:00:00+00:00,1.086400,1.086690,1.086030,1.086240,728.22
2024-03-26T09:00:00+00:00,1.086240,1.087340,1.086120,1.086940,902.85
2024-03-26T10:00:00+00:00,1.086940,1.087090,1.086720,1.086980,575.90
2024-03-26T11:00:00+00:00,1.086980,1.087180,1.085860,1.086250,956.96
2024-03-26T12:00:00+00:00,1.086250,1.087060,1.085070,1.085890,692.58
2024-03-26T13:00:00+00:00,1.085890,1.086150,1.084820,1.085080,1015.97
2024-03-26T14:00:00+00:00,1.085080,1.085430,1.083620,1.083750,1338.00
2024-03-26T15:00:00+00:00,1.083750,1.085840,1.083290,1.085240,1333.75
2024-03-26T16:00:00+00:00,1.085240,1.085670,1.084790,1.085200,689.37
2024-03-26T17:00:00+00:00,1.085200,1.086220,1.084590,1.085610,893.69
2024-03-26T18:00:00+00:00,1.085610,1.086250,1.085090,1.085210,867.12
2024-03-26T19:00:00+00:00,1.085210,1.085830,1.083560,1.084350,1012.39
2024-03-26T20:00:00+00:00,1.084350,1.084560,1.083720,1.083940,847.05
2024-03-26T21:00:00+00:00,1.083940,1.084280,1.083720,1.083780,588.11
2024-03-26T22:00:00+00:00,1.083780,1.084790,1.083410,1.084620,967.32
2024-03-26T23:00:00+00:00,1.084620,1.084630,1.083840,1.084080,961.14
2024-03-27T00:00:00+00:00,1.084080,1.084660,1.082410,1.083170,1043.84
2024-03-27T01:00:00+00:00,1.083170,1.083340,1.082690,1.083060,617.66
2024-03-27T02:00:00+00:00,1.083060,1.084070,1.082850,1.083740,986.74
2024-03-27T03:00:00+00:00,1.083740,1.084240,1.083010,1.083440,702.53
2024-03-27T04:00:00+00:00,1.083440,1.083730,1.083080,1.083100,770.93
2024-03-27T05:00:00+00:00,1.083100,1.084490,1.082840,1.084020,970.86
2024-03-27T06:00:00+00:00,1.084020,1.084170,1.083120,1.083550,888.56
2024-03-27T07:00:00+00:00,1.083550,1.083650,1.082630,1.082770,927.00
2024-03-27T08:00:00+00:00,1.082770,1.083130,1.082240,1.082360,746.43
2024-03-27T09:00:00+00:00,1.082360,1.083210,1.081970,1.082890,880.75
2024-03-27T10:00:00+00:00,1.082890,1.083320,1.082620,1.083190,794.29
2024-03-27T11:00:00+00:00,1.083190,1.083470,1.082640,1.083310,597.25
2024-03-27T12:00:00+00:00,1.083310,1.085000,1.083260,1.084430,1177.24
2024-03-27T13:00:00+00:00,1.084430,1.086020,1.083860,1.085220,927.46
2024-03-27T14:00:00+00:00,1.085220,1.085250,1.084300,1.085010,683.56
2024-03-27T15:00:00+00:00,1.085010,1.085880,1.084830,1.085460,800.41
2024-03-27T16:00:00+00:00,1.085460,1.086270,1.085240,1.086030,933.84
2024-03-27T17:00:00+00:00,1.086030,1.086340,1.085650,1.086010,615.68
2024-03-27T18:00:00+00:00,1.086010,1.087180,1.085860,1.086510,853.34
2024-03-27T19:00:00+00:00,1.086510,1.089080,1.085930,1.088570,1589.10
2024-03-27T20:00:00+00:00,1.088570,1.088720,1.087530,1.088210,858.75
2024-03-27T21:00:00+00:00,1.088210,1.088830,1.088090,1.088810,799.42
2024-03-27T22:00:00+00:00,1.088810,1.088980,1.088470,1.088570,882.73
2024-03-27T23:00:00+00:00,1.088570,1.089550,1.088430,1.088720,719.16
2024-03-28T00:00:00+00:00,1.088720,1.089160,1.087440,1.087930,1062.98
2024-03-28T01:00:00+00:00,1.087930,1.088490,1.087650,1.088300,738.97
2024-03-28T02:00:00+00:00,1.088300,1.088520,1.088000,1.088200,859.45
2024-03-28T03:00:00+00:00,1.088200,1.088410,1.086930,1.087270,1276.32
2024-03-28T04:00:00+00:00,1.087270,1.087590,1.086570,1.087160,824.59
2024-03-28T05:00:00+00:00,1.087160,1.089460,1.086480,1.088660,1194.01
2024-03-28T06:00:00+00:00,1.088660,1.089600,1.087990,1.089220,641.05
2024-03-28T07:00:00+00:00,1.089220,1.089400,1.087570,1.087580,1531.83
2024-03-28T08:00:00+00:00,1.087580,1.087860,1.087270,1.087630,706.93
2024-03-28T09:00:00+00:00,1.087630,1.087820,1.087570,1.087750,769.55
2024-03-28T10:00:00+00:00,1.087750,1.089090,1.087630,1.088770,1008.75
2024-03-28T11:00:00+00:00,1.088770,1.089120,1.088580,1.088680,839.68
2024-03-28T12:00:00+00:00,1.088680,1.090280,1.088530,1.089940,1168.68
2024-03-28T13:00:00+00:00,1.089940,1.090680,1.088450,1.088860,1312.43
2024-03-28T14:00:00+00:00,1.088860,1.091320,1.088810,1.090260,1158.81
2024-03-28T15:00:00+00:00,1.090260,1.090670,1.089960,1.090100,881.91
2024-03-28T16:00:00+00:00,1.090100,1.091250,1.089710,1.091020,932.84
2024-03-28T17:00:00+00:00,1.091020,1.092690,1.090730,1.092010,1037.85
2024-03-28T18:00:00+00:00,1.092010,1.092910,1.091690,1.092630,740.87
2024-03-28T19:00:00+00:00,1.092630,1.094380,1.092520,1.094020,1064.39
2024-03-28T20:00:00+00:00,1.094020,1.095170,1.093900,1.094630,747.22
2024-03-28T21:00:00+00:00,1.094630,1.095200,1.094630,1.094740,696.37
2024-03-28T22:00:00+00:00,1.094740,1.096200,1.093820,1.095620,838.17
2024-03-28T23:00:00+00:00,1.095620,1.096530,1.094320,1.095210,924.70
2024-03-29T00:00:00+00:00,1.095210,1.095810,1.094630,1.095790,704.50
2024-03-29T01:00:00+00:00,1.095790,1.095960,1.094000,1.094860,1284.03
2024-03-29T02:00:00+00:00,1.094860,1.096130,1.094220,1.095500,750.73
2024-03-29T03:00:00+00:00,1.095500,1.096150,1.095090,1.095790,548.78
2024-03-29T04:00:00+00:00,1.095790,1.098600,1.095240,1.097650,1466.79
2024-03-29T05:00:00+00:00,1.097650,1.097870,1.095790,1.095980,1534.43
2024-03-29T06:00:00+00:00,1.095980,1.096710,1.094520,1.095160,1061.06
2024-03-29T07:00:00+00:00,1.095160,1.095500,1.094100,1.094420,1201.38
2024-03-29T08:00:00+00:00,1.094420,1.095120,1.093910,1.094850,629.78
2024-03-29T09:00:00+00:00,1.094850,1.094880,1.094300,1.094470,981.06
2024-03-29T10:00:00+00:00,1.094470,1.094640,1.093650,1.094010,994.83
2024-03-29T11:00:00+00:00,1.094010,1.094050,1.093510,1.093610,933.92
2024-03-29T12:00:00+00:00,1.093610,1.095490,1.093190,1.094870,1018.27
2024-03-29T13:00:00+00:00,1.094870,1.095440,1.094350,1.094420,1056.41
2024-03-29T14:00:00+00:00,1.094420,1.094690,1.093610,1.094140,855.67
2024-03-29T15:00:00+00:00,1.094140,1.095790,1.093420,1.095190,1057.79
2024-03-29T16:00:00+00:00,1.095190,1.096310,1.094530,1.096190,873.15
2024-03-29T17:00:00+00:00,1.096190,1.096600,1.095560,1.095810,901.63
2024-03-29T18:00:00+00:00,1.095810,1.097300,1.095810,1.096970,1140.46
2024-03-29T19:00:00+00:00,1.096970,1.097410,1.096660,1.097280,522.74
2024-03-29T20:00:00+00:00,1.097280,1.097660,1.097150,1.097610,696.91
2024-03-29T21:00:00+00:00,1.097610,1.097750,1.097300,1.097710,592.54
2024-03-29T22:00:00+00:00,1.097710,1.098590,1.097540,1.097760,731.60
2024-03-29T23:00:00+00:00,1.097760,1.099230,1.097060,1.099020,1189.49
2024-03-30T00:00:00+00:00,1.099020,1.099590,1.097740,1.097830,1281.28
2024-03-30T01:00:00+00:00,1.097830,1.097940,1.096820,1.097320,1035.30
2024-03-30T02:00:00+00:00,1.097320,1.098140,1.097250,1.097930,668.60
2024-03-30T03:00:00+00:00,1.097930,1.098980,1.097150,1.098680,839.71
2024-03-30T04:00:00+00:00,1.098680,1.099900,1.098050,1.099680,889.09
2024-03-30T05:00:00+00:00,1.099680,1.100210,1.098400,1.098640,1264.04
2024-03-30T06:00:00+00:00,1.098640,1.100650,1.097970,1.100180,1280.54
2024-03-30T07:00:00+00:00,1.100180,1.100830,1.099700,1.100350,645.62
2024-03-30T08:00:00+00:00,1.100350,1.101200,1.100080,1.101190,952.95
2024-03-30T09:00:00+00:00,1.101190,1.102330,1.100650,1.102050,982.64
2024-03-30T10:00:00+00:00,1.102050,1.102590,1.100690,1.101290,1123.94
2024-03-30T11:00:00+00:00,1.101290,1.103280,1.100690,1.102580,1089.89
2024-03-30T12:00:00+00:00,1.102580,1.103030,1.100590,1.101190,1250.95
2024-03-30T13:00:00+00:00,1.101190,1.101360,1.100620,1.100890,606.46
2024-03-30T14:00:00+00:00,1.100890,1.103350,1.100570,1.102600,1527.77
2024-03-30T15:00:00+00:00,1.102600,1.102850,1.100150,1.100950,1320.90
2024-03-30T16:00:00+00:00,1.100950,1.101300,1.100340,1.101200,959.17
2024-03-30T17:00:00+00:00,1.101200,1.101560,1.100280,1.100780,759.88
2024-03-30T18:00:00+00:00,1.100780,1.101590,1.097500,1.098650,1533.18
2024-03-30T19:00:00+00:00,1.098650,1.099130,1.097500,1.097710,850.66
2024-03-30T20:00:00+00:00,1.097710,1.098290,1.095880,1.096740,972.47
2024-03-30T21:00:00+00:00,1.096740,1.097640,1.096550,1.097560,1137.16
2024-03-30T22:00:00+00:00,1.097560,1.098630,1.095380,1.095990,1301.86
2024-03-30T23:00:00+00:00,1.095990,1.096530,1.094520,1.094620,1134.77
2024-03-31T00:00:00+00:00,1.094620,1.094910,1.093780,1.093930,895.41
2024-03-31T01:00:00+00:00,1.093930,1.094060,1.093840,1.094060,811.17
2024-03-31T02:00:00+00:00,1.094060,1.094150,1.093630,1.093980,773.25
2024-03-31T03:00:00+00:00,1.093980,1.094290,1.092780,1.093310,782.99
2024-03-31T04:00:00+00:00,1.093310,1.093710,1.092070,1.092690,747.38
2024-03-31T05:00:00+00:00,1.092690,1.093790,1.091970,1.091990,729.67
2024-03-31T06:00:00+00:00,1.091990,1.092180,1.091220,1.091760,555.97
2024-03-31T07:00:00+00:00,1.091760,1.092000,1.090770,1.090800,984.10
2024-03-31T08:00:00+00:00,1.090800,1.091780,1.087300,1.088500,1642.65
2024-03-31T09:00:00+00:00,1.088500,1.088600,1.087540,1.087860,752.60
2024-03-31T10:00:00+00:00,1.087860,1.088640,1.086880,1.086950,996.35
2024-03-31T11:00:00+00:00,1.086950,1.087000,1.086360,1.086710,611.68
2024-03-31T12:00:00+00:00,1.086710,1.086880,1.084550,1.084690,1536.38
2024-03-31T13:00:00+00:00,1.084690,1.085090,1.084120,1.084370,648.87
2024-03-31T14:00:00+00:00,1.084370,1.085630,1.084080,1.085560,1239.88
2024-03-31T15:00:00+00:00,1.085560,1.085950,1.085530,1.085530,732.85
2024-03-31T16:00:00+00:00,1.085530,1.087240,1.085520,1.086210,1078.19
2024-03-31T17:00:00+00:00,1.086210,1.086610,1.086190,1.086330,704.24
2024-03-31T18:00:00+00:00,1.086330,1.087100,1.084180,1.084940,1074.52
2024-03-31T19:00:00+00:00,1.084940,1.085610,1.083920,1.084890,732.86
2024-03-31T20:00:00+00:00,1.084890,1.085250,1.084440,1.084480,631.17
2024-03-31T21:00:00+00:00,1.084480,1.084590,1.083960,1.084500,718.41
2024-03-31T22:00:00+00:00,1.084500,1.085190,1.083110,1.083410,1055.09
2024-03-31T23:00:00+00:00,1.083410,1.083680,1.082550,1.082740,869.26
2024-04-01T00:00:00+00:00,1.082740,1.083210,1.081500,1.081590,1002.78
2024-04-01T01:00:00+00:00,1.081590,1.081920,1.080210,1.080840,779.87
2024-04-01T02:00:00+00:00,1.080840,1.082340,1.080360,1.081840,1256.63
2024-04-01T03:00:00+00:00,1.081840,1.083010,1.081390,1.082440,1001.63
2024-04-01T04:00:00+00:00,1.082440,1.082840,1.081680,1.081910,683.41
2024-04-01T05:00:00+00:00,1.081910,1.082180,1.081300,1.081590,647.29
2024-04-01T06:00:00+00:00,1.081590,1.081910,1.081150,1.081490,751.00
2024-04-01T07:00:00+00:00,1.081490,1.082200,1.080350,1.080850,761.47
2024-04-01T08:00:00+00:00,1.080850,1.081150,1.080520,1.080560,568.40
2024-04-01T09:00:00+00:00,1.080560,1.081560,1.079470,1.081260,1010.96
2024-04-01T10:00:00+00:00,1.081260,1.081300,1.080990,1.081230,663.87
2024-04-01T11:00:00+00:00,1.081230,1.081660,1.081170,1.081260,657.12
2024-04-01T12:00:00+00:00,1.081260,1.081710,1.080290,1.080500,851.39
2024-04-01T13:00:00+00:00,1.080500,1.080640,1.079310,1.079710,803.96
2024-04-01T14:00:00+00:00,1.079710,1.079870,1.079090,1.079500,702.67
2024-04-01T15:00:00+00:00,1.079500,1.080240,1.077870,1.078450,945.67
2024-04-01T16:00:00+00:00,1.078450,1.078600,1.076600,1.077280,1042.45
2024-04-01T17:00:00+00:00,1.077280,1.077770,1.076880,1.077010,509.74
2024-04-01T18:00:00+00:00,1.077010,1.078000,1.076150,1.077920,1159.04
2024-04-01T19:00:00+00:00,1.077920,1.078040,1.077090,1.077200,727.61
2024-04-01T20:00:00+00:00,1.077200,1.077750,1.076010,1.076650,738.78
2024-04-01T21:00:00+00:00,1.076650,1.077220,1.076370,1.076770,703.35
2024-04-01T22:00:00+00:00,1.076770,1.077050,1.075410,1.075750,970.55
2024-04-01T23:00:00+00:00,1.075750,1.075760,1.075300,1.075400,598.92
2024-04-02T00:00:00+00:00,1.075400,1.075860,1.073720,1.074320,1100.07
2024-04-02T01:00:00+00:00,1.074320,1.075510,1.074050,1.075380,1230.82
2024-04-02T02:00:00+00:00,1.075380,1.077310,1.074870,1.076850,1337.93
2024-04-02T03:00:00+00:00,1.076850,1.077030,1.075430,1.075650,1245.80
2024-04-02T04:00:00+00:00,1.075650,1.076580,1.074910,1.076190,890.80
2024-04-02T05:00:00+00:00,1.076190,1.076820,1.075650,1.076540,720.17
2024-04-02T06:00:00+00:00,1.076540,1.077720,1.075750,1.077160,951.48
2024-04-02T07:00:00+00:00,1.077160,1.078270,1.076960,1.078060,999.75
2024-04-02T08:00:00+00:00,1.078060,1.078790,1.077550,1.078460,844.11
2024-04-02T09:00:00+00:00,1.078460,1.079110,1.078230,1.078640,787.79
2024-04-02T10:00:00+00:00,1.078640,1.078800,1.077730,1.077950,958.19
2024-04-02T11:00:00+00:00,1.077950,1.078220,1.076020,1.076640,1226.06
2024-04-02T12:00:00+00:00,1.076640,1.077240,1.076470,1.077110,911.15
2024-04-02T13:00:00+00:00,1.077110,1.077290,1.075410,1.075720,1198.52
2024-04-02T14:00:00+00:00,1.075720,1.076390,1.073140,1.073750,1511.38
2024-04-02T15:00:00+00:00,1.073750,1.074250,1.073160,1.073360,801.94
2024-04-02T16:00:00+00:00,1.073360,1.074650,1.073020,1.074190,1036.04
2024-04-02T17:00:00+00:00,1.074190,1.075860,1.073630,1.075530,1330.09
2024-04-02T18:00:00+00:00,1.075530,1.076760,1.075100,1.076080,872.27
2024-04-02T19:00:00+00:00,1.076080,1.076820,1.075180,1.075850,785.97
2024-04-02T20:00:00+00:00,1.075850,1.076330,1.074900,1.075590,728.50
2024-04-02T21:00:00+00:00,1.075590,1.075860,1.075160,1.075610,578.35
2024-04-02T22:00:00+00:00,1.075610,1.075660,1.075070,1.075350,672.33
2024-04-02T23:00:00+00:00,1.075350,1.075390,1.075120,1.075250,679.19
2024-04-03T00:00:00+00:00,1.075250,1.075750,1.074410,1.074450,1040.47
2024-04-03T01:00:00+00:00,1.074450,1.075410,1.074170,1.075300,1068.83
2024-04-03T02:00:00+00:00,1.075300,1.077030,1.074420,1.076370,1201.16
2024-04-03T03:00:00+00:00,1.076370,1.077350,1.076250,1.077000,953.23
2024-04-03T04:00:00+00:00,1.077000,1.077410,1.076620,1.077000,551.34
2024-04-03T05:00:00+00:00,1.077000,1.077370,1.076250,1.076370,835.51
2024-04-03T06:00:00+00:00,1.076370,1.077300,1.075450,1.076320,699.03
2024-04-03T07:00:00+00:00,1.076320,1.077110,1.075310,1.075540,926.63
2024-04-03T08:00:00+00:00,1.075540,1.076020,1.075220,1.075710,637.37
2024-04-03T09:00:00+00:00,1.075710,1.076900,1.075330,1.076660,1145.26
2024-04-03T10:00:00+00:00,1.076660,1.076810,1.076020,1.076220,736.12
2024-04-03T11:00:00+00:00,1.076220,1.076690,1.076010,1.076330,662.64
2024-04-03T12:00:00+00:00,1.076330,1.077890,1.075710,1.077020,967.72
2024-04-03T13:00:00+00:00,1.077020,1.077440,1.076120,1.076210,1024.58
2024-04-03T14:00:00+00:00,1.076210,1.076960,1.075490,1.075860,847.02
2024-04-03T15:00:00+00:00,1.075860,1.076340,1.074770,1.074950,1096.49
2024-04-03T16:00:00+00:00,1.074950,1.075760,1.072940,1.073810,1075.96
2024-04-03T17:00:00+00:00,1.073810,1.074210,1.072970,1.073510,696.67
2024-04-03T18:00:00+00:00,1.073510,1.074070,1.072170,1.072670,1095.75
2024-04-03T19:00:00+00:00,1.072670,1.073200,1.071100,1.071710,1160.50
2024-04-03T20:00:00+00:00,1.071710,1.071810,1.071150,1.071170,835.73
2024-04-03T21:00:00+00:00,1.071170,1.071240,1.068830,1.069570,1422.70
2024-04-03T22:00:00+00:00,1.069570,1.070400,1.068010,1.068290,1308.69
2024-04-03T23:00:00+00:00,1.068290,1.069160,1.067220,1.068010,739.22
2024-04-04T00:00:00+00:00,1.068010,1.068730,1.066680,1.067440,819.70
2024-04-04T01:00:00+00:00,1.067440,1.067630,1.066500,1.067010,718.54
2024-04-04T02:00:00+00:00,1.067010,1.067090,1.065280,1.065830,1216.51
2024-04-04T03:00:00+00:00,1.065830,1.066920,1.065780,1.066850,1171.62
2024-04-04T04:00:00+00:00,1.066850,1.067120,1.066380,1.066850,557.62
2024-04-04T05:00:00+00:00,1.066850,1.067590,1.065420,1.065460,1294.16
2024-04-04T06:00:00+00:00,1.065460,1.066430,1.065320,1.065680,617.96
2024-04-04T07:00:00+00:00,1.065680,1.067570,1.064970,1.067110,1247.89
2024-04-04T08:00:00+00:00,1.067110,1.067110,1.065750,1.066400,1054.84
2024-04-04T09:00:00+00:00,1.066400,1.067250,1.065790,1.066770,842.82
2024-04-04T10:00:00+00:00,1.066770,1.067370,1.065040,1.065450,1287.67
2024-04-04T11:00:00+00:00,1.065450,1.065900,1.064260,1.064550,968.22
2024-04-04T12:00:00+00:00,1.064550,1.065640,1.061570,1.062750,1409.62
2024-04-04T13:00:00+00:00,1.062750,1.063020,1.062260,1.062620,729.91
2024-04-04T14:00:00+00:00,1.062620,1.063030,1.062330,1.062750,739.64
2024-04-04T15:00:00+00:00,1.062750,1.062870,1.062670,1.062850,716.92
2024-04-04T16:00:00+00:00,1.062850,1.063430,1.062700,1.063200,709.86
2024-04-04T17:00:00+00:00,1.063200,1.063320,1.062730,1.063030,601.01
2024-04-04T18:00:00+00:00,1.063030,1.063520,1.061900,1.062440,961.95
2024-04-04T19:00:00+00:00,1.062440,1.064080,1.062350,1.063260,1094.02
2024-04-04T20:00:00+00:00,1.063260,1.063910,1.063140,1.063740,925.96
2024-04-04T21:00:00+00:00,1.063740,1.064970,1.063120,1.064570,1084.79
2024-04-04T22:00:00+00:00,1.064570,1.066410,1.063970,1.065700,1094.38
2024-04-04T23:00:00+00:00,1.065700,1.067290,1.065370,1.066810,1062.47
2024-04-05T00:00:00+00:00,1.066810,1.067110,1.066080,1.066250,854.92
2024-04-05T01:00:00+00:00,1.066250,1.066880,1.065490,1.065680,976.43
2024-04-05T02:00:00+00:00,1.065680,1.065780,1.064900,1.065640,579.15
2024-04-05T03:00:00+00:00,1.065640,1.066410,1.063990,1.064800,968.64
2024-04-05T04:00:00+00:00,1.064800,1.065390,1.062030,1.062820,1586.02
2024-04-05T05:00:00+00:00,1.062820,1.063210,1.062170,1.063020,647.93
2024-04-05T06:00:00+00:00,1.063020,1.063820,1.062470,1.063240,802.78
2024-04-05T07:00:00+00:00,1.063240,1.063690,1.062960,1.063030,669.59
2024-04-05T08:00:00+00:00,1.063030,1.065870,1.062450,1.065060,1540.79
2024-04-05T09:00:00+00:00,1.065060,1.065600,1.063300,1.063840,1118.15
2024-04-05T10:00:00+00:00,1.063840,1.064590,1.062960,1.063700,751.38
2024-04-05T11:00:00+00:00,1.063700,1.064160,1.063470,1.063560,719.69
2024-04-05T12:00:00+00:00,1.063560,1.063760,1.063000,1.063180,735.99
2024-04-05T13:00:00+00:00,1.063180,1.065000,1.062380,1.064390,1288.45
2024-04-05T14:00:00+00:00,1.064390,1.064990,1.063810,1.064770,790.08
2024-04-05T15:00:00+00:00,1.064770,1.064830,1.063260,1.064240,921.44
2024-04-05T16:00:00+00:00,1.064240,1.064340,1.064110,1.064150,589.11
2024-04-05T17:00:00+00:00,1.064150,1.065030,1.062480,1.062890,1197.24
2024-04-05T18:00:00+00:00,1.062890,1.063260,1.061730,1.062220,910.88
2024-04-05T19:00:00+00:00,1.062220,1.064180,1.061200,1.063860,1367.65
2024-04-05T20:00:00+00:00,1.063860,1.064860,1.063400,1.064760,1115.57
2024-04-05T21:00:00+00:00,1.064760,1.065660,1.064330,1.065490,907.40
2024-04-05T22:00:00+00:00,1.065490,1.065540,1.063650,1.063800,1427.34
2024-04-05T23:00:00+00:00,1.063800,1.065240,1.063770,1.064870,1130.36
2024-04-06T00:00:00+00:00,1.064870,1.065450,1.063380,1.063500,1271.22
2024-04-06T01:00:00+00:00,1.063500,1.063880,1.062390,1.062720,938.11
2024-04-06T02:00:00+00:00,1.062720,1.064350,1.061790,1.063660,1121.39
2024-04-06T03:00:00+00:00,1.063660,1.063830,1.063220,1.063520,735.41
2024-04-06T04:00:00+00:00,1.063520,1.065580,1.062850,1.065270,1475.99
2024-04-06T05:00:00+00:00,1.065270,1.065790,1.064770,1.064840,714.19
2024-04-06T06:00:00+00:00,1.064840,1.065350,1.064240,1.065230,810.48
2024-04-06T07:00:00+00:00,1.065230,1.067500,1.064350,1.066670,1274.46
2024-04-06T08:00:00+00:00,1.066670,1.068650,1.065880,1.067880,1261.88
2024-04-06T09:00:00+00:00,1.067880,1.068410,1.066740,1.067080,943.91
2024-04-06T10:00:00+00:00,1.067080,1.067840,1.067020,1.067600,895.02
2024-04-06T11:00:00+00:00,1.067600,1.069070,1.067520,1.068520,1012.89
2024-04-06T12:00:00+00:00,1.068520,1.069050,1.068020,1.068580,570.36
2024-04-06T13:00:00+00:00,1.068580,1.070210,1.067700,1.069840,1211.54
2024-04-06T14:00:00+00:00,1.069840,1.070500,1.069640,1.070200,682.73
2024-04-06T15:00:00+00:00,1.070200,1.070930,1.067690,1.068820,1261.30
2024-04-06T16:00:00+00:00,1.068820,1.068930,1.068450,1.068590,784.69
2024-04-06T17:00:00+00:00,1.068590,1.069310,1.068480,1.069010,836.60
2024-04-06T18:00:00+00:00,1.069010,1.070330,1.068890,1.070080,1106.64
2024-04-06T19:00:00+00:00,1.070080,1.071510,1.069540,1.071100,1134.37
2024-04-06T20:00:00+00:00,1.071100,1.071340,1.070510,1.071320,758.07
2024-04-06T21:00:00+00:00,1.071320,1.071580,1.071000,1.071210,590.25
2024-04-06T22:00:00+00:00,1.071210,1.072280,1.070950,1.071620,764.99
2024-04-06T23:00:00+00:00,1.071620,1.071720,1.071190,1.071310,839.39
2024-04-07T00:00:00+00:00,1.071310,1.071330,1.071060,1.071100,775.75
2024-04-07T01:00:00+00:00,1.071100,1.071710,1.070910,1.071080,545.52
2024-04-07T02:00:00+00:00,1.071080,1.071560,1.069560,1.069720,1355.58
2024-04-07T03:00:00+00:00,1.069720,1.069890,1.069200,1.069240,736.57
2024-04-07T04:00:00+00:00,1.069240,1.069410,1.067550,1.067990,1101.37
2024-04-07T05:00:00+00:00,1.067990,1.068620,1.067350,1.067790,607.68
2024-04-07T06:00:00+00:00,1.067790,1.069130,1.067320,1.068810,1285.68
2024-04-07T07:00:00+00:00,1.068810,1.069490,1.067750,1.068090,790.17
2024-04-07T08:00:00+00:00,1.068090,1.068510,1.067900,1.068040,796.38
2024-04-07T09:00:00+00:00,1.068040,1.068510,1.067300,1.068030,679.21
2024-04-07T10:00:00+00:00,1.068030,1.068510,1.067840,1.068160,832.61
2024-04-07T11:00:00+00:00,1.068160,1.068390,1.065650,1.066590,1222.14
2024-04-07T12:00:00+00:00,1.066590,1.066740,1.065580,1.066440,588.91
2024-04-07T13:00:00+00:00,1.066440,1.067240,1.065990,1.067020,1081.58
2024-04-07T14:00:00+00:00,1.067020,1.067440,1.066160,1.066320,850.81
2024-04-07T15:00:00+00:00,1.066320,1.066440,1.064480,1.065270,995.20
2024-04-07T16:00:00+00:00,1.065270,1.065730,1.063890,1.064220,946.53
2024-04-07T17:00:00+00:00,1.064220,1.064870,1.062610,1.062620,1246.57
2024-04-07T18:00:00+00:00,1.062620,1.065000,1.062460,1.064310,1638.39
2024-04-07T19:00:00+00:00,1.064310,1.064690,1.063740,1.064140,665.30
2024-04-07T20:00:00+00:00,1.064140,1.064960,1.063260,1.063590,715.89
2024-04-07T21:00:00+00:00,1.063590,1.064460,1.063350,1.064060,913.96
2024-04-07T22:00:00+00:00,1.064060,1.064800,1.062900,1.063290,905.01
2024-04-07T23:00:00+00:00,1.063290,1.063950,1.062000,1.062310,1014.91
2024-04-08T00:00:00+00:00,1.062310,1.062370,1.061780,1.061890,654.50
2024-04-08T01:00:00+00:00,1.061890,1.061920,1.059430,1.060130,1351.48
2024-04-08T02:00:00+00:00,1.060130,1.060370,1.060100,1.060300,793.21
2024-04-08T03:00:00+00:00,1.060300,1.061220,1.059830,1.060350,689.69
2024-04-08T04:00:00+00:00,1.060350,1.061930,1.060080,1.061280,1206.00
2024-04-08T05:00:00+00:00,1.061280,1.061880,1.060020,1.060030,1139.20
2024-04-08T06:00:00+00:00,1.060030,1.060850,1.059880,1.060490,880.42
2024-04-08T07:00:00+00:00,1.060490,1.061090,1.059950,1.060890,845.82
2024-04-08T08:00:00+00:00,1.060890,1.061600,1.060410,1.061270,919.81
2024-04-08T09:00:00+00:00,1.061270,1.061770,1.060870,1.060910,731.50
2024-04-08T10:00:00+00:00,1.060910,1.061090,1.060630,1.060800,726.33
2024-04-08T11:00:00+00:00,1.060800,1.061390,1.060070,1.060680,615.61
2024-04-08T12:00:00+00:00,1.060680,1.060990,1.060380,1.060500,659.32
2024-04-08T13:00:00+00:00,1.060500,1.061840,1.060040,1.061450,1136.04
2024-04-08T14:00:00+00:00,1.061450,1.061730,1.060820,1.061100,710.70
2024-04-08T15:00:00+00:00,1.061100,1.061870,1.060590,1.060690,691.99
2024-04-08T16:00:00+00:00,1.060690,1.061530,1.057940,1.058690,1494.76
2024-04-08T17:00:00+00:00,1.058690,1.059380,1.058430,1.058760,735.92
2024-04-08T18:00:00+00:00,1.058760,1.059280,1.057760,1.057800,982.00
2024-04-08T19:00:00+00:00,1.057800,1.059600,1.056760,1.059490,1651.34
2024-04-08T20:00:00+00:00,1.059490,1.060170,1.059290,1.059870,1014.92
2024-04-08T21:00:00+00:00,1.059870,1.060480,1.057180,1.058170,1341.52
2024-04-08T22:00:00+00:00,1.058170,1.058280,1.056300,1.056770,1199.32
2024-04-08T23:00:00+00:00,1.056770,1.057120,1.055570,1.055690,1070.80
2024-04-09T00:00:00+00:00,1.055690,1.055730,1.055280,1.055570,636.05
2024-04-09T01:00:00+00:00,1.055570,1.055760,1.054910,1.054950,789.13
2024-04-09T02:00:00+00:00,1.054950,1.055700,1.053540,1.053750,1015.31
2024-04-09T03:00:00+00:00,1.053750,1.055230,1.053680,1.054570,1231.58
2024-04-09T04:00:00+00:00,1.054570,1.055050,1.053920,1.054010,817.57
2024-04-09T05:00:00+00:00,1.054010,1.054440,1.053220,1.053560,617.26
2024-04-09T06:00:00+00:00,1.053560,1.053910,1.052520,1.052580,1008.35
2024-04-09T07:00:00+00:00,1.052580,1.052640,1.051190,1.051460,1041.13
2024-04-09T08:00:00+00:00,1.051460,1.051780,1.049980,1.050110,1059.16
2024-04-09T09:00:00+00:00,1.050110,1.050370,1.047860,1.048530,1294.55
2024-04-09T10:00:00+00:00,1.048530,1.048750,1.047150,1.047650,869.88
2024-04-09T11:00:00+00:00,1.047650,1.048150,1.047320,1.047790,722.86
2024-04-09T12:00:00+00:00,1.047790,1.048210,1.047070,1.047360,774.81
2024-04-09T13:00:00+00:00,1.047360,1.048020,1.047010,1.047840,897.15
2024-04-09T14:00:00+00:00,1.047840,1.048860,1.047000,1.048430,1110.77
2024-04-09T15:00:00+00:00,1.048430,1.049460,1.046840,1.046870,1224.87
2024-04-09T16:00:00+00:00,1.046870,1.047230,1.046240,1.046610,722.32
2024-04-09T17:00:00+00:00,1.046610,1.048470,1.045500,1.047990,1379.30
2024-04-09T18:00:00+00:00,1.047990,1.048770,1.047050,1.047650,852.81
2024-04-09T19:00:00+00:00,1.047650,1.048730,1.046490,1.046710,1053.03
2024-04-09T20:00:00+00:00,1.046710,1.046840,1.046250,1.046570,657.77
2024-04-09T21:00:00+00:00,1.046570,1.047450,1.045560,1.046400,736.51
2024-04-09T22:00:00+00:00,1.046400,1.046410,1.045960,1.046280,578.58
2024-04-09T23:00:00+00:00,1.046280,1.046580,1.044550,1.045150,1070.18
2024-04-10T00:00:00+00:00,1.045150,1.045590,1.044660,1.044790,827.94
2024-04-10T01:00:00+00:00,1.044790,1.046190,1.044490,1.045560,1082.33
2024-04-10T02:00:00+00:00,1.045560,1.046000,1.044790,1.045870,699.45
2024-04-10T03:00:00+00:00,1.045870,1.046050,1.045580,1.045970,579.14
2024-04-10T04:00:00+00:00,1.045970,1.046280,1.045780,1.045940,532.09
2024-04-10T05:00:00+00:00,1.045940,1.046540,1.044790,1.045430,822.66
2024-04-10T06:00:00+00:00,1.045430,1.046020,1.045290,1.045660,636.17
2024-04-10T07:00:00+00:00,1.045660,1.046500,1.045500,1.045890,617.36
2024-04-10T08:00:00+00:00,1.045890,1.046070,1.045420,1.045820,703.63
2024-04-10T09:00:00+00:00,1.045820,1.046010,1.045580,1.045860,591.43
2024-04-10T10:00:00+00:00,1.045860,1.046190,1.044650,1.045190,990.26
2024-04-10T11:00:00+00:00,1.045190,1.045830,1.044570,1.044640,892.12
2024-04-10T12:00:00+00:00,1.044640,1.044940,1.044070,1.044560,644.99
2024-04-10T13:00:00+00:00,1.044560,1.044650,1.043700,1.043820,884.01
2024-04-10T14:00:00+00:00,1.043820,1.045340,1.043710,1.044680,1097.95
2024-04-10T15:00:00+00:00,1.044680,1.044830,1.043570,1.043750,1108.04
2024-04-10T16:00:00+00:00,1.043750,1.044910,1.043500,1.044570,1009.70
2024-04-10T17:00:00+00:00,1.044570,1.045070,1.044370,1.044750,693.55
2024-04-10T18:00:00+00:00,1.044750,1.045420,1.043880,1.044560,759.59
2024-04-10T19:00:00+00:00,1.044560,1.045280,1.044170,1.044370,746.75
2024-04-10T20:00:00+00:00,1.044370,1.044610,1.043520,1.044160,786.19
2024-04-10T21:00:00+00:00,1.044160,1.044440,1.043190,1.043880,762.70
2024-04-10T22:00:00+00:00,1.043880,1.044090,1.043150,1.043380,769.31
2024-04-10T23:00:00+00:00,1.043380,1.043720,1.042250,1.042480,1089.43
2024-04-11T00:00:00+00:00,1.042480,1.042690,1.041500,1.041560,1041.25
2024-04-11T01:00:00+00:00,1.041560,1.042190,1.040400,1.041050,945.25
2024-04-11T02:00:00+00:00,1.041050,1.042430,1.040570,1.041650,926.63
2024-04-11T03:00:00+00:00,1.041650,1.041990,1.041440,1.041960,813.48
2024-04-11T04:00:00+00:00,1.041960,1.043380,1.041920,1.043020,1205.85
2024-04-11T05:00:00+00:00,1.043020,1.043720,1.042800,1.043020,558.63
2024-04-11T06:00:00+00:00,1.043020,1.043280,1.042680,1.042840,773.68
2024-04-11T07:00:00+00:00,1.042840,1.043230,1.042500,1.043130,729.56
2024-04-11T08:00:00+00:00,1.043130,1.044200,1.040820,1.041130,1656.93
2024-04-11T09:00:00+00:00,1.041130,1.042920,1.040460,1.042390,1330.88
2024-04-11T10:00:00+00:00,1.042390,1.043660,1.042190,1.043080,954.21
2024-04-11T11:00:00+00:00,1.043080,1.043390,1.042080,1.042630,897.62
2024-04-11T12:00:00+00:00,1.042630,1.043340,1.042570,1.043170,885.22
2024-04-11T13:00:00+00:00,1.043170,1.043640,1.042740,1.043570,723.28
2024-04-11T14:00:00+00:00,1.043570,1.044220,1.043200,1.044160,904.66
2024-04-11T15:00:00+00:00,1.044160,1.044390,1.044000,1.044220,636.35
2024-04-11T16:00:00+00:00,1.044220,1.044560,1.042800,1.042920,1257.30
2024-04-11T17:00:00+00:00,1.042920,1.043260,1.042320,1.042640,646.62
2024-04-11T18:00:00+00:00,1.042640,1.042800,1.041840,1.042260,881.10
2024-04-11T19:00:00+00:00,1.042260,1.042840,1.041600,1.041690,883.26
2024-04-11T20:00:00+00:00,1.041690,1.041910,1.040680,1.040680,1074.44
2024-04-11T21:00:00+00:00,1.040680,1.041750,1.040590,1.041380,851.37
2024-04-11T22:00:00+00:00,1.041380,1.042070,1.041370,1.041790,779.99
2024-04-11T23:00:00+00:00,1.041790,1.042220,1.041380,1.041770,578.97
2024-04-12T00:00:00+00:00,1.041770,1.042470,1.041370,1.042260,839.16
2024-04-12T01:00:00+00:00,1.042260,1.044230,1.041500,1.043740,1297.89
2024-04-12T02:00:00+00:00,1.043740,1.043830,1.043650,1.043760,602.61
2024-04-12T03:00:00+00:00,1.043760,1.044770,1.043430,1.044470,942.10
2024-04-12T04:00:00+00:00,1.044470,1.044570,1.043430,1.043830,1009.74
2024-04-12T05:00:00+00:00,1.043830,1.044390,1.042920,1.043010,962.87
2024-04-12T06:00:00+00:00,1.043010,1.043700,1.041730,1.042240,1014.95
2024-04-12T07:00:00+00:00,1.042240,1.042500,1.041060,1.041450,1073.09
2024-04-12T08:00:00+00:00,1.041450,1.042900,1.041350,1.042160,1019.23
2024-04-12T09:00:00+00:00,1.042160,1.042190,1.041910,1.042130,729.67
2024-04-12T10:00:00+00:00,1.042130,1.042430,1.041650,1.041690,1008.08
2024-04-12T11:00:00+00:00,1.041690,1.042670,1.041110,1.042340,870.60
2024-04-12T12:00:00+00:00,1.042340,1.044900,1.041620,1.043720,1178.83
2024-04-12T13:00:00+00:00,1.043720,1.044620,1.043550,1.044290,754.42
2024-04-12T14:00:00+00:00,1.044290,1.044730,1.043820,1.044040,938.93
2024-04-12T15:00:00+00:00,1.044040,1.044550,1.043830,1.043850,874.51
2024-04-12T16:00:00+00:00,1.043850,1.045120,1.043660,1.044650,957.38
2024-04-12T17:00:00+00:00,1.044650,1.045030,1.043780,1.044940,584.02
2024-04-12T18:00:00+00:00,1.044940,1.045640,1.044520,1.045300,698.41
2024-04-12T19:00:00+00:00,1.045300,1.046100,1.045080,1.045800,673.82
2024-04-12T20:00:00+00:00,1.045800,1.046630,1.045640,1.046600,766.84
2024-04-12T21:00:00+00:00,1.046600,1.046630,1.045700,1.046280,803.38
2024-04-12T22:00:00+00:00,1.046280,1.047420,1.045750,1.046800,703.52
2024-04-12T23:00:00+00:00,1.046800,1.047030,1.045910,1.046220,996.55
2024-04-13T00:00:00+00:00,1.046220,1.046640,1.045120,1.045550,977.71
2024-04-13T01:00:00+00:00,1.045550,1.045660,1.045000,1.045220,808.50
2024-04-13T02:00:00+00:00,1.045220,1.046340,1.045070,1.045700,673.19
2024-04-13T03:00:00+00:00,1.045700,1.047380,1.045230,1.046760,1084.50
2024-04-13T04:00:00+00:00,1.046760,1.047340,1.046120,1.046350,915.24
2024-04-13T05:00:00+00:00,1.046350,1.047270,1.046020,1.046590,584.82
2024-04-13T06:00:00+00:00,1.046590,1.047040,1.045440,1.045960,1089.86
2024-04-13T07:00:00+00:00,1.045960,1.047280,1.045960,1.046760,761.65
2024-04-13T08:00:00+00:00,1.046760,1.046850,1.045410,1.045970,1137.54
2024-04-13T09:00:00+00:00,1.045970,1.046020,1.042940,1.043780,1802.77
2024-04-13T10:00:00+00:00,1.043780,1.043850,1.043380,1.043760,806.50
2024-04-13T11:00:00+00:00,1.043760,1.044900,1.043450,1.044360,740.39
2024-04-13T12:00:00+00:00,1.044360,1.044470,1.044020,1.044310,799.25
2024-04-13T13:00:00+00:00,1.044310,1.044380,1.043570,1.044250,766.36
2024-04-13T14:00:00+00:00,1.044250,1.046590,1.044250,1.045940,1285.74
2024-04-13T15:00:00+00:00,1.045940,1.047400,1.045230,1.046760,839.89
2024-04-13T16:00:00+00:00,1.046760,1.047280,1.045360,1.045770,1299.85
2024-04-13T17:00:00+00:00,1.045770,1.047470,1.045490,1.047160,1147.70
2024-04-13T18:00:00+00:00,1.047160,1.047800,1.046920,1.047490,558.46
2024-04-13T19:00:00+00:00,1.047490,1.047710,1.047230,1.047590,651.99
2024-04-13T20:00:00+00:00,1.047590,1.047720,1.046570,1.047190,915.99
2024-04-13T21:00:00+00:00,1.047190,1.048950,1.046430,1.048540,1155.45
2024-04-13T22:00:00+00:00,1.048540,1.049450,1.048460,1.049070,759.63
2024-04-13T23:00:00+00:00,1.049070,1.050580,1.048860,1.050050,1032.18
2024-04-14T00:00:00+00:00,1.050050,1.050750,1.049210,1.049540,969.86
2024-04-14T01:00:00+00:00,1.049540,1.050030,1.049390,1.049400,728.89
2024-04-14T02:00:00+00:00,1.049400,1.049550,1.048480,1.049240,843.48
2024-04-14T03:00:00+00:00,1.049240,1.049560,1.049200,1.049340,712.22
2024-04-14T04:00:00+00:00,1.049340,1.050260,1.048770,1.050140,827.96
2024-04-14T05:00:00+00:00,1.050140,1.050250,1.049670,1.049980,750.17
2024-04-14T06:00:00+00:00,1.049980,1.050740,1.049630,1.050720,842.17
2024-04-14T07:00:00+00:00,1.050720,1.051920,1.050280,1.051190,637.63
2024-04-14T08:00:00+00:00,1.051190,1.051590,1.050400,1.050950,937.64
2024-04-14T09:00:00+00:00,1.050950,1.052690,1.050770,1.052650,1261.29
2024-04-14T10:00:00+00:00,1.052650,1.053250,1.051740,1.052300,950.30
2024-04-14T11:00:00+00:00,1.052300,1.052360,1.050870,1.051560,1135.42
2024-04-14T12:00:00+00:00,1.051560,1.052620,1.050770,1.051800,653.40
2024-04-14T13:00:00+00:00,1.051800,1.052070,1.051330,1.051610,788.76
2024-04-14T14:00:00+00:00,1.051610,1.052080,1.050820,1.051140,980.89
2024-04-14T15:00:00+00:00,1.051140,1.051270,1.050590,1.050650,935.17
2024-04-14T16:00:00+00:00,1.050650,1.051260,1.050480,1.050970,581.62
2024-04-14T17:00:00+00:00,1.050970,1.052040,1.050160,1.051580,766.82
2024-04-14T18:00:00+00:00,1.051580,1.052470,1.051480,1.052160,704.29
2024-04-14T19:00:00+00:00,1.052160,1.052750,1.051020,1.051280,1280.37
2024-04-14T20:00:00+00:00,1.051280,1.051330,1.050570,1.050680,958.01
2024-04-14T21:00:00+00:00,1.050680,1.050970,1.050290,1.050300,971.91
2024-04-14T22:00:00+00:00,1.050300,1.050520,1.049960,1.050030,945.73
2024-04-14T23:00:00+00:00,1.050030,1.050530,1.049500,1.049560,1053.16
2024-04-15T00:00:00+00:00,1.049560,1.049750,1.048430,1.048620,1309.53
2024-04-15T01:00:00+00:00,1.048620,1.049040,1.047470,1.047670,987.90
2024-04-15T02:00:00+00:00,1.047670,1.047860,1.046830,1.046920,881.65
2024-04-15T03:00:00+00:00,1.046920,1.047520,1.046170,1.046230,814.72
2024-04-15T04:00:00+00:00,1.046230,1.046950,1.045480,1.045940,698.02
2024-04-15T05:00:00+00:00,1.045940,1.046690,1.044290,1.044420,1125.57
2024-04-15T06:00:00+00:00,1.044420,1.044800,1.043790,1.044270,754.45
2024-04-15T07:00:00+00:00,1.044270,1.044710,1.043490,1.043940,560.83
2024-04-15T08:00:00+00:00,1.043940,1.044860,1.042280,1.043110,780.94
2024-04-15T09:00:00+00:00,1.043110,1.043880,1.041190,1.042100,1052.55
2024-04-15T10:00:00+00:00,1.042100,1.042570,1.040480,1.040770,1175.59
2024-04-15T11:00:00+00:00,1.040770,1.043070,1.039900,1.042850,1803.45
2024-04-15T12:00:00+00:00,1.042850,1.043590,1.042110,1.043390,1104.80
2024-04-15T13:00:00+00:00,1.043390,1.043920,1.042280,1.042320,966.87
2024-04-15T14:00:00+00:00,1.042320,1.043120,1.041910,1.042690,918.97
2024-04-15T15:00:00+00:00,1.042690,1.042950,1.041630,1.041710,941.27
2024-04-15T16:00:00+00:00,1.041710,1.042560,1.040530,1.041160,676.86
2024-04-15T17:00:00+00:00,1.041160,1.041700,1.040520,1.041450,960.58
2024-04-15T18:00:00+00:00,1.041450,1.041930,1.039600,1.039640,1437.88
2024-04-15T19:00:00+00:00,1.039640,1.040460,1.038960,1.039420,545.53
2024-04-15T20:00:00+00:00,1.039420,1.039800,1.038650,1.039030,723.00
2024-04-15T21:00:00+00:00,1.039030,1.039890,1.038130,1.038500,754.78
2024-04-15T22:00:00+00:00,1.038500,1.038700,1.037900,1.037940,659.30
2024-04-15T23:00:00+00:00,1.037940,1.038590,1.037490,1.038480,1012.56
2024-04-16T00:00:00+00:00,1.038480,1.039150,1.038250,1.038500,753.44
2024-04-16T01:00:00+00:00,1.038500,1.038960,1.037540,1.037720,937.16
2024-04-16T02:00:00+00:00,1.037720,1.037900,1.036390,1.036760,973.30
2024-04-16T03:00:00+00:00,1.036760,1.036920,1.036250,1.036660,747.77
2024-04-16T04:00:00+00:00,1.036660,1.037680,1.036510,1.037430,1044.45
2024-04-16T05:00:00+00:00,1.037430,1.038120,1.036160,1.036670,800.50
2024-04-16T06:00:00+00:00,1.036670,1.037100,1.036640,1.036830,727.45
2024-04-16T07:00:00+00:00,1.036830,1.036960,1.033880,1.034730,1530.06
2024-04-16T08:00:00+00:00,1.034730,1.034800,1.034290,1.034400,621.72
2024-04-16T09:00:00+00:00,1.034400,1.035000,1.034400,1.034610,928.92
2024-04-16T10:00:00+00:00,1.034610,1.035090,1.033460,1.033570,930.46
2024-04-16T11:00:00+00:00,1.033570,1.033940,1.030920,1.031640,1435.95
2024-04-16T12:00:00+00:00,1.031640,1.032150,1.031580,1.031600,625.31
2024-04-16T13:00:00+00:00,1.031600,1.031670,1.030280,1.030800,897.71
2024-04-16T14:00:00+00:00,1.030800,1.031620,1.029000,1.029540,1028.17
2024-04-16T15:00:00+00:00,1.029540,1.030370,1.029300,1.029470,620.41
2024-04-16T16:00:00+00:00,1.029470,1.029680,1.028950,1.029290,675.58
2024-04-16T17:00:00+00:00,1.029290,1.029900,1.029220,1.029310,740.28
2024-04-16T18:00:00+00:00,1.029310,1.030000,1.028200,1.028310,978.61
2024-04-16T19:00:00+00:00,1.028310,1.028930,1.026470,1.027130,1139.60
2024-04-16T20:00:00+00:00,1.027130,1.027890,1.025360,1.026260,828.93
2024-04-16T21:00:00+00:00,1.026260,1.026720,1.025140,1.025370,866.08
2024-04-16T22:00:00+00:00,1.025370,1.025440,1.025100,1.025130,675.87
2024-04-16T23:00:00+00:00,1.025130,1.025340,1.024800,1.025130,810.97
2024-04-17T00:00:00+00:00,1.025130,1.025210,1.024380,1.024850,531.09
2024-04-17T01:00:00+00:00,1.024850,1.026240,1.024490,1.025670,1146.66
2024-04-17T02:00:00+00:00,1.025670,1.026590,1.023640,1.023860,1304.25
2024-04-17T03:00:00+00:00,1.023860,1.025420,1.023740,1.025250,1499.91
2024-04-17T04:00:00+00:00,1.025250,1.025420,1.024910,1.025230,692.62
2024-04-17T05:00:00+00:00,1.025230,1.025870,1.024960,1.025490,863.77
2024-04-17T06:00:00+00:00,1.025490,1.025650,1.024100,1.024720,862.81
2024-04-17T07:00:00+00:00,1.024720,1.025280,1.024040,1.024920,802.14
2024-04-17T08:00:00+00:00,1.024920,1.025030,1.024420,1.024880,776.66
2024-04-17T09:00:00+00:00,1.024880,1.025470,1.024500,1.025250,882.22
2024-04-17T10:00:00+00:00,1.025250,1.026100,1.023830,1.024500,852.37
2024-04-17T11:00:00+00:00,1.024500,1.024770,1.022720,1.023360,1048.12
2024-04-17T12:00:00+00:00,1.023360,1.024450,1.022800,1.024310,1278.11
2024-04-17T13:00:00+00:00,1.024310,1.024820,1.023390,1.023750,800.71
2024-04-17T14:00:00+00:00,1.023750,1.024020,1.023650,1.023970,879.81
2024-04-17T15:00:00+00:00,1.023970,1.024230,1.023080,1.023450,763.01
2024-04-17T16:00:00+00:00,1.023450,1.024030,1.022000,1.022240,982.36
2024-04-17T17:00:00+00:00,1.022240,1.024210,1.021150,1.023380,1235.63
2024-04-17T18:00:00+00:00,1.023380,1.024600,1.022720,1.024130,1066.53
2024-04-17T19:00:00+00:00,1.024130,1.024650,1.023740,1.023840,796.28
2024-04-17T20:00:00+00:00,1.023840,1.023940,1.023520,1.023690,689.58
2024-04-17T21:00:00+00:00,1.023690,1.024540,1.023100,1.023870,740.92
2024-04-17T22:00:00+00:00,1.023870,1.024570,1.022120,1.022480,1304.40
2024-04-17T23:00:00+00:00,1.022480,1.022970,1.021810,1.022390,617.51
2024-04-18T00:00:00+00:00,1.022390,1.022440,1.021150,1.021460,1043.99
2024-04-18T01:00:00+00:00,1.021460,1.021600,1.019580,1.019980,1318.78
2024-04-18T02:00:00+00:00,1.019980,1.020170,1.019580,1.019980,651.49
2024-04-18T03:00:00+00:00,1.019980,1.020550,1.019760,1.020050,558.72
2024-04-18T04:00:00+00:00,1.020050,1.020930,1.019860,1.020350,750.52
2024-04-18T05:00:00+00:00,1.020350,1.022320,1.020290,1.021350,1139.45
2024-04-18T06:00:00+00:00,1.021350,1.022360,1.020980,1.022330,1177.88
2024-04-18T07:00:00+00:00,1.022330,1.023460,1.021710,1.023250,1152.42
2024-04-18T08:00:00+00:00,1.023250,1.024940,1.023030,1.024480,1213.43
2024-04-18T09:00:00+00:00,1.024480,1.024960,1.022610,1.022940,1346.76
2024-04-18T10:00:00+00:00,1.022940,1.023290,1.022580,1.022670,645.29
2024-04-18T11:00:00+00:00,1.022670,1.022980,1.021820,1.021930,1023.94
2024-04-18T12:00:00+00:00,1.021930,1.022630,1.020330,1.021340,853.58
2024-04-18T13:00:00+00:00,1.021340,1.021600,1.021260,1.021360,679.66
2024-04-18T14:00:00+00:00,1.021360,1.022260,1.019490,1.019680,1489.49
2024-04-18T15:00:00+00:00,1.019680,1.020470,1.017970,1.018510,1114.14
2024-04-18T16:00:00+00:00,1.018510,1.019110,1.017570,1.019020,826.14
2024-04-18T17:00:00+00:00,1.019020,1.020600,1.018410,1.020480,1342.00
2024-04-18T18:00:00+00:00,1.020480,1.021220,1.019130,1.019670,1016.98
2024-04-18T19:00:00+00:00,1.019670,1.020430,1.019650,1.020140,851.64
2024-04-18T20:00:00+00:00,1.020140,1.023010,1.019910,1.022410,1686.75
2024-04-18T21:00:00+00:00,1.022410,1.022860,1.021080,1.021580,1037.53
2024-04-18T22:00:00+00:00,1.021580,1.022110,1.020550,1.021250,735.38
2024-04-18T23:00:00+00:00,1.021250,1.021580,1.020870,1.021210,655.31
2024-04-19T00:00:00+00:00,1.021210,1.022050,1.019470,1.020000,1273.73
2024-04-19T01:00:00+00:00,1.020000,1.020410,1.019610,1.019800,731.15
2024-04-19T02:00:00+00:00,1.019800,1.020370,1.018800,1.019340,841.29
2024-04-19T03:00:00+00:00,1.019340,1.020130,1.019010,1.019470,733.83
2024-04-19T04:00:00+00:00,1.019470,1.020030,1.018400,1.018450,1179.58
2024-04-19T05:00:00+00:00,1.018450,1.019560,1.016180,1.017280,1240.71
2024-04-19T06:00:00+00:00,1.017280,1.018440,1.015480,1.016090,1144.93
2024-04-19T07:00:00+00:00,1.016090,1.016380,1.014860,1.015180,968.60
2024-04-19T08:00:00+00:00,1.015180,1.015880,1.014540,1.014940,684.02
2024-04-19T09:00:00+00:00,1.014940,1.015890,1.014540,1.015440,857.63
2024-04-19T10:00:00+00:00,1.015440,1.015960,1.013990,1.014710,925.65
2024-04-19T11:00:00+00:00,1.014710,1.015440,1.014080,1.015410,888.09
2024-04-19T12:00:00+00:00,1.015410,1.016860,1.014600,1.015950,906.76
2024-04-19T13:00:00+00:00,1.015950,1.016150,1.015100,1.015910,697.63
2024-04-19T14:00:00+00:00,1.015910,1.017190,1.015450,1.016650,1056.53
2024-04-19T15:00:00+00:00,1.016650,1.018240,1.016290,1.017850,1231.75
2024-04-19T16:00:00+00:00,1.017850,1.018450,1.017490,1.018080,613.78
2024-04-19T17:00:00+00:00,1.018080,1.018390,1.017990,1.018010,716.69
2024-04-19T18:00:00+00:00,1.018010,1.019420,1.017390,1.018490,792.80
2024-04-19T19:00:00+00:00,1.018490,1.020140,1.018180,1.019630,1135.41
2024-04-19T20:00:00+00:00,1.019630,1.020750,1.019300,1.020600,1055.75
2024-04-19T21:00:00+00:00,1.020600,1.021470,1.018490,1.019420,1156.97
2024-04-19T22:00:00+00:00,1.019420,1.019580,1.019170,1.019230,739.93
2024-04-19T23:00:00+00:00,1.019230,1.019610,1.018050,1.018400,980.68
2024-04-20T00:00:00+00:00,1.018400,1.019080,1.018140,1.019010,945.32
2024-04-20T01:00:00+00:00,1.019010,1.019530,1.018610,1.019460,722.67
2024-04-20T02:00:00+00:00,1.019460,1.019730,1.019320,1.019380,733.09
2024-04-20T03:00:00+00:00,1.019380,1.020030,1.018710,1.019640,779.07
2024-04-20T04:00:00+00:00,1.019640,1.020400,1.019030,1.019320,723.63
2024-04-20T05:00:00+00:00,1.019320,1.019770,1.018680,1.018860,891.17
2024-04-20T06:00:00+00:00,1.018860,1.019580,1.018750,1.019260,813.03
2024-04-20T07:00:00+00:00,1.019260,1.019990,1.018960,1.019810,892.77
2024-04-20T08:00:00+00:00,1.019810,1.019870,1.019110,1.019610,800.11
2024-04-20T09:00:00+00:00,1.019610,1.020080,1.018850,1.018930,976.99
2024-04-20T10:00:00+00:00,1.018930,1.018940,1.018260,1.018590,859.56
2024-04-20T11:00:00+00:00,1.018590,1.019130,1.017820,1.018660,555.39
2024-04-20T12:00:00+00:00,1.018660,1.019270,1.016200,1.016930,1560.92
2024-04-20T13:00:00+00:00,1.016930,1.020200,1.015920,1.019090,1748.58
2024-04-20T14:00:00+00:00,1.019090,1.019500,1.018410,1.019240,706.78
2024-04-20T15:00:00+00:00,1.019240,1.020820,1.019030,1.020730,1407.20
2024-04-20T16:00:00+00:00,1.020730,1.021650,1.020340,1.021570,1119.32
2024-04-20T17:00:00+00:00,1.021570,1.022100,1.020500,1.020550,1048.80
2024-04-20T18:00:00+00:00,1.020550,1.020840,1.020340,1.020730,599.69
2024-04-20T19:00:00+00:00,1.020730,1.021030,1.020450,1.020650,709.72
2024-04-20T20:00:00+00:00,1.020650,1.021650,1.020350,1.021060,802.16
2024-04-20T21:00:00+00:00,1.021060,1.022080,1.020480,1.021760,874.55
2024-04-20T22:00:00+00:00,1.021760,1.021860,1.021240,1.021800,666.66
2024-04-20T23:00:00+00:00,1.021800,1.022090,1.021500,1.021600,761.86
2024-04-21T00:00:00+00:00,1.021600,1.022790,1.020720,1.022490,1090.74
2024-04-21T01:00:00+00:00,1.022490,1.023590,1.021770,1.022990,829.44
2024-04-21T02:00:00+00:00,1.022990,1.023840,1.022570,1.023540,849.17
2024-04-21T03:00:00+00:00,1.023540,1.023700,1.022500,1.022570,1075.63
2024-04-21T04:00:00+00:00,1.022570,1.024830,1.021860,1.024260,1406.22
2024-04-21T05:00:00+00:00,1.024260,1.024360,1.023680,1.023880,757.71
2024-04-21T06:00:00+00:00,1.023880,1.024790,1.023420,1.024370,818.36
2024-04-21T07:00:00+00:00,1.024370,1.025080,1.024060,1.024930,907.78
2024-04-21T08:00:00+00:00,1.024930,1.027040,1.024860,1.026580,1399.64
2024-04-21T09:00:00+00:00,1.026580,1.026880,1.025180,1.025570,1068.69
2024-04-21T10:00:00+00:00,1.025570,1.025950,1.025090,1.025850,754.21
2024-04-21T11:00:00+00:00,1.025850,1.026670,1.025570,1.026150,802.91
2024-04-21T12:00:00+00:00,1.026150,1.027780,1.025600,1.027170,1093.50
2024-04-21T13:00:00+00:00,1.027170,1.027390,1.025060,1.025490,1535.00
2024-04-21T14:00:00+00:00,1.025490,1.025730,1.025270,1.025670,671.08
2024-04-21T15:00:00+00:00,1.025670,1.025880,1.025140,1.025720,667.75
2024-04-21T16:00:00+00:00,1.025720,1.027200,1.025000,1.026620,958.93
2024-04-21T17:00:00+00:00,1.026620,1.027360,1.025510,1.026090,822.46
2024-04-21T18:00:00+00:00,1.026090,1.027240,1.025180,1.026700,811.73
2024-04-21T19:00:00+00:00,1.026700,1.027240,1.026040,1.026700,634.61
2024-04-21T20:00:00+00:00,1.026700,1.027250,1.026450,1.026850,618.66
2024-04-21T21:00:00+00:00,1.026850,1.027200,1.026570,1.027170,790.91
2024-04-21T22:00:00+00:00,1.027170,1.027840,1.026930,1.027450,821.30
2024-04-21T23:00:00+00:00,1.027450,1.028790,1.027080,1.028600,1121.96
2024-04-22T00:00:00+00:00,1.028600,1.029550,1.026970,1.027360,1216.73
2024-04-22T01:00:00+00:00,1.027360,1.027760,1.026700,1.027370,700.41
2024-04-22T02:00:00+00:00,1.027370,1.028660,1.027060,1.028350,1087.81
2024-04-22T03:00:00+00:00,1.028350,1.028410,1.027900,1.028170,592.96
2024-04-22T04:00:00+00:00,1.028170,1.028490,1.027810,1.028420,816.65
2024-04-22T05:00:00+00:00,1.028420,1.028760,1.027810,1.028620,657.52
2024-04-22T06:00:00+00:00,1.028620,1.029460,1.028390,1.028450,772.85
2024-04-22T07:00:00+00:00,1.028450,1.029180,1.027330,1.027360,1240.54
2024-04-22T08:00:00+00:00,1.027360,1.028770,1.027200,1.028340,1158.15
2024-04-22T09:00:00+00:00,1.028340,1.029170,1.027640,1.029020,980.60
2024-04-22T10:00:00+00:00,1.029020,1.029130,1.028160,1.028590,779.78
2024-04-22T11:00:00+00:00,1.028590,1.028900,1.027940,1.028230,707.87
2024-04-22T12:00:00+00:00,1.028230,1.028510,1.027970,1.028120,612.58
2024-04-22T13:00:00+00:00,1.028120,1.029040,1.027240,1.027660,853.11
2024-04-22T14:00:00+00:00,1.027660,1.028180,1.027440,1.027670,625.00
2024-04-22T15:00:00+00:00,1.027670,1.028410,1.026370,1.027030,837.65
2024-04-22T16:00:00+00:00,1.027030,1.027570,1.027020,1.027570,824.81
2024-04-22T17:00:00+00:00,1.027570,1.027990,1.026240,1.026880,899.16
2024-04-22T18:00:00+00:00,1.026880,1.027490,1.026790,1.027030,700.43
2024-04-22T19:00:00+00:00,1.027030,1.028560,1.026410,1.027580,786.64
2024-04-22T20:00:00+00:00,1.027580,1.028900,1.027360,1.028440,1044.52
2024-04-22T21:00:00+00:00,1.028440,1.029880,1.027580,1.029380,983.96
2024-04-22T22:00:00+00:00,1.029380,1.029680,1.029200,1.029440,567.31
2024-04-22T23:00:00+00:00,1.029440,1.030060,1.028240,1.028790,875.72
2024-04-23T00:00:00+00:00,1.028790,1.028970,1.027860,1.028090,953.20
2024-04-23T01:00:00+00:00,1.028090,1.029890,1.027840,1.029770,1533.32
2024-04-23T02:00:00+00:00,1.029770,1.030690,1.029590,1.030440,962.30
2024-04-23T03:00:00+00:00,1.030440,1.033740,1.030200,1.032860,1853.21
2024-04-23T04:00:00+00:00,1.032860,1.034750,1.032840,1.033980,1199.22
2024-04-23T05:00:00+00:00,1.033980,1.034300,1.032540,1.032890,1097.45
2024-04-23T06:00:00+00:00,1.032890,1.034080,1.031950,1.033700,1100.62
2024-04-23T07:00:00+00:00,1.033700,1.035330,1.033610,1.034780,1161.22
2024-04-23T08:00:00+00:00,1.034780,1.035230,1.034590,1.035090,658.77
2024-04-23T09:00:00+00:00,1.035090,1.035430,1.034610,1.034930,757.43
2024-04-23T10:00:00+00:00,1.034930,1.035770,1.034460,1.034740,676.21
2024-04-23T11:00:00+00:00,1.034740,1.035670,1.034000,1.035560,1034.47
2024-04-23T12:00:00+00:00,1.035560,1.035820,1.033780,1.034570,1041.21
2024-04-23T13:00:00+00:00,1.034570,1.035400,1.034240,1.034980,798.99
2024-04-23T14:00:00+00:00,1.034980,1.035900,1.034700,1.035520,954.79
2024-04-23T15:00:00+00:00,1.035520,1.037450,1.034880,1.037250,1400.07
2024-04-23T16:00:00+00:00,1.037250,1.037970,1.035390,1.036160,1117.97
2024-04-23T17:00:00+00:00,1.036160,1.036620,1.035330,1.035890,673.62
2024-04-23T18:00:00+00:00,1.035890,1.036060,1.035130,1.035800,694.43
2024-04-23T19:00:00+00:00,1.035800,1.036990,1.035450,1.036370,969.06
2024-04-23T20:00:00+00:00,1.036370,1.037280,1.035690,1.037170,1030.30
2024-04-23T21:00:00+00:00,1.037170,1.037560,1.036650,1.036660,952.97
2024-04-23T22:00:00+00:00,1.036660,1.037020,1.035150,1.035750,1027.85
2024-04-23T23:00:00+00:00,1.035750,1.036700,1.034840,1.035860,635.69
2024-04-24T00:00:00+00:00,1.035860,1.036070,1.035500,1.035680,695.10
2024-04-24T01:00:00+00:00,1.035680,1.035960,1.035290,1.035750,677.43
2024-04-24T02:00:00+00:00,1.035750,1.036040,1.033370,1.033850,1633.93
2024-04-24T03:00:00+00:00,1.033850,1.034150,1.033560,1.034070,739.61
2024-04-24T04:00:00+00:00,1.034070,1.034430,1.033520,1.033560,858.12
2024-04-24T05:00:00+00:00,1.033560,1.034140,1.032680,1.033120,900.60
2024-04-24T06:00:00+00:00,1.033120,1.033770,1.030880,1.031860,1242.52
2024-04-24T07:00:00+00:00,1.031860,1.033220,1.030840,1.033030,1208.40
2024-04-24T08:00:00+00:00,1.033030,1.034440,1.032910,1.033870,1084.84
2024-04-24T09:00:00+00:00,1.033870,1.034270,1.032600,1.032760,1209.98
2024-04-24T10:00:00+00:00,1.032760,1.032830,1.032050,1.032490,790.67
2024-04-24T11:00:00+00:00,1.032490,1.034760,1.032330,1.033740,1173.57
2024-04-24T12:00:00+00:00,1.033740,1.034320,1.033640,1.034170,900.82
2024-04-24T13:00:00+00:00,1.034170,1.035080,1.033730,1.034710,794.84
2024-04-24T14:00:00+00:00,1.034710,1.035800,1.034250,1.035430,930.08
2024-04-24T15:00:00+00:00,1.035430,1.037070,1.034490,1.036900,1306.30
2024-04-24T16:00:00+00:00,1.036900,1.037350,1.035230,1.035630,1149.08
2024-04-24T17:00:00+00:00,1.035630,1.035870,1.034550,1.035070,934.80
2024-04-24T18:00:00+00:00,1.035070,1.035690,1.034490,1.034600,865.62
2024-04-24T19:00:00+00:00,1.034600,1.036100,1.034190,1.035800,1140.61
2024-04-24T20:00:00+00:00,1.035800,1.036600,1.035250,1.036270,851.30
2024-04-24T21:00:00+00:00,1.036270,1.036350,1.035950,1.036250,569.97
2024-04-24T22:00:00+00:00,1.036250,1.037650,1.036120,1.036970,1027.63
2024-04-24T23:00:00+00:00,1.036970,1.037250,1.036890,1.036940,520.57
2024-04-25T00:00:00+00:00,1.036940,1.037290,1.036540,1.037010,720.02
2024-04-25T01:00:00+00:00,1.037010,1.037790,1.036890,1.037670,917.99
2024-04-25T02:00:00+00:00,1.037670,1.039340,1.036860,1.038690,1154.21
2024-04-25T03:00:00+00:00,1.038690,1.039670,1.037650,1.038310,775.49
2024-04-25T04:00:00+00:00,1.038310,1.038450,1.037440,1.037710,920.80
2024-04-25T05:00:00+00:00,1.037710,1.037760,1.036660,1.037210,925.29
2024-04-25T06:00:00+00:00,1.037210,1.037470,1.036520,1.037150,638.25
2024-04-25T07:00:00+00:00,1.037150,1.037480,1.036570,1.036580,897.00
2024-04-25T08:00:00+00:00,1.036580,1.036930,1.035100,1.035460,1159.02
2024-04-25T09:00:00+00:00,1.035460,1.036970,1.035260,1.036850,1323.69
2024-04-25T10:00:00+00:00,1.036850,1.037160,1.035410,1.035860,1087.83
2024-04-25T11:00:00+00:00,1.035860,1.035940,1.034090,1.035090,935.13
2024-04-25T12:00:00+00:00,1.035090,1.035560,1.034320,1.035080,551.84
2024-04-25T13:00:00+00:00,1.035080,1.036650,1.034800,1.036310,1278.94
2024-04-25T14:00:00+00:00,1.036310,1.037400,1.033980,1.034570,1529.81
2024-04-25T15:00:00+00:00,1.034570,1.034820,1.033020,1.033790,952.36
2024-04-25T16:00:00+00:00,1.033790,1.034620,1.033320,1.034010,949.79
2024-04-25T17:00:00+00:00,1.034010,1.034140,1.031720,1.032480,1148.88
2024-04-25T18:00:00+00:00,1.032480,1.032590,1.032250,1.032480,824.89
2024-04-25T19:00:00+00:00,1.032480,1.033070,1.031830,1.032970,1025.02
2024-04-25T20:00:00+00:00,1.032970,1.033450,1.031440,1.031740,993.35
2024-04-25T21:00:00+00:00,1.031740,1.032580,1.030390,1.030710,964.17
2024-04-25T22:00:00+00:00,1.030710,1.031000,1.029370,1.029800,825.28
2024-04-25T23:00:00+00:00,1.029800,1.030140,1.029460,1.030070,853.28
2024-04-26T00:00:00+00:00,1.030070,1.030610,1.028410,1.028760,1178.89
2024-04-26T01:00:00+00:00,1.028760,1.029250,1.026280,1.027120,1352.45
2024-04-26T02:00:00+00:00,1.027120,1.027760,1.026950,1.026990,692.38
2024-04-26T03:00:00+00:00,1.026990,1.027640,1.026240,1.026740,629.04
2024-04-26T04:00:00+00:00,1.026740,1.027450,1.025490,1.026180,767.61
2024-04-26T05:00:00+00:00,1.026180,1.027250,1.023750,1.023960,1673.43
2024-04-26T06:00:00+00:00,1.023960,1.024230,1.021090,1.021790,1476.87
2024-04-26T07:00:00+00:00,1.021790,1.022550,1.021260,1.022230,884.13
2024-04-26T08:00:00+00:00,1.022230,1.022350,1.019450,1.020490,1294.48
2024-04-26T09:00:00+00:00,1.020490,1.023220,1.020380,1.022350,1704.05
2024-04-26T10:00:00+00:00,1.022350,1.022840,1.020760,1.021580,823.74
2024-04-26T11:00:00+00:00,1.021580,1.022070,1.020770,1.021320,602.40
2024-04-26T12:00:00+00:00,1.021320,1.023590,1.020240,1.022740,1533.43
2024-04-26T13:00:00+00:00,1.022740,1.023900,1.022710,1.023640,1247.97
2024-04-26T14:00:00+00:00,1.023640,1.024190,1.022830,1.023370,615.07
2024-04-26T15:00:00+00:00,1.023370,1.023990,1.022980,1.023760,995.89
2024-04-26T16:00:00+00:00,1.023760,1.024670,1.023660,1.024460,1067.35
2024-04-26T17:00:00+00:00,1.024460,1.025250,1.023710,1.024170,583.98
2024-04-26T18:00:00+00:00,1.024170,1.024550,1.023560,1.023800,700.32
2024-04-26T19:00:00+00:00,1.023800,1.023850,1.023420,1.023660,735.58
2024-04-26T20:00:00+00:00,1.023660,1.026110,1.022980,1.025160,1432.89
2024-04-26T21:00:00+00:00,1.025160,1.025730,1.024190,1.024400,873.81
2024-04-26T22:00:00+00:00,1.024400,1.025510,1.023910,1.025110,1130.72
2024-04-26T23:00:00+00:00,1.025110,1.025620,1.024790,1.025140,822.84
2024-04-27T00:00:00+00:00,1.025140,1.025460,1.024040,1.024450,824.41
2024-04-27T01:00:00+00:00,1.024450,1.024860,1.023290,1.023540,963.35
2024-04-27T02:00:00+00:00,1.023540,1.024500,1.023060,1.023760,812.86
2024-04-27T03:00:00+00:00,1.023760,1.024100,1.023270,1.023600,597.94
2024-04-27T04:00:00+00:00,1.023600,1.023630,1.021900,1.022860,806.57
2024-04-27T05:00:00+00:00,1.022860,1.023410,1.022440,1.022950,766.66
2024-04-27T06:00:00+00:00,1.022950,1.023740,1.022420,1.023300,920.77
2024-04-27T07:00:00+00:00,1.023300,1.024210,1.023180,1.023540,951.71
2024-04-27T08:00:00+00:00,1.023540,1.023630,1.022900,1.023290,594.17
2024-04-27T09:00:00+00:00,1.023290,1.024270,1.022840,1.024160,1252.88
2024-04-27T10:00:00+00:00,1.024160,1.024240,1.023730,1.024030,750.10
2024-04-27T11:00:00+00:00,1.024030,1.024720,1.021900,1.022460,1245.77
2024-04-27T12:00:00+00:00,1.022460,1.023260,1.021620,1.021720,748.10
2024-04-27T13:00:00+00:00,1.021720,1.022470,1.021380,1.021460,611.34
2024-04-27T14:00:00+00:00,1.021460,1.021490,1.021420,1.021430,643.56
2024-04-27T15:00:00+00:00,1.021430,1.021580,1.019600,1.020320,1021.85
2024-04-27T16:00:00+00:00,1.020320,1.021930,1.019650,1.021370,1259.29
2024-04-27T17:00:00+00:00,1.021370,1.021650,1.019140,1.019550,1344.59
2024-04-27T18:00:00+00:00,1.019550,1.020260,1.017440,1.018040,1223.47
2024-04-27T19:00:00+00:00,1.018040,1.019050,1.017610,1.018710,1100.46
2024-04-27T20:00:00+00:00,1.018710,1.019450,1.016950,1.017660,947.03
2024-04-27T21:00:00+00:00,1.017660,1.018380,1.016120,1.016820,892.71
2024-04-27T22:00:00+00:00,1.016820,1.017250,1.015180,1.016020,875.15
2024-04-27T23:00:00+00:00,1.016020,1.016060,1.015590,1.015860,694.08
2024-04-28T00:00:00+00:00,1.015860,1.016380,1.015610,1.015700,729.26
2024-04-28T01:00:00+00:00,1.015700,1.015960,1.014840,1.014970,771.01
2024-04-28T02:00:00+00:00,1.014970,1.015440,1.014160,1.014690,602.90
2024-04-28T03:00:00+00:00,1.014690,1.015020,1.013670,1.014210,615.97
2024-04-28T04:00:00+00:00,1.014210,1.014290,1.012930,1.013690,640.88
2024-04-28T05:00:00+00:00,1.013690,1.013800,1.013080,1.013450,578.42
2024-04-28T06:00:00+00:00,1.013450,1.014140,1.013300,1.013950,1083.26
2024-04-28T07:00:00+00:00,1.013950,1.014160,1.013120,1.013170,910.80
2024-04-28T08:00:00+00:00,1.013170,1.013710,1.012010,1.012590,812.47
2024-04-28T09:00:00+00:00,1.012590,1.013570,1.012470,1.013140,991.90
2024-04-28T10:00:00+00:00,1.013140,1.013150,1.011380,1.012090,1079.16
2024-04-28T11:00:00+00:00,1.012090,1.012190,1.011380,1.011570,714.58
2024-04-28T12:00:00+00:00,1.011570,1.013480,1.011090,1.013230,1524.98
2024-04-28T13:00:00+00:00,1.013230,1.013360,1.012640,1.012840,678.27
2024-04-28T14:00:00+00:00,1.012840,1.013850,1.010620,1.010920,1512.61
2024-04-28T15:00:00+00:00,1.010920,1.011220,1.010180,1.010570,571.91
2024-04-28T16:00:00+00:00,1.010570,1.010860,1.009290,1.009730,803.64
2024-04-28T17:00:00+00:00,1.009730,1.009930,1.009500,1.009580,631.46
2024-04-28T18:00:00+00:00,1.009580,1.010090,1.009020,1.009430,667.40
2024-04-28T19:00:00+00:00,1.009430,1.009660,1.009250,1.009580,778.29
2024-04-28T20:00:00+00:00,1.009580,1.010220,1.009170,1.009530,766.85
2024-04-28T21:00:00+00:00,1.009530,1.009610,1.009230,1.009340,654.54
2024-04-28T22:00:00+00:00,1.009340,1.009730,1.007840,1.008090,1079.69
2024-04-28T23:00:00+00:00,1.008090,1.008190,1.006870,1.007520,648.76
2024-04-29T00:00:00+00:00,1.007520,1.007850,1.005630,1.006430,1036.93
2024-04-29T01:00:00+00:00,1.006430,1.007870,1.006030,1.007710,1297.45
2024-04-29T02:00:00+00:00,1.007710,1.007970,1.007470,1.007800,705.80
2024-04-29T03:00:00+00:00,1.007800,1.008190,1.007390,1.007640,679.22
2024-04-29T04:00:00+00:00,1.007640,1.009160,1.007480,1.008340,1096.28
2024-04-29T05:00:00+00:00,1.008340,1.008710,1.007510,1.007550,849.47
2024-04-29T06:00:00+00:00,1.007550,1.008330,1.006250,1.007060,708.69
2024-04-29T07:00:00+00:00,1.007060,1.007270,1.006940,1.007050,738.72
2024-04-29T08:00:00+00:00,1.007050,1.007760,1.004600,1.005040,1371.61
2024-04-29T09:00:00+00:00,1.005040,1.005570,1.004790,1.005530,1077.46
2024-04-29T10:00:00+00:00,1.005530,1.005610,1.004670,1.005310,724.24
2024-04-29T11:00:00+00:00,1.005310,1.005550,1.004530,1.004750,824.26
2024-04-29T12:00:00+00:00,1.004750,1.005310,1.004690,1.005010,876.86
2024-04-29T13:00:00+00:00,1.005010,1.005970,1.004170,1.004420,692.77
2024-04-29T14:00:00+00:00,1.004420,1.006410,1.004140,1.006200,1645.48
2024-04-29T15:00:00+00:00,1.006200,1.006300,1.005180,1.005660,656.75
2024-04-29T16:00:00+00:00,1.005660,1.007000,1.005590,1.006330,1061.54
2024-04-29T17:00:00+00:00,1.006330,1.008540,1.005500,1.007810,1411.04
2024-04-29T18:00:00+00:00,1.007810,1.008470,1.007030,1.008470,1023.54
2024-04-29T19:00:00+00:00,1.008470,1.008620,1.007780,1.007830,690.51
2024-04-29T20:00:00+00:00,1.007830,1.008630,1.007430,1.008260,999.06
2024-04-29T21:00:00+00:00,1.008260,1.008670,1.007730,1.008430,915.94
2024-04-29T22:00:00+00:00,1.008430,1.008980,1.008300,1.008800,835.95
2024-04-29T23:00:00+00:00,1.008800,1.009040,1.008730,1.008970,870.30
2024-04-30T00:00:00+00:00,1.008970,1.009560,1.008460,1.009110,781.47
2024-04-30T01:00:00+00:00,1.009110,1.009850,1.008980,1.009010,658.99
2024-04-30T02:00:00+00:00,1.009010,1.009540,1.006700,1.007580,1094.91
2024-04-30T03:00:00+00:00,1.007580,1.008020,1.006640,1.007330,684.12
2024-04-30T04:00:00+00:00,1.007330,1.007910,1.006820,1.007520,839.65
2024-04-30T05:00:00+00:00,1.007520,1.007940,1.007420,1.007920,956.65
2024-04-30T06:00:00+00:00,1.007920,1.008900,1.006990,1.007360,743.46
2024-04-30T07:00:00+00:00,1.007360,1.008220,1.007030,1.008130,1115.57
2024-04-30T08:00:00+00:00,1.008130,1.009620,1.007710,1.008950,1249.84
2024-04-30T09:00:00+00:00,1.008950,1.009820,1.006560,1.007660,1129.21
2024-04-30T10:00:00+00:00,1.007660,1.009270,1.006670,1.008390,1062.09
2024-04-30T11:00:00+00:00,1.008390,1.009480,1.007790,1.009400,1170.58
2024-04-30T12:00:00+00:00,1.009400,1.009830,1.007790,1.008240,1005.96
2024-04-30T13:00:00+00:00,1.008240,1.008670,1.007080,1.007800,722.94
2024-04-30T14:00:00+00:00,1.007800,1.008240,1.006070,1.006760,1027.55
2024-04-30T15:00:00+00:00,1.006760,1.006910,1.004870,1.005100,1234.30
2024-04-30T16:00:00+00:00,1.005100,1.005470,1.004920,1.005160,722.15
2024-04-30T17:00:00+00:00,1.005160,1.006140,1.004500,1.006020,1105.85
2024-04-30T18:00:00+00:00,1.006020,1.006700,1.005470,1.006540,773.13
2024-04-30T19:00:00+00:00,1.006540,1.007130,1.004730,1.005720,1099.03
2024-04-30T20:00:00+00:00,1.005720,1.006200,1.003910,1.004880,1022.68
2024-04-30T21:00:00+00:00,1.004880,1.005310,1.004120,1.004720,749.87
2024-04-30T22:00:00+00:00,1.004720,1.006160,1.004710,1.005860,1109.30
2024-04-30T23:00:00+00:00,1.005860,1.006340,1.003950,1.004320,1435.48
2024-05-01T00:00:00+00:00,1.004320,1.005700,1.004160,1.005170,948.62
2024-05-01T01:00:00+00:00,1.005170,1.005660,1.005120,1.005570,801.04
2024-05-01T02:00:00+00:00,1.005570,1.006390,1.004230,1.004730,972.94
2024-05-01T03:00:00+00:00,1.004730,1.005220,1.004180,1.004430,720.35
2024-05-01T04:00:00+00:00,1.004430,1.006080,1.003880,1.005750,1219.29
2024-05-01T05:00:00+00:00,1.005750,1.006350,1.004640,1.004840,1021.31
2024-05-01T06:00:00+00:00,1.004840,1.005750,1.004390,1.005320,777.46
2024-05-01T07:00:00+00:00,1.005320,1.005380,1.005000,1.005370,582.70
2024-05-01T08:00:00+00:00,1.005370,1.005500,1.004900,1.005020,736.72
2024-05-01T09:00:00+00:00,1.005020,1.005510,1.004590,1.005170,629.20
2024-05-01T10:00:00+00:00,1.005170,1.005680,1.004940,1.005110,720.60
2024-05-01T11:00:00+00:00,1.005110,1.005540,1.004060,1.004610,840.80
2024-05-01T12:00:00+00:00,1.004610,1.004940,1.003770,1.003820,916.39
2024-05-01T13:00:00+00:00,1.003820,1.004230,1.003360,1.003640,756.15
2024-05-01T14:00:00+00:00,1.003640,1.004000,1.003150,1.003380,736.92
2024-05-01T15:00:00+00:00,1.003380,1.003900,1.001980,1.002300,1117.38
2024-05-01T16:00:00+00:00,1.002300,1.002550,1.002050,1.002390,545.24
2024-05-01T17:00:00+00:00,1.002390,1.004270,1.001690,1.004250,1609.06
2024-05-01T18:00:00+00:00,1.004250,1.005180,1.003650,1.005070,1095.13
2024-05-01T19:00:00+00:00,1.005070,1.006460,1.004500,1.006240,1267.78
2024-05-01T20:00:00+00:00,1.006240,1.007690,1.005720,1.007330,1125.06
2024-05-01T21:00:00+00:00,1.007330,1.007680,1.006910,1.006990,843.90
2024-05-01T22:00:00+00:00,1.006990,1.007540,1.005560,1.006330,832.72
2024-05-01T23:00:00+00:00,1.006330,1.007050,1.005530,1.006880,773.41
2024-05-02T00:00:00+00:00,1.006880,1.007740,1.006400,1.007380,769.40
2024-05-02T01:00:00+00:00,1.007380,1.008990,1.007360,1.008490,1156.94
2024-05-02T02:00:00+00:00,1.008490,1.010130,1.008060,1.010030,1433.51
2024-05-02T03:00:00+00:00,1.010030,1.010420,1.009440,1.009760,833.79
2024-05-02T04:00:00+00:00,1.009760,1.009990,1.008820,1.009210,898.73
2024-05-02T05:00:00+00:00,1.009210,1.009320,1.008020,1.008310,1138.89
2024-05-02T06:00:00+00:00,1.008310,1.009140,1.007440,1.008750,821.09
2024-05-02T07:00:00+00:00,1.008750,1.009970,1.008180,1.009490,908.02
2024-05-02T08:00:00+00:00,1.009490,1.010300,1.008630,1.010020,900.33
2024-05-02T09:00:00+00:00,1.010020,1.010030,1.009850,1.009900,567.76
2024-05-02T10:00:00+00:00,1.009900,1.010900,1.009770,1.010470,885.25
2024-05-02T11:00:00+00:00,1.010470,1.010870,1.010030,1.010380,571.61
2024-05-02T12:00:00+00:00,1.010380,1.010490,1.009020,1.009510,1008.14
2024-05-02T13:00:00+00:00,1.009510,1.010790,1.009350,1.010190,888.85
2024-05-02T14:00:00+00:00,1.010190,1.011060,1.009930,1.010720,941.64
2024-05-02T15:00:00+00:00,1.010720,1.010770,1.009500,1.010060,1021.73
2024-05-02T16:00:00+00:00,1.010060,1.011680,1.009780,1.011130,1083.57
2024-05-02T17:00:00+00:00,1.011130,1.011660,1.010690,1.011610,758.06
2024-05-02T18:00:00+00:00,1.011610,1.011820,1.010330,1.010900,974.07
2024-05-02T19:00:00+00:00,1.010900,1.011810,1.010270,1.011290,893.84
2024-05-02T20:00:00+00:00,1.011290,1.012660,1.010550,1.012100,1100.71
2024-05-02T21:00:00+00:00,1.012100,1.013370,1.011700,1.012590,922.22
2024-05-02T22:00:00+00:00,1.012590,1.012900,1.011590,1.012030,927.05
2024-05-02T23:00:00+00:00,1.012030,1.012830,1.011240,1.011480,782.96
2024-05-03T00:00:00+00:00,1.011480,1.011710,1.011220,1.011480,633.86
2024-05-03T01:00:00+00:00,1.011480,1.012030,1.010620,1.011370,581.40
2024-05-03T02:00:00+00:00,1.011370,1.011710,1.010170,1.010640,888.11
2024-05-03T03:00:00+00:00,1.010640,1.010790,1.009900,1.010470,722.42
2024-05-03T04:00:00+00:00,1.010470,1.011000,1.009840,1.010560,551.31
2024-05-03T05:00:00+00:00,1.010560,1.010620,1.010420,1.010570,509.56
2024-05-03T06:00:00+00:00,1.010570,1.010930,1.009740,1.009930,954.72
2024-05-03T07:00:00+00:00,1.009930,1.010920,1.009470,1.010360,787.98
2024-05-03T08:00:00+00:00,1.010360,1.012580,1.010030,1.012130,1706.53
2024-05-03T09:00:00+00:00,1.012130,1.012390,1.011760,1.011900,583.25
2024-05-03T10:00:00+00:00,1.011900,1.012220,1.011410,1.011860,630.23
2024-05-03T11:00:00+00:00,1.011860,1.012040,1.011360,1.011720,740.40
2024-05-03T12:00:00+00:00,1.011720,1.011860,1.009960,1.010440,1185.07
2024-05-03T13:00:00+00:00,1.010440,1.011140,1.009860,1.010360,788.55
2024-05-03T14:00:00+00:00,1.010360,1.011030,1.009400,1.009810,816.99
2024-05-03T15:00:00+00:00,1.009810,1.009900,1.008510,1.008670,1075.10
2024-05-03T16:00:00+00:00,1.008670,1.009130,1.007420,1.008220,651.00
2024-05-03T17:00:00+00:00,1.008220,1.009000,1.008170,1.008390,870.72
2024-05-03T18:00:00+00:00,1.008390,1.008860,1.006730,1.006890,1294.82
2024-05-03T19:00:00+00:00,1.006890,1.007500,1.005950,1.006200,868.07
2024-05-03T20:00:00+00:00,1.006200,1.007540,1.005680,1.006870,993.23
2024-05-03T21:00:00+00:00,1.006870,1.007350,1.006680,1.006920,823.08
2024-05-03T22:00:00+00:00,1.006920,1.007850,1.004980,1.005850,919.29
2024-05-03T23:00:00+00:00,1.005850,1.006860,1.005710,1.006610,1067.30
2024-05-04T00:00:00+00:00,1.006610,1.007370,1.006240,1.007080,911.14
2024-05-04T01:00:00+00:00,1.007080,1.007870,1.006220,1.006960,686.96
2024-05-04T02:00:00+00:00,1.006960,1.007390,1.005760,1.006030,895.89
2024-05-04T03:00:00+00:00,1.006030,1.006500,1.005180,1.005560,748.85
2024-05-04T04:00:00+00:00,1.005560,1.005830,1.005120,1.005410,642.31
2024-05-04T05:00:00+00:00,1.005410,1.005620,1.005370,1.005600,866.56
2024-05-04T06:00:00+00:00,1.005600,1.006440,1.005480,1.006070,984.96
2024-05-04T07:00:00+00:00,1.006070,1.006200,1.005490,1.005930,578.14
2024-05-04T08:00:00+00:00,1.005930,1.006680,1.004200,1.004880,941.05
2024-05-04T09:00:00+00:00,1.004880,1.005170,1.004480,1.004570,536.82
2024-05-04T10:00:00+00:00,1.004570,1.005230,1.004320,1.005150,935.84
2024-05-04T11:00:00+00:00,1.005150,1.005330,1.004590,1.005230,745.48
2024-05-04T12:00:00+00:00,1.005230,1.005720,1.004460,1.004660,756.70
2024-05-04T13:00:00+00:00,1.004660,1.005470,1.004380,1.004970,855.50
2024-05-04T14:00:00+00:00,1.004970,1.005110,1.003830,1.004540,717.36
2024-05-04T15:00:00+00:00,1.004540,1.004750,1.003940,1.004530,643.69
2024-05-04T16:00:00+00:00,1.004530,1.005270,1.003660,1.003760,851.02
2024-05-04T17:00:00+00:00,1.003760,1.003970,1.002470,1.002600,1069.65
2024-05-04T18:00:00+00:00,1.002600,1.002860,1.002390,1.002720,826.44
2024-05-04T19:00:00+00:00,1.002720,1.002750,1.001880,1.002280,761.82
2024-05-04T20:00:00+00:00,1.002280,1.002960,0.999490,1.000730,1147.78
2024-05-04T21:00:00+00:00,1.000730,1.000960,1.000170,1.000190,816.70
2024-05-04T22:00:00+00:00,1.000190,1.000720,0.999020,0.999050,1103.73
2024-05-04T23:00:00+00:00,0.999050,1.000870,0.998790,1.000040,1174.95
