timestamp,open,high,low,close,volume
2024-01-01T00:00:00+00:00,150.000000,150.220570,149.937190,150.156050,1336.10
2024-01-01T01:00:00+00:00,150.156050,150.374560,150.046900,150.276900,1128.98
2024-01-01T02:00:00+00:00,150.276900,150.291100,150.268960,150.274840,784.78
2024-01-01T03:00:00+00:00,150.274840,150.385280,150.233680,150.364900,956.60
2024-01-01T04:00:00+00:00,150.364900,150.429120,150.329780,150.425240,670.87
2024-01-01T05:00:00+00:00,150.425240,150.514270,150.363860,150.454060,601.56
2024-01-01T06:00:00+00:00,150.454060,150.497080,150.417130,150.492500,676.92
2024-01-01T07:00:00+00:00,150.492500,150.563300,150.283610,150.385690,1205.26
2024-01-01T08:00:00+00:00,150.385690,150.468760,150.339490,150.440600,706.11
2024-01-01T09:00:00+00:00,150.440600,150.517870,150.386520,150.475760,554.56
2024-01-01T10:00:00+00:00,150.475760,150.611060,150.420740,150.558540,884.06
2024-01-01T11:00:00+00:00,150.558540,150.602560,150.523730,150.554790,800.37
2024-01-01T12:00:00+00:00,150.554790,150.688530,150.537440,150.651300,900.63
2024-01-01T13:00:00+00:00,150.651300,150.820310,150.581930,150.778550,1098.58
2024-01-01T14:00:00+00:00,150.778550,150.822150,150.508700,150.607380,1678.87
2024-01-01T15:00:00+00:00,150.607380,150.822820,150.573850,150.782300,1342.71
2024-01-01T16:00:00+00:00,150.782300,150.811090,150.722660,150.756910,849.08
2024-01-01T17:00:00+00:00,150.756910,150.800290,150.733780,150.772290,758.20
2024-01-01T18:00:00+00:00,150.772290,150.856090,150.726610,150.835660,830.68
2024-01-01T19:00:00+00:00,150.835660,150.995490,150.792550,150.935400,1051.85
2024-01-01T20:00:00+00:00,150.935400,151.010310,150.904840,151.005550,854.57
2024-01-01T21:00:00+00:00,151.005550,151.196310,150.975700,151.109510,1022.27
2024-01-01T22:00:00+00:00,151.109510,151.150290,151.074530,151.096320,818.69
2024-01-01T23:00:00+00:00,151.096320,151.314850,151.019020,151.256270,1314.74
2024-01-02T00:00:00+00:00,151.256270,151.533880,151.233640,151.439410,1455.43
2024-01-02T01:00:00+00:00,151.439410,151.635880,151.343560,151.535400,1013.33
2024-01-02T02:00:00+00:00,151.535400,151.613910,151.530690,151.572020,564.42
2024-01-02T03:00:00+00:00,151.572020,151.597360,151.527060,151.560190,798.37
2024-01-02T04:00:00+00:00,151.560190,151.583820,151.469070,151.545630,833.16
2024-01-02T05:00:00+00:00,151.545630,151.673240,151.506890,151.665110,1139.37
2024-01-02T06:00:00+00:00,151.665110,151.692380,151.653740,151.659780,733.59
2024-01-02T07:00:00+00:00,151.659780,151.754160,151.592110,151.701610,667.61
2024-01-02T08:00:00+00:00,151.701610,152.028010,151.670180,151.908990,1576.12
2024-01-02T09:00:00+00:00,151.908990,151.951760,151.830880,151.914590,798.85
2024-01-02T10:00:00+00:00,151.914590,151.993430,151.865950,151.987200,778.84
2024-01-02T11:00:00+00:00,151.987200,151.988000,151.898770,151.959930,939.11
2024-01-02T12:00:00+00:00,151.959930,152.001270,151.879300,151.922570,937.09
2024-01-02T13:00:00+00:00,151.922570,151.964680,151.857730,151.870880,920.43
2024-01-02T14:00:00+00:00,151.870880,152.024180,151.841410,151.919920,632.18
2024-01-02T15:00:00+00:00,151.919920,152.046920,151.886740,152.028860,955.05
2024-01-02T16:00:00+00:00,152.028860,152.182630,151.981080,152.130620,1042.02
2024-01-02T17:00:00+00:00,152.130620,152.146180,152.096350,152.143640,732.90
2024-01-02T18:00:00+00:00,152.143640,152.242740,152.138300,152.187150,704.44
2024-01-02T19:00:00+00:00,152.187150,152.204700,152.166790,152.203280,567.25
2024-01-02T20:00:00+00:00,152.203280,152.232970,152.171660,152.177780,950.65
2024-01-02T21:00:00+00:00,152.177780,152.249720,152.127670,152.199000,588.19
2024-01-02T22:00:00+00:00,152.199000,152.324430,152.179920,152.299010,1056.48
2024-01-02T23:00:00+00:00,152.299010,152.419620,152.212660,152.370620,883.05
2024-01-03T00:00:00+00:00,152.370620,152.421780,152.323950,152.364050,695.38
2024-01-03T01:00:00+00:00,152.364050,152.437380,152.363160,152.384530,554.83
2024-01-03T02:00:00+00:00,152.384530,152.442920,152.275660,152.323300,1021.94
2024-01-03T03:00:00+00:00,152.323300,152.413870,152.099190,152.141200,1577.51
2024-01-03T04:00:00+00:00,152.141200,152.183030,152.021340,152.100970,862.65
2024-01-03T05:00:00+00:00,152.100970,152.171400,152.078520,152.156200,833.78
2024-01-03T06:00:00+00:00,152.156200,152.260920,152.102870,152.206730,775.29
2024-01-03T07:00:00+00:00,152.206730,152.230930,152.191740,152.192060,819.84
2024-01-03T08:00:00+00:00,152.192060,152.211340,152.171830,152.192430,677.84
2024-01-03T09:00:00+00:00,152.192430,152.312490,152.164760,152.294450,884.91
2024-01-03T10:00:00+00:00,152.294450,152.353820,152.279430,152.340760,612.95
2024-01-03T11:00:00+00:00,152.340760,152.439140,152.303490,152.404490,738.40
2024-01-03T12:00:00+00:00,152.404490,152.707480,152.307820,152.607450,1520.68
2024-01-03T13:00:00+00:00,152.607450,152.675300,152.562490,152.646830,662.49
2024-01-03T14:00:00+00:00,152.646830,152.716360,152.598840,152.681390,587.57
2024-01-03T15:00:00+00:00,152.681390,152.774520,152.653680,152.708310,537.32
2024-01-03T16:00:00+00:00,152.708310,152.835190,152.684710,152.774530,828.59
2024-01-03T17:00:00+00:00,152.774530,152.826850,152.709420,152.807050,568.23
2024-01-03T18:00:00+00:00,152.807050,152.927120,152.711960,152.910540,1022.56
2024-01-03T19:00:00+00:00,152.910540,152.939560,152.846510,152.896060,658.68
2024-01-03T20:00:00+00:00,152.896060,152.979210,152.840800,152.863410,713.58
2024-01-03T21:00:00+00:00,152.863410,152.904150,152.839260,152.897150,763.68
2024-01-03T22:00:00+00:00,152.897150,152.982950,152.886120,152.951050,820.46
2024-01-03T23:00:00+00:00,152.951050,152.969370,152.903360,152.909540,902.17
2024-01-04T00:00:00+00:00,152.909540,153.022210,152.862960,152.959300,917.79
2024-01-04T01:00:00+00:00,152.959300,153.046210,152.872160,153.020280,807.59
2024-01-04T02:00:00+00:00,153.020280,153.098490,153.009030,153.069430,848.65
2024-01-04T03:00:00+00:00,153.069430,153.078210,152.903170,152.958300,1080.35
2024-01-04T04:00:00+00:00,152.958300,153.097080,152.915390,153.090760,1235.25
2024-01-04T05:00:00+00:00,153.090760,153.249470,153.016810,153.181190,981.50
2024-01-04T06:00:00+00:00,153.181190,153.411750,153.154670,153.337420,1415.36
2024-01-04T07:00:00+00:00,153.337420,153.444820,153.292940,153.383940,758.98
2024-01-04T08:00:00+00:00,153.383940,153.393770,153.327460,153.341640,892.00
2024-01-04T09:00:00+00:00,153.341640,153.378080,153.285640,153.325940,724.53
2024-01-04T10:00:00+00:00,153.325940,153.393060,153.276840,153.330100,670.02
2024-01-04T11:00:00+00:00,153.330100,153.392530,153.256810,153.263980,934.72
2024-01-04T12:00:00+00:00,153.263980,153.298460,153.186730,153.210990,870.52
2024-01-04T13:00:00+00:00,153.210990,153.362500,153.172960,153.333740,1204.97
2024-01-04T14:00:00+00:00,153.333740,153.406490,153.264080,153.314550,792.73
2024-01-04T15:00:00+00:00,153.314550,153.365300,153.284370,153.332670,735.32
2024-01-04T16:00:00+00:00,153.332670,153.397530,153.290730,153.338820,590.90
2024-01-04T17:00:00+00:00,153.338820,153.507020,153.332810,153.454150,1193.64
2024-01-04T18:00:00+00:00,153.454150,153.526890,153.371130,153.483370,823.59
2024-01-04T19:00:00+00:00,153.483370,153.490170,153.376420,153.419210,970.36
2024-01-04T20:00:00+00:00,153.419210,153.462630,153.309750,153.343820,945.99
2024-01-04T21:00:00+00:00,153.343820,153.368830,153.263160,153.302130,881.33
2024-01-04T22:00:00+00:00,153.302130,153.450590,153.196070,153.433470,1189.25
2024-01-04T23:00:00+00:00,153.433470,153.575330,153.378980,153.498270,961.06
2024-01-05T00:00:00+00:00,153.498270,153.510640,153.409660,153.463650,729.26
2024-01-05T01:00:00+00:00,153.463650,153.602180,153.455680,153.549750,937.40
2024-01-05T02:00:00+00:00,153.549750,153.618730,153.536060,153.600990,830.42
2024-01-05T03:00:00+00:00,153.600990,153.736560,153.536880,153.706740,1149.43
2024-01-05T04:00:00+00:00,153.706740,153.813180,153.627450,153.790670,963.05
2024-01-05T05:00:00+00:00,153.790670,153.862760,153.776520,153.797210,708.56
2024-01-05T06:00:00+00:00,153.797210,153.797900,153.767420,153.784200,746.97
2024-01-05T07:00:00+00:00,153.784200,153.998210,153.771660,153.926360,1262.46
2024-01-05T08:00:00+00:00,153.926360,153.934670,153.855660,153.894280,669.78
2024-01-05T09:00:00+00:00,153.894280,153.980320,153.830290,153.903610,621.92
2024-01-05T10:00:00+00:00,153.903610,153.937570,153.877280,153.917570,673.24
2024-01-05T11:00:00+00:00,153.917570,153.993380,153.749410,153.807430,1143.33
2024-01-05T12:00:00+00:00,153.807430,153.888360,153.781280,153.827480,659.10
2024-01-05T13:00:00+00:00,153.827480,153.928150,153.741740,153.881730,894.04
2024-01-05T14:00:00+00:00,153.881730,153.896050,153.808270,153.854460,709.49
2024-01-05T15:00:00+00:00,153.854460,153.941800,153.848280,153.917110,936.56
2024-01-05T16:00:00+00:00,153.917110,153.942250,153.875920,153.895030,709.23
2024-01-05T17:00:00+00:00,153.895030,153.918510,153.769690,153.802170,1151.26
2024-01-05T18:00:00+00:00,153.802170,153.834500,153.761050,153.812980,706.65
2024-01-05T19:00:00+00:00,153.812980,153.848280,153.710120,153.771540,751.73
2024-01-05T20:00:00+00:00,153.771540,153.819970,153.737060,153.763130,618.33
2024-01-05T21:00:00+00:00,153.763130,153.804570,153.716030,153.760310,583.33
2024-01-05T22:00:00+00:00,153.760310,153.806860,153.704960,153.774900,733.68
2024-01-05T23:00:00+00:00,153.774900,153.923010,153.723030,153.860880,1069.96
2024-01-06T00:00:00+00:00,153.860880,153.978920,153.832640,153.896000,711.12
2024-01-06T01:00:00+00:00,153.896000,153.999560,153.882710,153.987730,1051.22
2024-01-06T02:00:00+00:00,153.987730,153.992020,153.899510,153.933840,801.38
2024-01-06T03:00:00+00:00,153.933840,154.011030,153.905790,153.939640,572.87
2024-01-06T04:00:00+00:00,153.939640,154.048480,153.894590,154.041050,1043.04
2024-01-06T05:00:00+00:00,154.041050,154.124780,153.968680,154.117810,1031.26
2024-01-06T06:00:00+00:00,154.117810,154.121530,154.080430,154.116360,520.70
2024-01-06T07:00:00+00:00,154.116360,154.165310,154.082550,154.146100,820.13
2024-01-06T08:00:00+00:00,154.146100,154.390940,154.144950,154.296370,1576.06
2024-01-06T09:00:00+00:00,154.296370,154.390950,154.134120,154.192940,886.73
2024-01-06T10:00:00+00:00,154.192940,154.205700,154.169590,154.205010,767.93
2024-01-06T11:00:00+00:00,154.205010,154.294980,154.156340,154.265330,1069.04
2024-01-06T12:00:00+00:00,154.265330,154.336410,154.185790,154.301690,873.55
2024-01-06T13:00:00+00:00,154.301690,154.468500,154.187050,154.432100,1428.22
2024-01-06T14:00:00+00:00,154.432100,154.573250,154.419690,154.472610,997.48
2024-01-06T15:00:00+00:00,154.472610,154.512310,154.413780,154.446490,633.81
2024-01-06T16:00:00+00:00,154.446490,154.489450,154.435230,154.476590,825.20
2024-01-06T17:00:00+00:00,154.476590,154.626540,154.387340,154.583680,1362.74
2024-01-06T18:00:00+00:00,154.583680,154.641620,154.509680,154.573010,588.89
2024-01-06T19:00:00+00:00,154.573010,154.668260,154.560500,154.667930,1253.91
2024-01-06T20:00:00+00:00,154.667930,154.808230,154.663540,154.767330,1237.99
2024-01-06T21:00:00+00:00,154.767330,154.772860,154.624720,154.654480,1086.39
2024-01-06T22:00:00+00:00,154.654480,154.735100,154.505750,154.547010,928.74
2024-01-06T23:00:00+00:00,154.547010,154.607200,154.452570,154.533660,637.51
2024-01-07T00:00:00+00:00,154.533660,154.588050,154.416270,154.447530,818.37
2024-01-07T01:00:00+00:00,154.447530,154.515530,154.298960,154.352220,1022.64
2024-01-07T02:00:00+00:00,154.352220,154.508510,154.304340,154.440470,1270.58
2024-01-07T03:00:00+00:00,154.440470,154.471930,154.361840,154.375960,713.03
2024-01-07T04:00:00+00:00,154.375960,154.461050,154.235480,154.301770,850.61
2024-01-07T05:00:00+00:00,154.301770,154.346410,154.292250,154.340560,854.01
2024-01-07T06:00:00+00:00,154.340560,154.493680,154.258300,154.435480,1168.06
2024-01-07T07:00:00+00:00,154.435480,154.482380,154.366390,154.448630,872.64
2024-01-07T08:00:00+00:00,154.448630,154.481220,154.400640,154.462720,846.09
2024-01-07T09:00:00+00:00,154.462720,154.503930,154.335930,154.386830,931.46
2024-01-07T10:00:00+00:00,154.386830,154.403370,154.306650,154.375900,723.43
2024-01-07T11:00:00+00:00,154.375900,154.483950,154.301250,154.460570,1204.01
2024-01-07T12:00:00+00:00,154.460570,154.681750,154.396360,154.626040,1513.32
2024-01-07T13:00:00+00:00,154.626040,154.631200,154.576700,154.595870,611.51
2024-01-07T14:00:00+00:00,154.595870,154.598740,154.417390,154.497860,1019.36
2024-01-07T15:00:00+00:00,154.497860,154.516750,154.298420,154.377100,984.37
2024-01-07T16:00:00+00:00,154.377100,154.430090,154.359600,154.366330,642.29
2024-01-07T17:00:00+00:00,154.366330,154.445060,154.301580,154.393720,947.86
2024-01-07T18:00:00+00:00,154.393720,154.454690,154.350730,154.414080,779.80
2024-01-07T19:00:00+00:00,154.414080,154.444280,154.281600,154.313240,1063.97
2024-01-07T20:00:00+00:00,154.313240,154.451730,154.293240,154.397950,1219.35
2024-01-07T21:00:00+00:00,154.397950,154.472220,154.350970,154.354310,650.40
2024-01-07T22:00:00+00:00,154.354310,154.355780,154.294620,154.297040,731.61
2024-01-07T23:00:00+00:00,154.297040,154.339800,154.223040,154.282900,739.25
2024-01-08T00:00:00+00:00,154.282900,154.283810,154.198810,154.213030,716.85
2024-01-08T01:00:00+00:00,154.213030,154.223180,154.183330,154.210370,746.08
2024-01-08T02:00:00+00:00,154.210370,154.235570,154.147640,154.207110,765.17
2024-01-08T03:00:00+00:00,154.207110,154.311950,154.149300,154.251190,879.78
2024-01-08T04:00:00+00:00,154.251190,154.283650,154.223180,154.228840,591.92
2024-01-08T05:00:00+00:00,154.228840,154.306020,154.213480,154.246740,786.53
2024-01-08T06:00:00+00:00,154.246740,154.252910,154.221980,154.250680,851.69
2024-01-08T07:00:00+00:00,154.250680,154.277120,154.220120,154.264980,751.30
2024-01-08T08:00:00+00:00,154.264980,154.291500,154.198230,154.219400,683.64
2024-01-08T09:00:00+00:00,154.219400,154.239040,154.101560,154.154120,880.01
2024-01-08T10:00:00+00:00,154.154120,154.304020,154.064680,154.278130,1298.00
2024-01-08T11:00:00+00:00,154.278130,154.330580,154.237800,154.298080,930.31
2024-01-08T12:00:00+00:00,154.298080,154.303740,154.188300,154.219150,844.75
2024-01-08T13:00:00+00:00,154.219150,154.301700,154.164170,154.238860,766.26
2024-01-08T14:00:00+00:00,154.238860,154.265920,154.199680,154.212080,557.80
2024-01-08T15:00:00+00:00,154.212080,154.224820,154.169570,154.201130,664.88
2024-01-08T16:00:00+00:00,154.201130,154.239590,154.042850,154.081430,1119.73
2024-01-08T17:00:00+00:00,154.081430,154.120590,154.007280,154.063420,686.27
2024-01-08T18:00:00+00:00,154.063420,154.137540,154.050190,154.114450,1037.79
2024-01-08T19:00:00+00:00,154.114450,154.150700,154.066170,154.129810,837.67
2024-01-08T20:00:00+00:00,154.129810,154.131290,154.083900,154.105710,594.68
2024-01-08T21:00:00+00:00,154.105710,154.156380,154.076800,154.129660,880.03
2024-01-08T22:00:00+00:00,154.129660,154.180980,153.816470,153.918180,1617.18
2024-01-08T23:00:00+00:00,153.918180,153.985100,153.800200,153.853810,779.11
2024-01-09T00:00:00+00:00,153.853810,153.917680,153.712480,153.737830,1047.96
2024-01-09T01:00:00+00:00,153.737830,153.838010,153.701230,153.762880,795.23
2024-01-09T02:00:00+00:00,153.762880,153.825630,153.688600,153.778270,866.52
2024-01-09T03:00:00+00:00,153.778270,153.778290,153.658640,153.684330,1020.29
2024-01-09T04:00:00+00:00,153.684330,153.764890,153.541660,153.574530,1075.90
2024-01-09T05:00:00+00:00,153.574530,153.737620,153.563660,153.722940,1542.16
2024-01-09T06:00:00+00:00,153.722940,153.805050,153.556900,153.621320,912.58
2024-01-09T07:00:00+00:00,153.621320,153.712710,153.609960,153.679370,951.64
2024-01-09T08:00:00+00:00,153.679370,153.713550,153.679110,153.685770,756.77
2024-01-09T09:00:00+00:00,153.685770,153.723680,153.636180,153.659490,556.27
2024-01-09T10:00:00+00:00,153.659490,153.666480,153.603460,153.622330,606.53
2024-01-09T11:00:00+00:00,153.622330,153.694940,153.620330,153.689390,978.59
2024-01-09T12:00:00+00:00,153.689390,153.834680,153.641920,153.833500,1380.80
2024-01-09T13:00:00+00:00,153.833500,153.887870,153.795990,153.871910,908.29
2024-01-09T14:00:00+00:00,153.871910,153.981760,153.838820,153.908780,1012.81
2024-01-09T15:00:00+00:00,153.908780,153.960960,153.905670,153.923450,785.75
2024-01-09T16:00:00+00:00,153.923450,153.972460,153.857640,153.858810,696.83
2024-01-09T17:00:00+00:00,153.858810,153.861810,153.647990,153.727680,1146.23
2024-01-09T18:00:00+00:00,153.727680,153.780600,153.689230,153.765040,952.04
2024-01-09T19:00:00+00:00,153.765040,153.812040,153.731830,153.747320,921.72
2024-01-09T20:00:00+00:00,153.747320,153.920020,153.721710,153.864040,962.96
2024-01-09T21:00:00+00:00,153.864040,153.906900,153.827040,153.886360,690.05
2024-01-09T22:00:00+00:00,153.886360,154.118030,153.875960,154.041880,1224.32
2024-01-09T23:00:00+00:00,154.041880,154.074170,153.964220,154.030020,761.86
2024-01-10T00:00:00+00:00,154.030020,154.127540,154.018820,154.092480,731.00
2024-01-10T01:00:00+00:00,154.092480,154.215870,154.075230,154.167530,740.84
2024-01-10T02:00:00+00:00,154.167530,154.269720,154.126650,154.218950,716.52
2024-01-10T03:00:00+00:00,154.218950,154.239330,154.134960,154.197460,800.59
2024-01-10T04:00:00+00:00,154.197460,154.265570,154.172710,154.225780,698.93
2024-01-10T05:00:00+00:00,154.225780,154.251820,154.224610,154.249150,635.15
2024-01-10T06:00:00+00:00,154.249150,154.275560,154.175430,154.214470,962.02
2024-01-10T07:00:00+00:00,154.214470,154.377280,154.152150,154.343290,1152.10
2024-01-10T08:00:00+00:00,154.343290,154.427100,154.276280,154.361050,698.29
2024-01-10T09:00:00+00:00,154.361050,154.577970,154.335640,154.571000,1452.88
2024-01-10T10:00:00+00:00,154.571000,154.601950,154.502270,154.529950,922.67
2024-01-10T11:00:00+00:00,154.529950,154.657300,154.491490,154.636750,918.37
2024-01-10T12:00:00+00:00,154.636750,154.725360,154.589280,154.721470,976.93
2024-01-10T13:00:00+00:00,154.721470,154.792250,154.683430,154.709500,775.22
2024-01-10T14:00:00+00:00,154.709500,154.816840,154.672040,154.778880,880.54
2024-01-10T15:00:00+00:00,154.778880,154.849090,154.754950,154.825590,631.17
2024-01-10T16:00:00+00:00,154.825590,154.957980,154.772350,154.950970,1159.29
2024-01-10T17:00:00+00:00,154.950970,155.090320,154.927050,155.049990,879.53
2024-01-10T18:00:00+00:00,155.049990,155.062600,155.000720,155.030180,745.65
2024-01-10T19:00:00+00:00,155.030180,155.056300,154.864750,154.930420,1272.01
2024-01-10T20:00:00+00:00,154.930420,154.949940,154.873400,154.910470,817.30
2024-01-10T21:00:00+00:00,154.910470,154.984900,154.793450,154.808870,1293.69
2024-01-10T22:00:00+00:00,154.808870,154.946100,154.794570,154.940040,1189.60
2024-01-10T23:00:00+00:00,154.940040,154.954610,154.781190,154.824550,1250.71
2024-01-11T00:00:00+00:00,154.824550,154.869220,154.801100,154.842720,699.23
2024-01-11T01:00:00+00:00,154.842720,154.868380,154.701560,154.768780,1094.33
2024-01-11T02:00:00+00:00,154.768780,154.839350,154.712910,154.784640,653.79
2024-01-11T03:00:00+00:00,154.784640,154.825940,154.745800,154.770220,804.05
2024-01-11T04:00:00+00:00,154.770220,154.866840,154.624060,154.702690,1130.88
2024-01-11T05:00:00+00:00,154.702690,154.790310,154.654190,154.787310,884.85
2024-01-11T06:00:00+00:00,154.787310,154.831820,154.750660,154.829210,661.90
2024-01-11T07:00:00+00:00,154.829210,154.929880,154.758720,154.890550,780.97
2024-01-11T08:00:00+00:00,154.890550,154.910210,154.883560,154.890910,764.74
2024-01-11T09:00:00+00:00,154.890910,154.937760,154.793960,154.865320,875.38
2024-01-11T10:00:00+00:00,154.865320,154.921130,154.703140,154.785340,1123.67
2024-01-11T11:00:00+00:00,154.785340,154.974100,154.749170,154.870900,853.07
2024-01-11T12:00:00+00:00,154.870900,154.930070,154.766730,154.797960,1085.34
2024-01-11T13:00:00+00:00,154.797960,154.801230,154.680280,154.734530,1095.05
2024-01-11T14:00:00+00:00,154.734530,154.909400,154.707680,154.816120,807.26
2024-01-11T15:00:00+00:00,154.816120,154.904250,154.741970,154.831600,576.40
2024-01-11T16:00:00+00:00,154.831600,154.849230,154.754910,154.773840,990.76
2024-01-11T17:00:00+00:00,154.773840,154.775490,154.731660,154.754080,827.97
2024-01-11T18:00:00+00:00,154.754080,154.802830,154.626780,154.673010,1056.64
2024-01-11T19:00:00+00:00,154.673010,154.757580,154.664970,154.705250,649.16
2024-01-11T20:00:00+00:00,154.705250,154.757090,154.697410,154.745750,659.73
2024-01-11T21:00:00+00:00,154.745750,154.776830,154.737830,154.739930,764.58
2024-01-11T22:00:00+00:00,154.739930,154.797260,154.707920,154.787780,707.20
2024-01-11T23:00:00+00:00,154.787780,154.874580,154.732900,154.818920,669.04
2024-01-12T00:00:00+00:00,154.818920,154.841110,154.801040,154.827230,635.58
2024-01-12T01:00:00+00:00,154.827230,154.982220,154.798270,154.909290,927.61
2024-01-12T02:00:00+00:00,154.909290,154.937000,154.884830,154.922530,612.63
2024-01-12T03:00:00+00:00,154.922530,154.938850,154.846280,154.876350,950.21
2024-01-12T04:00:00+00:00,154.876350,154.902030,154.833410,154.880190,708.79
2024-01-12T05:00:00+00:00,154.880190,154.919770,154.806820,154.822310,1042.15
2024-01-12T06:00:00+00:00,154.822310,155.027330,154.768980,154.951000,1147.43
2024-01-12T07:00:00+00:00,154.951000,155.065750,154.905410,155.034600,815.15
2024-01-12T08:00:00+00:00,155.034600,155.107170,155.033000,155.074160,664.79
2024-01-12T09:00:00+00:00,155.074160,155.165490,154.996860,155.149630,887.38
2024-01-12T10:00:00+00:00,155.149630,155.369430,155.114140,155.338400,1476.67
2024-01-12T11:00:00+00:00,155.338400,155.397690,155.281050,155.312970,818.35
2024-01-12T12:00:00+00:00,155.312970,155.364460,155.240580,155.275390,863.53
2024-01-12T13:00:00+00:00,155.275390,155.489750,155.190620,155.398530,1048.72
2024-01-12T14:00:00+00:00,155.398530,155.444300,155.269160,155.313910,1182.14
2024-01-12T15:00:00+00:00,155.313910,155.397930,155.291270,155.362470,703.18
2024-01-12T16:00:00+00:00,155.362470,155.379110,155.334920,155.354000,732.91
2024-01-12T17:00:00+00:00,155.354000,155.394600,155.337340,155.391380,578.97
2024-01-12T18:00:00+00:00,155.391380,155.428980,155.347250,155.359670,994.39
2024-01-12T19:00:00+00:00,155.359670,155.389320,155.332070,155.367830,638.07
2024-01-12T20:00:00+00:00,155.367830,155.455720,155.316090,155.385860,719.18
2024-01-12T21:00:00+00:00,155.385860,155.396130,155.306220,155.320830,1164.24
2024-01-12T22:00:00+00:00,155.320830,155.404440,155.317640,155.394950,817.95
2024-01-12T23:00:00+00:00,155.394950,155.659060,155.380590,155.550600,1253.20
2024-01-13T00:00:00+00:00,155.550600,155.567740,155.542320,155.550880,711.60
2024-01-13T01:00:00+00:00,155.550880,155.658470,155.510050,155.576100,579.54
2024-01-13T02:00:00+00:00,155.576100,155.645440,155.541220,155.588660,662.44
2024-01-13T03:00:00+00:00,155.588660,155.654320,155.394620,155.479800,1364.67
2024-01-13T04:00:00+00:00,155.479800,155.569540,155.464000,155.536820,645.62
2024-01-13T05:00:00+00:00,155.536820,155.726130,155.461470,155.664220,1096.91
2024-01-13T06:00:00+00:00,155.664220,155.868310,155.573080,155.771290,921.77
2024-01-13T07:00:00+00:00,155.771290,155.961070,155.719010,155.909700,1158.90
2024-01-13T08:00:00+00:00,155.909700,155.996790,155.846790,155.898650,746.08
2024-01-13T09:00:00+00:00,155.898650,155.937090,155.824520,155.839490,975.40
2024-01-13T10:00:00+00:00,155.839490,155.886300,155.750670,155.810500,920.68
2024-01-13T11:00:00+00:00,155.810500,155.814570,155.772250,155.788660,945.82
2024-01-13T12:00:00+00:00,155.788660,155.790820,155.756580,155.772570,819.94
2024-01-13T13:00:00+00:00,155.772570,155.785450,155.590970,155.638950,1341.30
2024-01-13T14:00:00+00:00,155.638950,155.673160,155.627460,155.666030,661.24
2024-01-13T15:00:00+00:00,155.666030,155.731800,155.627240,155.696370,572.05
2024-01-13T16:00:00+00:00,155.696370,155.983910,155.663720,155.865170,1232.66
2024-01-13T17:00:00+00:00,155.865170,156.087970,155.822130,156.023020,1215.78
2024-01-13T18:00:00+00:00,156.023020,156.136150,156.005890,156.078830,752.71
2024-01-13T19:00:00+00:00,156.078830,156.189060,156.034060,156.135350,711.09
2024-01-13T20:00:00+00:00,156.135350,156.222060,156.055010,156.153370,724.57
2024-01-13T21:00:00+00:00,156.153370,156.225280,156.115880,156.201510,790.41
2024-01-13T22:00:00+00:00,156.201510,156.394940,156.153980,156.342860,1246.53
2024-01-13T23:00:00+00:00,156.342860,156.522850,156.251230,156.486300,1111.38
2024-01-14T00:00:00+00:00,156.486300,156.625000,156.469560,156.596400,1007.94
2024-01-14T01:00:00+00:00,156.596400,156.662360,156.501080,156.585020,774.55
2024-01-14T02:00:00+00:00,156.585020,156.863750,156.501310,156.802090,1467.85
2024-01-14T03:00:00+00:00,156.802090,156.918910,156.540480,156.591960,1719.00
2024-01-14T04:00:00+00:00,156.591960,156.805630,156.528470,156.766400,1385.52
2024-01-14T05:00:00+00:00,156.766400,156.805200,156.641270,156.717060,1049.81
2024-01-14T06:00:00+00:00,156.717060,156.783510,156.678910,156.768980,670.02
2024-01-14T07:00:00+00:00,156.768980,156.925290,156.676980,156.829190,748.60
2024-01-14T08:00:00+00:00,156.829190,156.837990,156.813410,156.825060,845.30
2024-01-14T09:00:00+00:00,156.825060,156.862230,156.807870,156.842410,710.32
2024-01-14T10:00:00+00:00,156.842410,156.937450,156.779920,156.937130,1005.28
2024-01-14T11:00:00+00:00,156.937130,157.056190,156.915320,157.016910,916.29
2024-01-14T12:00:00+00:00,157.016910,157.121510,156.985180,157.096610,821.99
2024-01-14T13:00:00+00:00,157.096610,157.174310,156.924700,156.956130,1452.95
2024-01-14T14:00:00+00:00,156.956130,157.096580,156.949180,157.022650,771.66
2024-01-14T15:00:00+00:00,157.022650,157.163040,156.933700,157.105630,934.38
2024-01-14T16:00:00+00:00,157.105630,157.158510,157.071430,157.119780,763.58
2024-01-14T17:00:00+00:00,157.119780,157.147950,157.060390,157.108350,748.32
2024-01-14T18:00:00+00:00,157.108350,157.172070,156.991550,157.013400,1292.94
2024-01-14T19:00:00+00:00,157.013400,157.098850,157.003690,157.096680,958.07
2024-01-14T20:00:00+00:00,157.096680,157.097540,156.979780,157.045140,907.29
2024-01-14T21:00:00+00:00,157.045140,157.099120,157.013490,157.029200,829.82
2024-01-14T22:00:00+00:00,157.029200,157.137700,156.959020,157.117280,961.51
2024-01-14T23:00:00+00:00,157.117280,157.348610,157.071730,157.280320,1235.44
2024-01-15T00:00:00+00:00,157.280320,157.506760,157.219950,157.425660,1263.18
2024-01-15T01:00:00+00:00,157.425660,157.590880,157.383660,157.530440,912.74
2024-01-15T02:00:00+00:00,157.530440,157.562860,157.483190,157.517600,875.14
2024-01-15T03:00:00+00:00,157.517600,157.665150,157.510840,157.609500,1011.20
2024-01-15T04:00:00+00:00,157.609500,157.751210,157.564060,157.680330,822.18
2024-01-15T05:00:00+00:00,157.680330,157.734110,157.577960,157.582350,1245.14
2024-01-15T06:00:00+00:00,157.582350,157.630460,157.546310,157.589400,661.37
2024-01-15T07:00:00+00:00,157.589400,157.633400,157.546260,157.588560,691.21
2024-01-15T08:00:00+00:00,157.588560,157.768540,157.546360,157.709850,1005.19
2024-01-15T09:00:00+00:00,157.709850,157.734230,157.667520,157.721060,778.46
2024-01-15T10:00:00+00:00,157.721060,157.765080,157.610790,157.632300,1263.11
2024-01-15T11:00:00+00:00,157.632300,157.655090,157.583010,157.611350,842.14
2024-01-15T12:00:00+00:00,157.611350,157.746610,157.571400,157.677790,866.85
2024-01-15T13:00:00+00:00,157.677790,157.678350,157.586470,157.595630,1236.44
2024-01-15T14:00:00+00:00,157.595630,157.610540,157.513550,157.570100,798.08
2024-01-15T15:00:00+00:00,157.570100,157.632990,157.530790,157.581010,731.96
2024-01-15T16:00:00+00:00,157.581010,157.723370,157.579470,157.673900,996.22
2024-01-15T17:00:00+00:00,157.673900,157.795240,157.667410,157.769730,929.35
2024-01-15T18:00:00+00:00,157.769730,157.810910,157.682920,157.705940,977.43
2024-01-15T19:00:00+00:00,157.705940,157.758450,157.675440,157.715750,681.72
2024-01-15T20:00:00+00:00,157.715750,157.771080,157.462150,157.516560,1770.92
2024-01-15T21:00:00+00:00,157.516560,157.571170,157.482110,157.508530,721.18
2024-01-15T22:00:00+00:00,157.508530,157.539970,157.500910,157.517760,685.67
2024-01-15T23:00:00+00:00,157.517760,157.544220,157.479410,157.540290,706.54
2024-01-16T00:00:00+00:00,157.540290,157.588820,157.479220,157.493100,887.17
2024-01-16T01:00:00+00:00,157.493100,157.768600,157.419370,157.720820,1548.80
2024-01-16T02:00:00+00:00,157.720820,157.959040,157.697860,157.875060,1217.16
2024-01-16T03:00:00+00:00,157.875060,157.911350,157.819740,157.870780,681.49
2024-01-16T04:00:00+00:00,157.870780,158.105170,157.792750,158.038290,1276.64
2024-01-16T05:00:00+00:00,158.038290,158.117250,157.995860,158.003250,937.62
2024-01-16T06:00:00+00:00,158.003250,158.144120,157.953400,158.069620,830.20
2024-01-16T07:00:00+00:00,158.069620,158.150920,158.060890,158.116330,643.89
2024-01-16T08:00:00+00:00,158.116330,158.203740,158.076520,158.168960,799.27
2024-01-16T09:00:00+00:00,158.168960,158.333140,158.109400,158.254300,854.15
2024-01-16T10:00:00+00:00,158.254300,158.261420,158.079530,158.102450,1570.92
2024-01-16T11:00:00+00:00,158.102450,158.137690,158.022440,158.036000,997.05
2024-01-16T12:00:00+00:00,158.036000,158.036230,157.924060,157.946200,1226.94
2024-01-16T13:00:00+00:00,157.946200,158.046840,157.873080,158.031630,922.36
2024-01-16T14:00:00+00:00,158.031630,158.072420,157.966310,157.996650,843.01
2024-01-16T15:00:00+00:00,157.996650,158.041670,157.923520,157.935490,991.99
2024-01-16T16:00:00+00:00,157.935490,158.016400,157.871260,157.951260,660.39
2024-01-16T17:00:00+00:00,157.951260,158.052600,157.937280,158.039380,865.31
2024-01-16T18:00:00+00:00,158.039380,158.063940,158.014820,158.028630,747.39
2024-01-16T19:00:00+00:00,158.028630,158.203920,158.008800,158.156690,1103.08
2024-01-16T20:00:00+00:00,158.156690,158.223710,158.146870,158.209370,729.36
2024-01-16T21:00:00+00:00,158.209370,158.318920,158.172830,158.252660,595.12
2024-01-16T22:00:00+00:00,158.252660,158.461980,158.239230,158.410370,1311.44
2024-01-16T23:00:00+00:00,158.410370,158.442800,158.293030,158.309330,1181.12
2024-01-17T00:00:00+00:00,158.309330,158.387300,158.290030,158.340520,700.10
2024-01-17T01:00:00+00:00,158.340520,158.390490,158.300360,158.360220,543.15
2024-01-17T02:00:00+00:00,158.360220,158.477940,158.309500,158.419610,756.28
2024-01-17T03:00:00+00:00,158.419610,158.462880,158.377460,158.459060,636.74
2024-01-17T04:00:00+00:00,158.459060,158.683710,158.441090,158.650080,1382.01
2024-01-17T05:00:00+00:00,158.650080,158.807980,158.565740,158.731920,961.70
2024-01-17T06:00:00+00:00,158.731920,158.741920,158.721920,158.741800,668.82
2024-01-17T07:00:00+00:00,158.741800,158.943340,158.642820,158.866340,1101.31
2024-01-17T08:00:00+00:00,158.866340,158.901900,158.779300,158.822360,1046.48
2024-01-17T09:00:00+00:00,158.822360,158.899730,158.812440,158.862510,685.33
2024-01-17T10:00:00+00:00,158.862510,158.918120,158.730060,158.749670,1315.96
2024-01-17T11:00:00+00:00,158.749670,158.855550,158.731150,158.775820,573.51
2024-01-17T12:00:00+00:00,158.775820,158.804300,158.666890,158.691930,1153.85
2024-01-17T13:00:00+00:00,158.691930,158.835930,158.626170,158.807310,1076.80
2024-01-17T14:00:00+00:00,158.807310,158.873010,158.765130,158.766510,915.32
2024-01-17T15:00:00+00:00,158.766510,158.836320,158.736880,158.827160,674.30
2024-01-17T16:00:00+00:00,158.827160,158.853080,158.747340,158.777950,985.50
2024-01-17T17:00:00+00:00,158.777950,158.803480,158.710980,158.733610,661.59
2024-01-17T18:00:00+00:00,158.733610,158.794600,158.647000,158.653940,934.95
2024-01-17T19:00:00+00:00,158.653940,158.667890,158.490040,158.547550,915.91
2024-01-17T20:00:00+00:00,158.547550,158.755380,158.484530,158.744770,1716.87
2024-01-17T21:00:00+00:00,158.744770,158.839030,158.744310,158.784500,1014.77
2024-01-17T22:00:00+00:00,158.784500,159.120050,158.760710,159.020750,1875.15
2024-01-17T23:00:00+00:00,159.020750,159.042050,158.911710,158.918200,904.17
2024-01-18T00:00:00+00:00,158.918200,158.998570,158.792650,158.858580,856.11
2024-01-18T01:00:00+00:00,158.858580,158.940530,158.825780,158.898710,923.05
2024-01-18T02:00:00+00:00,158.898710,158.932570,158.761420,158.828020,731.54
2024-01-18T03:00:00+00:00,158.828020,158.846950,158.733090,158.738150,924.14
2024-01-18T04:00:00+00:00,158.738150,158.882180,158.687100,158.807120,1158.73
2024-01-18T05:00:00+00:00,158.807120,158.843290,158.504010,158.598700,1523.44
2024-01-18T06:00:00+00:00,158.598700,158.671510,158.526960,158.555620,651.05
2024-01-18T07:00:00+00:00,158.555620,158.654960,158.545250,158.595760,881.46
2024-01-18T08:00:00+00:00,158.595760,158.598080,158.449940,158.497080,940.42
2024-01-18T09:00:00+00:00,158.497080,158.513680,158.377010,158.407970,823.40
2024-01-18T10:00:00+00:00,158.407970,158.477590,158.341150,158.471320,1000.32
2024-01-18T11:00:00+00:00,158.471320,158.562050,158.406710,158.535160,1033.10
2024-01-18T12:00:00+00:00,158.535160,158.552340,158.476260,158.514660,636.94
2024-01-18T13:00:00+00:00,158.514660,158.722760,158.491920,158.666890,1463.44
2024-01-18T14:00:00+00:00,158.666890,158.703000,158.634680,158.690940,784.73
2024-01-18T15:00:00+00:00,158.690940,158.727840,158.608840,158.672220,648.30
2024-01-18T16:00:00+00:00,158.672220,158.761190,158.659260,158.739950,1012.50
2024-01-18T17:00:00+00:00,158.739950,158.778780,158.633750,158.701230,609.39
2024-01-18T18:00:00+00:00,158.701230,158.744930,158.528410,158.611150,832.53
2024-01-18T19:00:00+00:00,158.611150,158.657600,158.579210,158.614080,842.76
2024-01-18T20:00:00+00:00,158.614080,158.642190,158.513880,158.529780,903.95
2024-01-18T21:00:00+00:00,158.529780,158.614960,158.300950,158.398490,1019.12
2024-01-18T22:00:00+00:00,158.398490,158.458790,158.239470,158.268950,1020.61
2024-01-18T23:00:00+00:00,158.268950,158.307670,158.048940,158.072720,1501.51
2024-01-19T00:00:00+00:00,158.072720,158.252250,158.059510,158.174970,1322.01
2024-01-19T01:00:00+00:00,158.174970,158.215150,157.952970,157.957260,1603.39
2024-01-19T02:00:00+00:00,157.957260,158.011010,157.800870,157.828550,1194.74
2024-01-19T03:00:00+00:00,157.828550,157.866610,157.666630,157.717790,1021.29
2024-01-19T04:00:00+00:00,157.717790,157.773350,157.595960,157.630990,968.07
2024-01-19T05:00:00+00:00,157.630990,157.649700,157.545840,157.580500,760.78
2024-01-19T06:00:00+00:00,157.580500,157.607800,157.546320,157.564860,612.92
2024-01-19T07:00:00+00:00,157.564860,157.587730,157.436600,157.530970,708.97
2024-01-19T08:00:00+00:00,157.530970,157.535920,157.482120,157.487350,651.01
2024-01-19T09:00:00+00:00,157.487350,157.642230,157.425420,157.589010,1240.62
2024-01-19T10:00:00+00:00,157.589010,157.610620,157.546370,157.548560,684.16
2024-01-19T11:00:00+00:00,157.548560,157.606120,157.360470,157.377530,1313.59
2024-01-19T12:00:00+00:00,157.377530,157.402160,157.311400,157.340800,641.09
2024-01-19T13:00:00+00:00,157.340800,157.451120,157.336560,157.409170,994.20
2024-01-19T14:00:00+00:00,157.409170,157.437500,157.385920,157.428940,865.21
2024-01-19T15:00:00+00:00,157.428940,157.474590,157.246880,157.323430,1030.01
2024-01-19T16:00:00+00:00,157.323430,157.369420,157.257920,157.351180,815.19
2024-01-19T17:00:00+00:00,157.351180,157.404450,157.284750,157.317220,598.84
2024-01-19T18:00:00+00:00,157.317220,157.421540,157.277570,157.419450,1156.10
2024-01-19T19:00:00+00:00,157.419450,157.449910,157.342450,157.435340,809.72
2024-01-19T20:00:00+00:00,157.435340,157.488080,157.336550,157.391780,690.02
2024-01-19T21:00:00+00:00,157.391780,157.408110,157.287010,157.291250,991.83
2024-01-19T22:00:00+00:00,157.291250,157.371190,157.207060,157.250300,645.07
2024-01-19T23:00:00+00:00,157.250300,157.310330,157.158640,157.215370,570.19
2024-01-20T00:00:00+00:00,157.215370,157.360650,157.202880,157.345500,1331.59
2024-01-20T01:00:00+00:00,157.345500,157.355500,157.299140,157.335470,788.06
2024-01-20T02:00:00+00:00,157.335470,157.356530,157.242530,157.261790,805.74
2024-01-20T03:00:00+00:00,157.261790,157.343130,157.227460,157.326800,1160.88
2024-01-20T04:00:00+00:00,157.326800,157.371940,157.291180,157.363780,881.32
2024-01-20T05:00:00+00:00,157.363780,157.536670,157.302810,157.484470,1405.10
2024-01-20T06:00:00+00:00,157.484470,157.552430,157.401130,157.502290,850.99
2024-01-20T07:00:00+00:00,157.502290,157.518920,157.450380,157.495160,680.36
2024-01-20T08:00:00+00:00,157.495160,157.587430,157.459000,157.561160,1161.26
2024-01-20T09:00:00+00:00,157.561160,157.636100,157.473130,157.553030,667.97
2024-01-20T10:00:00+00:00,157.553030,157.585680,157.451680,157.475930,874.99
2024-01-20T11:00:00+00:00,157.475930,157.563840,157.436510,157.538190,959.39
2024-01-20T12:00:00+00:00,157.538190,157.581880,157.519010,157.570200,815.55
2024-01-20T13:00:00+00:00,157.570200,157.593640,157.475010,157.546920,651.81
2024-01-20T14:00:00+00:00,157.546920,157.630500,157.538490,157.591900,839.90
2024-01-20T15:00:00+00:00,157.591900,157.737340,157.568240,157.681650,978.97
2024-01-20T16:00:00+00:00,157.681650,157.709080,157.644840,157.672610,704.07
2024-01-20T17:00:00+00:00,157.672610,157.725450,157.671920,157.714090,869.84
2024-01-20T18:00:00+00:00,157.714090,157.826350,157.653140,157.807820,986.79
2024-01-20T19:00:00+00:00,157.807820,157.847480,157.775330,157.831840,637.88
2024-01-20T20:00:00+00:00,157.831840,157.943760,157.785900,157.890210,970.72
2024-01-20T21:00:00+00:00,157.890210,158.009090,157.843780,157.945730,969.11
2024-01-20T22:00:00+00:00,157.945730,158.092330,157.888920,158.018430,1051.29
2024-01-20T23:00:00+00:00,158.018430,158.104910,157.894450,157.919460,998.63
2024-01-21T00:00:00+00:00,157.919460,157.980510,157.883110,157.980280,982.42
2024-01-21T01:00:00+00:00,157.980280,157.982380,157.703360,157.740870,1818.02
2024-01-21T02:00:00+00:00,157.740870,157.764730,157.702100,157.762620,629.01
2024-01-21T03:00:00+00:00,157.762620,157.824440,157.723920,157.726890,758.23
2024-01-21T04:00:00+00:00,157.726890,157.738270,157.688130,157.708290,669.30
2024-01-21T05:00:00+00:00,157.708290,157.778000,157.681560,157.727650,602.02
2024-01-21T06:00:00+00:00,157.727650,157.819730,157.678850,157.786330,839.59
2024-01-21T07:00:00+00:00,157.786330,157.806570,157.730940,157.734570,870.81
2024-01-21T08:00:00+00:00,157.734570,157.790500,157.575340,157.622850,1254.30
2024-01-21T09:00:00+00:00,157.622850,157.748770,157.586130,157.675400,821.81
2024-01-21T10:00:00+00:00,157.675400,157.734480,157.510970,157.553990,1241.95
2024-01-21T11:00:00+00:00,157.553990,157.599050,157.296970,157.335230,1617.98
2024-01-21T12:00:00+00:00,157.335230,157.412460,157.305150,157.401240,980.69
2024-01-21T13:00:00+00:00,157.401240,157.505500,157.399570,157.459660,855.26
2024-01-21T14:00:00+00:00,157.459660,157.823510,157.339380,157.677700,1711.57
2024-01-21T15:00:00+00:00,157.677700,157.731520,157.630380,157.706070,832.27
2024-01-21T16:00:00+00:00,157.706070,157.717940,157.634470,157.656200,852.44
2024-01-21T17:00:00+00:00,157.656200,157.683660,157.579090,157.589190,897.46
2024-01-21T18:00:00+00:00,157.589190,157.747490,157.573180,157.742290,1301.52
2024-01-21T19:00:00+00:00,157.742290,157.777170,157.695010,157.723080,761.54
2024-01-21T20:00:00+00:00,157.723080,157.813290,157.713930,157.750540,693.65
2024-01-21T21:00:00+00:00,157.750540,157.771280,157.633390,157.716920,859.08
2024-01-21T22:00:00+00:00,157.716920,157.754440,157.675540,157.708570,728.94
2024-01-21T23:00:00+00:00,157.708570,157.729440,157.678260,157.692630,774.06
2024-01-22T00:00:00+00:00,157.692630,157.696740,157.580280,157.612200,1002.21
2024-01-22T01:00:00+00:00,157.612200,157.639610,157.581570,157.608830,637.50
2024-01-22T02:00:00+00:00,157.608830,157.731380,157.603310,157.693560,1004.31
2024-01-22T03:00:00+00:00,157.693560,157.713130,157.583600,157.654150,804.18
2024-01-22T04:00:00+00:00,157.654150,157.830820,157.640050,157.807940,1397.95
2024-01-22T05:00:00+00:00,157.807940,157.865790,157.725510,157.762580,878.31
2024-01-22T06:00:00+00:00,157.762580,157.820200,157.598720,157.621320,1308.15
2024-01-22T07:00:00+00:00,157.621320,157.722910,157.531970,157.579800,767.80
2024-01-22T08:00:00+00:00,157.579800,157.603480,157.525130,157.553920,805.19
2024-01-22T09:00:00+00:00,157.553920,157.598050,157.431620,157.493430,874.01
2024-01-22T10:00:00+00:00,157.493430,157.531940,157.438080,157.465840,764.63
2024-01-22T11:00:00+00:00,157.465840,157.506990,157.420140,157.421130,780.26
2024-01-22T12:00:00+00:00,157.421130,157.470420,157.274400,157.326020,1013.26
2024-01-22T13:00:00+00:00,157.326020,157.504030,157.291870,157.463280,1359.39
2024-01-22T14:00:00+00:00,157.463280,157.538660,157.448830,157.516170,838.50
2024-01-22T15:00:00+00:00,157.516170,157.601090,157.509570,157.564040,742.49
2024-01-22T16:00:00+00:00,157.564040,157.606710,157.529770,157.583950,612.02
2024-01-22T17:00:00+00:00,157.583950,157.610190,157.524740,157.572610,629.91
2024-01-22T18:00:00+00:00,157.572610,157.601690,157.479040,157.520350,922.22
2024-01-22T19:00:00+00:00,157.520350,157.552200,157.448490,157.468370,789.21
2024-01-22T20:00:00+00:00,157.468370,157.492250,157.452990,157.483330,625.12
2024-01-22T21:00:00+00:00,157.483330,157.606810,157.398270,157.520550,812.62
2024-01-22T22:00:00+00:00,157.520550,157.541480,157.404480,157.410170,1156.23
2024-01-22T23:00:00+00:00,157.410170,157.498500,157.367560,157.451190,679.46
2024-01-23T00:00:00+00:00,157.451190,157.547850,157.433190,157.510210,656.97
2024-01-23T01:00:00+00:00,157.510210,157.644050,157.462070,157.569140,675.99
2024-01-23T02:00:00+00:00,157.569140,157.654830,157.484040,157.512740,1040.01
2024-01-23T03:00:00+00:00,157.512740,157.589980,157.366560,157.452930,966.73
2024-01-23T04:00:00+00:00,157.452930,157.553540,157.413040,157.500350,643.07
2024-01-23T05:00:00+00:00,157.500350,157.531270,157.453600,157.521430,624.02
2024-01-23T06:00:00+00:00,157.521430,157.642220,157.424760,157.608330,841.00
2024-01-23T07:00:00+00:00,157.608330,157.627610,157.607980,157.614220,645.97
2024-01-23T08:00:00+00:00,157.614220,157.630310,157.557230,157.601620,721.23
2024-01-23T09:00:00+00:00,157.601620,157.690530,157.592880,157.621210,604.28
2024-01-23T10:00:00+00:00,157.621210,157.626290,157.596570,157.623150,823.19
2024-01-23T11:00:00+00:00,157.623150,157.703340,157.571370,157.646380,583.89
2024-01-23T12:00:00+00:00,157.646380,157.700030,157.485250,157.553740,1255.78
2024-01-23T13:00:00+00:00,157.553740,157.582760,157.549480,157.574780,588.39
2024-01-23T14:00:00+00:00,157.574780,157.598690,157.367980,157.414570,1515.56
2024-01-23T15:00:00+00:00,157.414570,157.564300,157.380190,157.478570,773.03
2024-01-23T16:00:00+00:00,157.478570,157.672600,157.433430,157.570910,894.62
2024-01-23T17:00:00+00:00,157.570910,157.887020,157.447230,157.757320,1308.75
2024-01-23T18:00:00+00:00,157.757320,157.935770,157.746890,157.876400,963.13
2024-01-23T19:00:00+00:00,157.876400,157.914810,157.723560,157.749130,1355.95
2024-01-23T20:00:00+00:00,157.749130,157.786390,157.713900,157.721660,805.43
2024-01-23T21:00:00+00:00,157.721660,157.752270,157.649010,157.715980,784.29
2024-01-23T22:00:00+00:00,157.715980,157.724130,157.550820,157.587910,1429.89
2024-01-23T23:00:00+00:00,157.587910,157.691470,157.546370,157.683650,1019.29
2024-01-24T00:00:00+00:00,157.683650,157.806410,157.658200,157.766330,928.80
2024-01-24T01:00:00+00:00,157.766330,157.808310,157.596620,157.673890,1254.82
2024-01-24T02:00:00+00:00,157.673890,157.816210,157.624310,157.788080,1111.37
2024-01-24T03:00:00+00:00,157.788080,157.818430,157.676150,157.754150,817.93
2024-01-24T04:00:00+00:00,157.754150,157.887340,157.706640,157.830610,809.39
2024-01-24T05:00:00+00:00,157.830610,157.935970,157.773170,157.876680,752.63
2024-01-24T06:00:00+00:00,157.876680,158.075350,157.802230,158.045140,1290.39
2024-01-24T07:00:00+00:00,158.045140,158.057440,157.974560,158.004530,881.93
2024-01-24T08:00:00+00:00,158.004530,158.218430,157.892690,158.127060,1089.73
2024-01-24T09:00:00+00:00,158.127060,158.261920,158.051810,158.216220,990.93
2024-01-24T10:00:00+00:00,158.216220,158.226470,158.040600,158.082400,1341.32
2024-01-24T11:00:00+00:00,158.082400,158.108530,158.032520,158.072320,835.64
2024-01-24T12:00:00+00:00,158.072320,158.097900,158.057260,158.073740,799.89
2024-01-24T13:00:00+00:00,158.073740,158.093440,157.974020,157.980460,1246.63
2024-01-24T14:00:00+00:00,157.980460,158.104660,157.957910,158.049710,784.19
2024-01-24T15:00:00+00:00,158.049710,158.061730,158.005870,158.031730,885.52
2024-01-24T16:00:00+00:00,158.031730,158.200100,157.996100,158.150360,1027.76
2024-01-24T17:00:00+00:00,158.150360,158.157600,158.091390,158.126530,834.18
2024-01-24T18:00:00+00:00,158.126530,158.155210,158.065560,158.124920,667.13
2024-01-24T19:00:00+00:00,158.124920,158.141190,158.077880,158.089100,822.38
2024-01-24T20:00:00+00:00,158.089100,158.123890,157.988900,158.022570,1009.57
2024-01-24T21:00:00+00:00,158.022570,158.173150,157.993910,158.149840,1045.32
2024-01-24T22:00:00+00:00,158.149840,158.289450,158.105020,158.249290,1039.82
2024-01-24T23:00:00+00:00,158.249290,158.455370,158.198220,158.400230,1272.14
2024-01-25T00:00:00+00:00,158.400230,158.420490,158.296590,158.347880,1034.99
2024-01-25T01:00:00+00:00,158.347880,158.561760,158.317260,158.495090,1179.53
2024-01-25T02:00:00+00:00,158.495090,158.547020,158.350360,158.436970,966.59
2024-01-25T03:00:00+00:00,158.436970,158.617290,158.412600,158.610150,1266.30
2024-01-25T04:00:00+00:00,158.610150,158.660980,158.569700,158.639560,588.70
2024-01-25T05:00:00+00:00,158.639560,158.643440,158.587120,158.605000,948.61
2024-01-25T06:00:00+00:00,158.605000,158.730400,158.559970,158.677180,844.72
2024-01-25T07:00:00+00:00,158.677180,158.679430,158.647960,158.671720,687.76
2024-01-25T08:00:00+00:00,158.671720,158.871800,158.617990,158.851280,1382.99
2024-01-25T09:00:00+00:00,158.851280,158.959990,158.821080,158.931020,933.64
2024-01-25T10:00:00+00:00,158.931020,159.063760,158.863400,159.025000,948.21
2024-01-25T11:00:00+00:00,159.025000,159.057000,158.993750,159.052550,592.38
2024-01-25T12:00:00+00:00,159.052550,159.196890,158.995610,159.146920,996.88
2024-01-25T13:00:00+00:00,159.146920,159.239830,159.076790,159.206540,857.94
2024-01-25T14:00:00+00:00,159.206540,159.251280,159.198790,159.241290,711.24
2024-01-25T15:00:00+00:00,159.241290,159.244420,158.933690,159.063110,1453.88
2024-01-25T16:00:00+00:00,159.063110,159.113870,159.006280,159.060090,578.76
2024-01-25T17:00:00+00:00,159.060090,159.210890,158.976840,159.159700,1042.97
2024-01-25T18:00:00+00:00,159.159700,159.214070,159.031380,159.049850,1104.90
2024-01-25T19:00:00+00:00,159.049850,159.122510,158.999140,159.109810,975.20
2024-01-25T20:00:00+00:00,159.109810,159.214160,158.918930,158.974870,1346.69
2024-01-25T21:00:00+00:00,158.974870,159.163110,158.920890,159.115290,1204.93
2024-01-25T22:00:00+00:00,159.115290,159.185740,159.063960,159.127010,569.86
2024-01-25T23:00:00+00:00,159.127010,159.164810,159.041700,159.150190,681.19
2024-01-26T00:00:00+00:00,159.150190,159.261730,159.088600,159.255710,1219.44
2024-01-26T01:00:00+00:00,159.255710,159.314550,159.234260,159.237340,640.84
2024-01-26T02:00:00+00:00,159.237340,159.401180,159.202680,159.331610,1113.42
2024-01-26T03:00:00+00:00,159.331610,159.393390,159.251000,159.310740,786.18
2024-01-26T04:00:00+00:00,159.310740,159.359750,159.247980,159.307000,545.15
2024-01-26T05:00:00+00:00,159.307000,159.449370,159.294330,159.365420,814.35
2024-01-26T06:00:00+00:00,159.365420,159.467940,159.217310,159.255400,1060.62
2024-01-26T07:00:00+00:00,159.255400,159.276120,159.141230,159.201730,947.38
2024-01-26T08:00:00+00:00,159.201730,159.248420,159.095440,159.157620,802.34
2024-01-26T09:00:00+00:00,159.157620,159.208660,159.037760,159.071780,1081.51
2024-01-26T10:00:00+00:00,159.071780,159.096550,158.979350,159.027950,782.80
2024-01-26T11:00:00+00:00,159.027950,159.110690,158.990960,159.052700,667.25
2024-01-26T12:00:00+00:00,159.052700,159.086470,158.974050,159.056670,549.62
2024-01-26T13:00:00+00:00,159.056670,159.143950,158.936860,158.984310,1004.59
2024-01-26T14:00:00+00:00,158.984310,159.066190,158.951920,159.040450,798.27
2024-01-26T15:00:00+00:00,159.040450,159.087890,159.007820,159.041470,548.55
2024-01-26T16:00:00+00:00,159.041470,159.148730,158.958380,159.111320,911.85
2024-01-26T17:00:00+00:00,159.111320,159.368310,159.104480,159.253050,1272.86
2024-01-26T18:00:00+00:00,159.253050,159.379280,159.252700,159.335950,986.17
2024-01-26T19:00:00+00:00,159.335950,159.346440,159.291680,159.345140,683.87
2024-01-26T20:00:00+00:00,159.345140,159.457060,159.275920,159.402060,875.37
2024-01-26T21:00:00+00:00,159.402060,159.458460,159.298060,159.308230,1163.53
2024-01-26T22:00:00+00:00,159.308230,159.349440,159.213130,159.265440,892.58
2024-01-26T23:00:00+00:00,159.265440,159.311840,159.228410,159.304210,704.46
2024-01-27T00:00:00+00:00,159.304210,159.519010,159.235950,159.455400,1361.64
2024-01-27T01:00:00+00:00,159.455400,159.503050,159.268830,159.318940,1349.39
2024-01-27T02:00:00+00:00,159.318940,159.373650,159.301740,159.347330,698.10
2024-01-27T03:00:00+00:00,159.347330,159.362710,159.326620,159.342610,525.10
2024-01-27T04:00:00+00:00,159.342610,159.373030,159.291400,159.342500,644.96
2024-01-27T05:00:00+00:00,159.342500,159.367860,159.243030,159.269750,907.37
2024-01-27T06:00:00+00:00,159.269750,159.341870,159.220700,159.221830,748.61
2024-01-27T07:00:00+00:00,159.221830,159.268190,159.138420,159.150600,1051.68
2024-01-27T08:00:00+00:00,159.150600,159.155150,159.058940,159.066370,1101.81
2024-01-27T09:00:00+00:00,159.066370,159.107140,159.042180,159.079840,683.39
2024-01-27T10:00:00+00:00,159.079840,159.171210,158.896800,158.899050,1583.30
2024-01-27T11:00:00+00:00,158.899050,159.023480,158.881010,158.995160,1112.36
2024-01-27T12:00:00+00:00,158.995160,159.120580,158.923990,159.077800,1095.50
2024-01-27T13:00:00+00:00,159.077800,159.115740,158.915300,159.005390,889.06
2024-01-27T14:00:00+00:00,159.005390,159.104310,158.997290,159.062710,975.98
2024-01-27T15:00:00+00:00,159.062710,159.077640,158.985750,158.996830,842.90
2024-01-27T16:00:00+00:00,158.996830,159.026870,158.842160,158.897910,1056.87
2024-01-27T17:00:00+00:00,158.897910,158.942660,158.764450,158.783580,1207.29
2024-01-27T18:00:00+00:00,158.783580,158.833940,158.767200,158.785060,661.31
2024-01-27T19:00:00+00:00,158.785060,158.801550,158.762470,158.795830,646.40
2024-01-27T20:00:00+00:00,158.795830,158.854040,158.722960,158.762320,683.62
2024-01-27T21:00:00+00:00,158.762320,158.811510,158.720590,158.809440,774.85
2024-01-27T22:00:00+00:00,158.809440,158.853380,158.677980,158.685240,1165.54
2024-01-27T23:00:00+00:00,158.685240,158.775640,158.635330,158.727420,839.37
2024-01-28T00:00:00+00:00,158.727420,158.866570,158.685290,158.839550,1238.28
2024-01-28T01:00:00+00:00,158.839550,159.026140,158.783370,158.962350,1206.99
2024-01-28T02:00:00+00:00,158.962350,159.050770,158.934540,159.027090,846.57
2024-01-28T03:00:00+00:00,159.027090,159.081840,159.019780,159.074580,716.22
2024-01-28T04:00:00+00:00,159.074580,159.093280,159.040740,159.045870,836.60
2024-01-28T05:00:00+00:00,159.045870,159.292210,159.030050,159.193550,1283.07
2024-01-28T06:00:00+00:00,159.193550,159.276830,159.109650,159.240270,783.83
2024-01-28T07:00:00+00:00,159.240270,159.310120,159.206560,159.286730,733.68
2024-01-28T08:00:00+00:00,159.286730,159.324960,159.251610,159.256840,798.75
2024-01-28T09:00:00+00:00,159.256840,159.337560,159.225670,159.295260,597.01
2024-01-28T10:00:00+00:00,159.295260,159.442810,159.190750,159.419490,1137.85
2024-01-28T11:00:00+00:00,159.419490,159.507400,159.403520,159.472800,694.08
2024-01-28T12:00:00+00:00,159.472800,159.538780,159.457150,159.536540,818.59
2024-01-28T13:00:00+00:00,159.536540,159.644790,159.505160,159.597070,806.41
2024-01-28T14:00:00+00:00,159.597070,159.764650,159.569880,159.715210,1033.56
2024-01-28T15:00:00+00:00,159.715210,159.953690,159.628920,159.871980,1170.37
2024-01-28T16:00:00+00:00,159.871980,159.986340,159.823380,159.937280,735.51
2024-01-28T17:00:00+00:00,159.937280,160.008640,159.931670,159.987080,795.71
2024-01-28T18:00:00+00:00,159.987080,160.089880,159.933910,160.088430,920.74
2024-01-28T19:00:00+00:00,160.088430,160.257550,160.072540,160.238930,1267.68
2024-01-28T20:00:00+00:00,160.238930,160.360170,160.164990,160.284070,644.07
2024-01-28T21:00:00+00:00,160.284070,160.436820,160.229310,160.368540,876.18
2024-01-28T22:00:00+00:00,160.368540,160.417590,160.360320,160.405250,545.93
2024-01-28T23:00:00+00:00,160.405250,160.576930,160.357640,160.527650,1078.77
2024-01-29T00:00:00+00:00,160.527650,160.587540,160.466320,160.559800,672.23
2024-01-29T01:00:00+00:00,160.559800,160.618100,160.495700,160.563050,640.83
2024-01-29T02:00:00+00:00,160.563050,160.756150,160.509200,160.750970,1310.94
2024-01-29T03:00:00+00:00,160.750970,160.771620,160.724860,160.769730,560.00
2024-01-29T04:00:00+00:00,160.769730,160.826160,160.717320,160.737600,895.69
2024-01-29T05:00:00+00:00,160.737600,160.791080,160.624730,160.671960,1096.49
2024-01-29T06:00:00+00:00,160.671960,160.678330,160.603850,160.635240,900.93
2024-01-29T07:00:00+00:00,160.635240,160.727510,160.600600,160.717180,809.13
2024-01-29T08:00:00+00:00,160.717180,160.741860,160.453800,160.532970,1715.82
2024-01-29T09:00:00+00:00,160.532970,160.547170,160.504200,160.537940,661.31
2024-01-29T10:00:00+00:00,160.537940,160.827720,160.454380,160.723500,1451.70
2024-01-29T11:00:00+00:00,160.723500,160.869450,160.686310,160.858340,1211.83
2024-01-29T12:00:00+00:00,160.858340,160.873780,160.799210,160.822170,1013.75
2024-01-29T13:00:00+00:00,160.822170,160.889770,160.814780,160.850370,588.18
2024-01-29T14:00:00+00:00,160.850370,160.931480,160.769200,160.793290,967.15
2024-01-29T15:00:00+00:00,160.793290,160.805100,160.714760,160.739610,1070.60
2024-01-29T16:00:00+00:00,160.739610,160.780460,160.691260,160.747310,720.05
2024-01-29T17:00:00+00:00,160.747310,160.775350,160.653590,160.696600,928.48
2024-01-29T18:00:00+00:00,160.696600,160.696860,160.618840,160.633930,1104.35
2024-01-29T19:00:00+00:00,160.633930,160.773920,160.628550,160.755110,1026.57
2024-01-29T20:00:00+00:00,160.755110,160.842640,160.745800,160.797780,750.18
2024-01-29T21:00:00+00:00,160.797780,161.024010,160.776010,160.953840,1258.17
2024-01-29T22:00:00+00:00,160.953840,161.328620,160.920390,161.221260,1838.84
2024-01-29T23:00:00+00:00,161.221260,161.369390,161.183030,161.298320,748.31
2024-01-30T00:00:00+00:00,161.298320,161.434570,161.265630,161.368910,813.92
2024-01-30T01:00:00+00:00,161.368910,161.459500,161.360770,161.438260,755.61
2024-01-30T02:00:00+00:00,161.438260,161.444710,161.351040,161.381060,1097.91
2024-01-30T03:00:00+00:00,161.381060,161.693740,161.288980,161.626310,1766.79
2024-01-30T04:00:00+00:00,161.626310,161.834400,161.545980,161.753160,1192.86
2024-01-30T05:00:00+00:00,161.753160,161.790730,161.703280,161.758030,728.14
2024-01-30T06:00:00+00:00,161.758030,161.888900,161.736160,161.817070,814.47
2024-01-30T07:00:00+00:00,161.817070,161.862780,161.624090,161.701630,1251.45
2024-01-30T08:00:00+00:00,161.701630,161.798980,161.698650,161.773590,760.04
2024-01-30T09:00:00+00:00,161.773590,161.908980,161.706730,161.840740,800.77
2024-01-30T10:00:00+00:00,161.840740,162.037080,161.820930,161.978540,1086.57
2024-01-30T11:00:00+00:00,161.978540,162.046710,161.913580,161.986190,801.02
2024-01-30T12:00:00+00:00,161.986190,162.016260,161.895270,161.998520,592.08
2024-01-30T13:00:00+00:00,161.998520,162.175340,161.930010,162.161440,1195.61
2024-01-30T14:00:00+00:00,162.161440,162.193350,162.046570,162.066150,1134.53
2024-01-30T15:00:00+00:00,162.066150,162.071970,161.985200,162.012040,1077.22
2024-01-30T16:00:00+00:00,162.012040,162.103580,161.960200,162.001410,759.66
2024-01-30T17:00:00+00:00,162.001410,162.285420,161.998820,162.163880,1567.65
2024-01-30T18:00:00+00:00,162.163880,162.237890,161.970790,161.981240,1398.40
2024-01-30T19:00:00+00:00,161.981240,161.992200,161.876780,161.943840,670.51
2024-01-30T20:00:00+00:00,161.943840,162.064600,161.912860,162.027920,1234.23
2024-01-30T21:00:00+00:00,162.027920,162.067950,161.865960,161.936550,989.02
2024-01-30T22:00:00+00:00,161.936550,162.016710,161.924520,161.964210,806.33
2024-01-30T23:00:00+00:00,161.964210,161.990980,161.858040,161.906310,676.70
2024-01-31T00:00:00+00:00,161.906310,161.937840,161.743790,161.842290,697.23
2024-01-31T01:00:00+00:00,161.842290,161.849310,161.735910,161.802080,577.53
2024-01-31T02:00:00+00:00,161.802080,161.919730,161.726640,161.827500,873.58
2024-01-31T03:00:00+00:00,161.827500,161.857010,161.718290,161.764800,868.89
2024-01-31T04:00:00+00:00,161.764800,161.795260,161.653600,161.671640,828.76
2024-01-31T05:00:00+00:00,161.671640,161.762260,161.580010,161.646270,687.48
2024-01-31T06:00:00+00:00,161.646270,161.719710,161.636870,161.718620,1191.64
2024-01-31T07:00:00+00:00,161.718620,161.776630,161.636490,161.713120,716.85
2024-01-31T08:00:00+00:00,161.713120,161.742180,161.655020,161.703120,741.36
2024-01-31T09:00:00+00:00,161.703120,161.751530,161.540290,161.605350,859.01
2024-01-31T10:00:00+00:00,161.605350,161.669880,161.545370,161.647130,1015.56
2024-01-31T11:00:00+00:00,161.647130,161.702020,161.612050,161.698090,962.13
2024-01-31T12:00:00+00:00,161.698090,161.701870,161.614780,161.642290,813.60
2024-01-31T13:00:00+00:00,161.642290,161.711910,161.305120,161.398200,1741.28
2024-01-31T14:00:00+00:00,161.398200,161.445720,161.391580,161.408710,720.21
2024-01-31T15:00:00+00:00,161.408710,161.531040,161.336160,161.471140,1092.14
2024-01-31T16:00:00+00:00,161.471140,161.509920,161.438060,161.465820,642.43
2024-01-31T17:00:00+00:00,161.465820,161.509350,161.380100,161.387420,867.80
2024-01-31T18:00:00+00:00,161.387420,161.493320,161.342410,161.469720,1119.19
2024-01-31T19:00:00+00:00,161.469720,161.502770,161.295660,161.330980,1134.31
2024-01-31T20:00:00+00:00,161.330980,161.360930,161.176890,161.235870,980.23
2024-01-31T21:00:00+00:00,161.235870,161.375290,161.207860,161.332380,1230.82
2024-01-31T22:00:00+00:00,161.332380,161.399450,161.164050,161.176870,1304.23
2024-01-31T23:00:00+00:00,161.176870,161.196260,161.087970,161.132730,663.30
2024-02-01T00:00:00+00:00,161.132730,161.229960,160.813880,160.909190,1584.10
2024-02-01T01:00:00+00:00,160.909190,161.009890,160.712540,160.791120,1073.98
2024-02-01T02:00:00+00:00,160.791120,160.886440,160.748940,160.823580,899.66
2024-02-01T03:00:00+00:00,160.823580,160.826870,160.711700,160.737660,920.31
2024-02-01T04:00:00+00:00,160.737660,160.754310,160.611230,160.634150,922.34
2024-02-01T05:00:00+00:00,160.634150,160.659810,160.547800,160.572410,689.39
2024-02-01T06:00:00+00:00,160.572410,160.664880,160.501870,160.589510,880.55
2024-02-01T07:00:00+00:00,160.589510,160.663350,160.483620,160.527020,780.52
2024-02-01T08:00:00+00:00,160.527020,160.565110,160.483950,160.485620,739.53
2024-02-01T09:00:00+00:00,160.485620,160.550640,160.464850,160.526630,969.47
2024-02-01T10:00:00+00:00,160.526630,160.543890,160.399420,160.414400,1072.68
2024-02-01T11:00:00+00:00,160.414400,160.437800,160.390500,160.399080,644.01
2024-02-01T12:00:00+00:00,160.399080,160.457840,160.261380,160.266060,1071.64
2024-02-01T13:00:00+00:00,160.266060,160.330420,160.078810,160.133610,1158.89
2024-02-01T14:00:00+00:00,160.133610,160.160730,160.062170,160.100480,637.35
2024-02-01T15:00:00+00:00,160.100480,160.139120,159.986530,160.022790,749.79
2024-02-01T16:00:00+00:00,160.022790,160.154230,159.984040,160.131300,1183.79
2024-02-01T17:00:00+00:00,160.131300,160.140830,160.129310,160.132400,717.46
2024-02-01T18:00:00+00:00,160.132400,160.154800,160.099550,160.144200,743.27
2024-02-01T19:00:00+00:00,160.144200,160.215610,160.063220,160.211360,1084.49
2024-02-01T20:00:00+00:00,160.211360,160.244460,160.102660,160.152860,821.61
2024-02-01T21:00:00+00:00,160.152860,160.217620,159.966760,160.046590,1044.59
2024-02-01T22:00:00+00:00,160.046590,160.101850,160.023450,160.096850,956.08
2024-02-01T23:00:00+00:00,160.096850,160.132870,160.010530,160.013320,807.82
2024-02-02T00:00:00+00:00,160.013320,160.043170,159.962360,159.993020,571.28
2024-02-02T01:00:00+00:00,159.993020,160.007340,159.951760,159.962680,561.59
2024-02-02T02:00:00+00:00,159.962680,160.036700,159.748140,159.776040,1328.72
2024-02-02T03:00:00+00:00,159.776040,159.834500,159.660420,159.668510,991.51
2024-02-02T04:00:00+00:00,159.668510,159.825910,159.663350,159.781780,957.09
2024-02-02T05:00:00+00:00,159.781780,159.932980,159.704080,159.882480,876.22
2024-02-02T06:00:00+00:00,159.882480,159.939980,159.861690,159.914730,575.96
2024-02-02T07:00:00+00:00,159.914730,160.117170,159.906980,160.098030,1370.01
2024-02-02T08:00:00+00:00,160.098030,160.285280,160.096400,160.204360,988.09
2024-02-02T09:00:00+00:00,160.204360,160.221040,160.183100,160.195230,713.77
2024-02-02T10:00:00+00:00,160.195230,160.261280,160.130290,160.252970,687.18
2024-02-02T11:00:00+00:00,160.252970,160.298170,160.177210,160.243200,749.00
2024-02-02T12:00:00+00:00,160.243200,160.344150,160.197730,160.316850,734.61
2024-02-02T13:00:00+00:00,160.316850,160.426400,160.269920,160.339340,598.33
2024-02-02T14:00:00+00:00,160.339340,160.353880,160.215730,160.266640,1021.46
2024-02-02T15:00:00+00:00,160.266640,160.335760,160.194400,160.221930,1004.62
2024-02-02T16:00:00+00:00,160.221930,160.313590,160.210100,160.302430,813.50
2024-02-02T17:00:00+00:00,160.302430,160.488490,160.202710,160.424630,976.12
2024-02-02T18:00:00+00:00,160.424630,160.610830,160.411030,160.515850,941.76
2024-02-02T19:00:00+00:00,160.515850,160.555550,160.415460,160.419400,1184.85
2024-02-02T20:00:00+00:00,160.419400,160.479860,160.296420,160.355120,1002.74
2024-02-02T21:00:00+00:00,160.355120,160.415910,160.116450,160.200290,1562.23
2024-02-02T22:00:00+00:00,160.200290,160.209240,160.126810,160.155990,934.81
2024-02-02T23:00:00+00:00,160.155990,160.196750,160.095870,160.143710,823.21
2024-02-03T00:00:00+00:00,160.143710,160.248350,160.083730,160.203940,769.34
2024-02-03T01:00:00+00:00,160.203940,160.396760,160.177810,160.326820,1098.90
2024-02-03T02:00:00+00:00,160.326820,160.477210,160.314020,160.445780,1060.16
2024-02-03T03:00:00+00:00,160.445780,160.454190,160.398450,160.415740,799.03
2024-02-03T04:00:00+00:00,160.415740,160.505800,160.359970,160.410220,850.01
2024-02-03T05:00:00+00:00,160.410220,160.603110,160.364580,160.520720,956.00
2024-02-03T06:00:00+00:00,160.520720,160.733130,160.507810,160.695590,1271.21
2024-02-03T07:00:00+00:00,160.695590,160.974490,160.575490,160.851530,1164.89
2024-02-03T08:00:00+00:00,160.851530,160.970780,160.786140,160.952080,930.79
2024-02-03T09:00:00+00:00,160.952080,161.051680,160.877700,161.019950,803.93
2024-02-03T10:00:00+00:00,161.019950,161.148910,161.018640,161.101690,924.85
2024-02-03T11:00:00+00:00,161.101690,161.187860,161.072110,161.158520,799.19
2024-02-03T12:00:00+00:00,161.158520,161.224870,161.090040,161.173630,600.36
2024-02-03T13:00:00+00:00,161.173630,161.276690,161.129810,161.229340,829.78
2024-02-03T14:00:00+00:00,161.229340,161.309990,161.172950,161.280540,703.24
2024-02-03T15:00:00+00:00,161.280540,161.432700,161.277570,161.378650,974.58
2024-02-03T16:00:00+00:00,161.378650,161.456790,161.347710,161.423000,629.57
2024-02-03T17:00:00+00:00,161.423000,161.568970,161.414290,161.528490,1045.57
2024-02-03T18:00:00+00:00,161.528490,161.551050,161.467230,161.486960,874.21
2024-02-03T19:00:00+00:00,161.486960,161.621140,161.471350,161.571430,889.26
2024-02-03T20:00:00+00:00,161.571430,161.591300,161.489430,161.493540,1197.68
2024-02-03T21:00:00+00:00,161.493540,161.545570,161.386500,161.402040,1227.07
2024-02-03T22:00:00+00:00,161.402040,161.523940,161.386020,161.457330,816.86
2024-02-03T23:00:00+00:00,161.457330,161.561850,161.455030,161.556400,930.21
2024-02-04T00:00:00+00:00,161.556400,161.591310,161.489150,161.513880,865.64
2024-02-04T01:00:00+00:00,161.513880,161.610060,161.490440,161.576940,835.32
2024-02-04T02:00:00+00:00,161.576940,161.628170,161.560830,161.619200,632.91
2024-02-04T03:00:00+00:00,161.619200,161.882560,161.583540,161.844590,1523.36
2024-02-04T04:00:00+00:00,161.844590,161.931740,161.840650,161.897790,730.10
2024-02-04T05:00:00+00:00,161.897790,162.061650,161.789040,161.965110,806.12
2024-02-04T06:00:00+00:00,161.965110,162.010430,161.918780,161.925140,972.60
2024-02-04T07:00:00+00:00,161.925140,162.002850,161.884240,161.919830,793.74
2024-02-04T08:00:00+00:00,161.919830,161.996760,161.870740,161.960540,750.07
2024-02-04T09:00:00+00:00,161.960540,162.010720,161.939080,161.958670,692.29
2024-02-04T10:00:00+00:00,161.958670,162.172810,161.944170,162.077720,1137.08
2024-02-04T11:00:00+00:00,162.077720,162.118700,162.011780,162.067940,814.05
2024-02-04T12:00:00+00:00,162.067940,162.079620,162.007290,162.070810,790.05
2024-02-04T13:00:00+00:00,162.070810,162.206050,162.042220,162.127090,800.45
2024-02-04T14:00:00+00:00,162.127090,162.230580,162.062220,162.229030,1007.12
2024-02-04T15:00:00+00:00,162.229030,162.261680,162.173330,162.206780,948.44
2024-02-04T16:00:00+00:00,162.206780,162.314000,162.017040,162.090360,1236.03
2024-02-04T17:00:00+00:00,162.090360,162.157630,162.046140,162.152870,750.29
2024-02-04T18:00:00+00:00,162.152870,162.220260,162.133480,162.201700,663.49
2024-02-04T19:00:00+00:00,162.201700,162.227460,162.143870,162.192600,629.09
2024-02-04T20:00:00+00:00,162.192600,162.290030,162.040430,162.095140,899.10
2024-02-04T21:00:00+00:00,162.095140,162.095380,161.967770,161.986980,967.24
2024-02-04T22:00:00+00:00,161.986980,162.014060,161.899920,161.901930,937.12
2024-02-04T23:00:00+00:00,161.901930,161.953280,161.875040,161.940360,862.82
2024-02-05T00:00:00+00:00,161.940360,162.078300,161.861170,161.996520,1106.91
2024-02-05T01:00:00+00:00,161.996520,162.116200,161.948740,162.109880,1293.82
2024-02-05T02:00:00+00:00,162.109880,162.311220,161.993930,162.264230,1466.84
2024-02-05T03:00:00+00:00,162.264230,162.303400,162.172210,162.239400,682.69
2024-02-05T04:00:00+00:00,162.239400,162.277990,162.092230,162.109050,1137.10
2024-02-05T05:00:00+00:00,162.109050,162.186540,162.034370,162.049050,705.71
2024-02-05T06:00:00+00:00,162.049050,162.113580,161.926080,161.959980,976.53
2024-02-05T07:00:00+00:00,161.959980,161.995620,161.958810,161.979860,892.19
2024-02-05T08:00:00+00:00,161.979860,162.018190,161.887520,161.904200,863.31
2024-02-05T09:00:00+00:00,161.904200,161.982400,161.751980,161.803760,994.18
2024-02-05T10:00:00+00:00,161.803760,161.915160,161.801970,161.874070,1140.80
2024-02-05T11:00:00+00:00,161.874070,161.890410,161.736990,161.743060,1064.19
2024-02-05T12:00:00+00:00,161.743060,161.777230,161.673460,161.682380,712.48
2024-02-05T13:00:00+00:00,161.682380,161.728120,161.594700,161.643850,716.33
2024-02-05T14:00:00+00:00,161.643850,161.676410,161.563230,161.574490,823.80
2024-02-05T15:00:00+00:00,161.574490,161.576450,161.487380,161.525720,662.34
2024-02-05T16:00:00+00:00,161.525720,161.567400,161.249440,161.311080,1559.83
2024-02-05T17:00:00+00:00,161.311080,161.334770,161.118280,161.128780,1309.99
2024-02-05T18:00:00+00:00,161.128780,161.218970,161.105430,161.202950,1171.11
2024-02-05T19:00:00+00:00,161.202950,161.231150,160.991800,161.037030,1258.39
2024-02-05T20:00:00+00:00,161.037030,161.195920,160.989910,161.159600,1421.65
2024-02-05T21:00:00+00:00,161.159600,161.235940,161.061590,161.076340,974.63
2024-02-05T22:00:00+00:00,161.076340,161.092510,160.876600,160.935060,1167.58
2024-02-05T23:00:00+00:00,160.935060,160.990040,160.791650,160.803710,1050.90
2024-02-06T00:00:00+00:00,160.803710,160.891050,160.705910,160.731990,773.43
2024-02-06T01:00:00+00:00,160.731990,160.763690,160.476020,160.546870,1343.16
2024-02-06T02:00:00+00:00,160.546870,160.569100,160.249930,160.276150,1888.53
2024-02-06T03:00:00+00:00,160.276150,160.282560,160.216380,160.246260,709.13
2024-02-06T04:00:00+00:00,160.246260,160.276510,160.202650,160.235810,673.53
2024-02-06T05:00:00+00:00,160.235810,160.238140,160.141100,160.143920,912.82
2024-02-06T06:00:00+00:00,160.143920,160.200790,159.962680,160.027250,987.21
2024-02-06T07:00:00+00:00,160.027250,160.056430,159.939770,159.955100,863.07
2024-02-06T08:00:00+00:00,159.955100,160.009760,159.812220,159.830290,1183.90
2024-02-06T09:00:00+00:00,159.830290,159.870080,159.827560,159.855740,896.68
2024-02-06T10:00:00+00:00,159.855740,159.916800,159.830320,159.834290,639.96
2024-02-06T11:00:00+00:00,159.834290,159.894960,159.720400,159.739500,904.25
2024-02-06T12:00:00+00:00,159.739500,159.826450,159.678280,159.716780,695.17
2024-02-06T13:00:00+00:00,159.716780,159.876440,159.681360,159.840950,1306.84
2024-02-06T14:00:00+00:00,159.840950,159.992580,159.799540,159.964060,1357.53
2024-02-06T15:00:00+00:00,159.964060,160.033790,159.895030,159.932420,574.40
2024-02-06T16:00:00+00:00,159.932420,159.950220,159.700890,159.794240,1083.06
2024-02-06T17:00:00+00:00,159.794240,159.800040,159.722660,159.737850,702.78
2024-02-06T18:00:00+00:00,159.737850,159.831120,159.696620,159.818010,1176.69
2024-02-06T19:00:00+00:00,159.818010,159.856770,159.729140,159.809850,748.23
2024-02-06T20:00:00+00:00,159.809850,159.892820,159.607640,159.638520,1330.04
2024-02-06T21:00:00+00:00,159.638520,159.666570,159.630980,159.643090,731.81
2024-02-06T22:00:00+00:00,159.643090,159.684910,159.636190,159.649520,791.98
2024-02-06T23:00:00+00:00,159.649520,159.682560,159.588110,159.648810,719.71
2024-02-07T00:00:00+00:00,159.648810,159.673480,159.561060,159.572770,844.50
2024-02-07T01:00:00+00:00,159.572770,159.593320,159.539950,159.563190,649.92
2024-02-07T02:00:00+00:00,159.563190,159.571190,159.553700,159.563930,736.32
2024-02-07T03:00:00+00:00,159.563930,159.602310,159.466510,159.466850,944.96
2024-02-07T04:00:00+00:00,159.466850,159.504800,159.359620,159.435670,611.48
2024-02-07T05:00:00+00:00,159.435670,159.504890,159.218910,159.265330,1349.35
2024-02-07T06:00:00+00:00,159.265330,159.276910,159.223920,159.276380,735.46
2024-02-07T07:00:00+00:00,159.276380,159.328100,159.183610,159.196860,759.40
2024-02-07T08:00:00+00:00,159.196860,159.272150,159.143430,159.154790,724.67
2024-02-07T09:00:00+00:00,159.154790,159.177460,159.098250,159.139330,597.30
2024-02-07T10:00:00+00:00,159.139330,159.185200,159.056030,159.072850,706.66
2024-02-07T11:00:00+00:00,159.072850,159.136710,158.905910,158.967710,921.24
2024-02-07T12:00:00+00:00,158.967710,159.036610,158.921770,158.994970,809.76
2024-02-07T13:00:00+00:00,158.994970,159.048660,158.927200,158.947140,875.28
2024-02-07T14:00:00+00:00,158.947140,158.967600,158.803510,158.862940,927.21
2024-02-07T15:00:00+00:00,158.862940,158.924490,158.683080,158.730420,1167.06
2024-02-07T16:00:00+00:00,158.730420,158.838440,158.704760,158.769380,695.30
2024-02-07T17:00:00+00:00,158.769380,158.847580,158.719550,158.786020,612.47
2024-02-07T18:00:00+00:00,158.786020,158.859410,158.728350,158.794870,565.08
2024-02-07T19:00:00+00:00,158.794870,158.872700,158.760310,158.826990,857.37
2024-02-07T20:00:00+00:00,158.826990,158.915890,158.779600,158.864170,805.63
2024-02-07T21:00:00+00:00,158.864170,159.063930,158.761750,159.008370,1306.48
2024-02-07T22:00:00+00:00,159.008370,159.182390,158.969470,159.093370,1061.01
2024-02-07T23:00:00+00:00,159.093370,159.135520,159.039440,159.043370,899.96
2024-02-08T00:00:00+00:00,159.043370,159.098900,159.011450,159.072180,658.99
2024-02-08T01:00:00+00:00,159.072180,159.129990,158.967220,158.982760,1082.38
2024-02-08T02:00:00+00:00,158.982760,159.034310,158.812850,158.815340,1460.87
2024-02-08T03:00:00+00:00,158.815340,158.848890,158.771640,158.824310,639.11
2024-02-08T04:00:00+00:00,158.824310,158.883520,158.713850,158.749400,1021.41
2024-02-08T05:00:00+00:00,158.749400,158.792570,158.643270,158.690330,992.85
2024-02-08T06:00:00+00:00,158.690330,158.842080,158.621740,158.777090,1098.47
2024-02-08T07:00:00+00:00,158.777090,158.838650,158.768560,158.814690,847.22
2024-02-08T08:00:00+00:00,158.814690,158.891320,158.773250,158.889540,888.00
2024-02-08T09:00:00+00:00,158.889540,158.959500,158.845240,158.899910,567.45
2024-02-08T10:00:00+00:00,158.899910,159.114620,158.815670,159.027290,1261.04
2024-02-08T11:00:00+00:00,159.027290,159.078020,158.940340,158.971190,813.51
2024-02-08T12:00:00+00:00,158.971190,159.025790,158.926980,158.960720,745.08
2024-02-08T13:00:00+00:00,158.960720,159.152160,158.948690,159.095370,1185.57
2024-02-08T14:00:00+00:00,159.095370,159.102670,159.029310,159.071840,701.08
2024-02-08T15:00:00+00:00,159.071840,159.220530,159.049310,159.170400,1024.00
2024-02-08T16:00:00+00:00,159.170400,159.255870,159.023860,159.057030,1143.99
2024-02-08T17:00:00+00:00,159.057030,159.156930,158.898870,158.983030,960.70
2024-02-08T18:00:00+00:00,158.983030,158.996290,158.977120,158.977540,637.59
2024-02-08T19:00:00+00:00,158.977540,159.084660,158.930190,159.028580,880.63
2024-02-08T20:00:00+00:00,159.028580,159.129550,159.008580,159.105010,1068.00
2024-02-08T21:00:00+00:00,159.105010,159.155390,158.923800,158.983930,1182.98
2024-02-08T22:00:00+00:00,158.983930,159.016050,158.958500,159.012470,806.28
2024-02-08T23:00:00+00:00,159.012470,159.023640,158.982680,158.987410,670.17
2024-02-09T00:00:00+00:00,158.987410,159.019550,158.957490,159.016340,753.07
2024-02-09T01:00:00+00:00,159.016340,159.034400,158.997990,159.024090,593.37
2024-02-09T02:00:00+00:00,159.024090,159.067160,158.920750,158.935510,1078.13
2024-02-09T03:00:00+00:00,158.935510,159.001850,158.764480,158.840910,989.91
2024-02-09T04:00:00+00:00,158.840910,158.901430,158.806060,158.861030,612.99
2024-02-09T05:00:00+00:00,158.861030,158.899820,158.809050,158.876310,691.02
2024-02-09T06:00:00+00:00,158.876310,158.920950,158.844290,158.906230,720.90
2024-02-09T07:00:00+00:00,158.906230,158.975350,158.867500,158.965420,905.59
2024-02-09T08:00:00+00:00,158.965420,158.982180,158.923420,158.935620,810.00
2024-02-09T09:00:00+00:00,158.935620,159.107200,158.894960,159.059070,1177.80
2024-02-09T10:00:00+00:00,159.059070,159.063460,158.953340,158.998840,814.14
2024-02-09T11:00:00+00:00,158.998840,159.132120,158.918720,159.077760,940.71
2024-02-09T12:00:00+00:00,159.077760,159.102150,159.032580,159.050870,732.36
2024-02-09T13:00:00+00:00,159.050870,159.090030,159.042150,159.072010,770.35
2024-02-09T14:00:00+00:00,159.072010,159.081650,158.974830,159.019540,898.23
2024-02-09T15:00:00+00:00,159.019540,159.031380,158.963150,159.013230,692.51
2024-02-09T16:00:00+00:00,159.013230,159.061440,158.857230,158.936020,925.26
2024-02-09T17:00:00+00:00,158.936020,158.955130,158.851620,158.914480,646.60
2024-02-09T18:00:00+00:00,158.914480,158.988480,158.754180,158.816970,1087.95
2024-02-09T19:00:00+00:00,158.816970,158.853300,158.757390,158.786640,843.29
2024-02-09T20:00:00+00:00,158.786640,158.842000,158.716050,158.743330,847.83
2024-02-09T21:00:00+00:00,158.743330,158.802980,158.665630,158.771490,691.28
2024-02-09T22:00:00+00:00,158.771490,158.799130,158.678780,158.738890,684.44
2024-02-09T23:00:00+00:00,158.738890,158.971330,158.612320,158.912640,1504.13
2024-02-10T00:00:00+00:00,158.912640,158.995980,158.897770,158.927570,589.77
2024-02-10T01:00:00+00:00,158.927570,158.959600,158.669630,158.739100,1550.98
2024-02-10T02:00:00+00:00,158.739100,158.788100,158.666730,158.686150,922.96
2024-02-10T03:00:00+00:00,158.686150,158.729370,158.524360,158.581200,1179.57
2024-02-10T04:00:00+00:00,158.581200,158.618870,158.475010,158.546190,842.02
2024-02-10T05:00:00+00:00,158.546190,158.625170,158.541300,158.604620,952.59
2024-02-10T06:00:00+00:00,158.604620,158.722970,158.559380,158.654800,795.20
2024-02-10T07:00:00+00:00,158.654800,158.705040,158.607210,158.662010,620.17
2024-02-10T08:00:00+00:00,158.662010,158.768390,158.633350,158.734820,1061.06
2024-02-10T09:00:00+00:00,158.734820,158.797030,158.722970,158.757450,669.82
2024-02-10T10:00:00+00:00,158.757450,158.870880,158.710560,158.821560,938.35
2024-02-10T11:00:00+00:00,158.821560,158.854090,158.662850,158.663110,1458.63
2024-02-10T12:00:00+00:00,158.663110,158.672850,158.573040,158.641410,636.66
2024-02-10T13:00:00+00:00,158.641410,158.707840,158.453330,158.562000,994.07
2024-02-10T14:00:00+00:00,158.562000,158.681410,158.483400,158.592760,668.14
2024-02-10T15:00:00+00:00,158.592760,158.672450,158.584120,158.654030,933.45
2024-02-10T16:00:00+00:00,158.654030,158.694320,158.442720,158.514670,1339.19
2024-02-10T17:00:00+00:00,158.514670,158.614530,158.269870,158.365440,1324.02
2024-02-10T18:00:00+00:00,158.365440,158.420560,158.326100,158.369980,642.13
2024-02-10T19:00:00+00:00,158.369980,158.407480,158.341180,158.358890,749.87
2024-02-10T20:00:00+00:00,158.358890,158.407790,158.291840,158.307020,850.34
2024-02-10T21:00:00+00:00,158.307020,158.309820,158.295250,158.305810,544.39
2024-02-10T22:00:00+00:00,158.305810,158.364020,158.234570,158.290600,676.90
2024-02-10T23:00:00+00:00,158.290600,158.534880,158.251720,158.473090,1608.95
2024-02-11T00:00:00+00:00,158.473090,158.477240,158.432790,158.440820,679.71
2024-02-11T01:00:00+00:00,158.440820,158.565340,158.398960,158.540650,1071.13
2024-02-11T02:00:00+00:00,158.540650,158.748360,158.503640,158.684930,1349.55
2024-02-11T03:00:00+00:00,158.684930,158.731250,158.581950,158.665510,761.75
2024-02-11T04:00:00+00:00,158.665510,158.725960,158.603920,158.680110,749.08
2024-02-11T05:00:00+00:00,158.680110,158.704740,158.609350,158.655190,764.34
2024-02-11T06:00:00+00:00,158.655190,158.675480,158.602310,158.674560,654.76
2024-02-11T07:00:00+00:00,158.674560,158.718710,158.478790,158.536750,1319.77
2024-02-11T08:00:00+00:00,158.536750,158.621120,158.511710,158.600520,837.30
2024-02-11T09:00:00+00:00,158.600520,158.685580,158.553170,158.663550,915.50
2024-02-11T10:00:00+00:00,158.663550,158.671160,158.474420,158.573770,1062.28
2024-02-11T11:00:00+00:00,158.573770,158.592870,158.458660,158.490690,995.87
2024-02-11T12:00:00+00:00,158.490690,158.555260,158.425320,158.431360,803.79
2024-02-11T13:00:00+00:00,158.431360,158.441770,158.384080,158.440460,702.44
2024-02-11T14:00:00+00:00,158.440460,158.482710,158.370500,158.405890,715.86
2024-02-11T15:00:00+00:00,158.405890,158.443870,158.379240,158.422860,733.24
2024-02-11T16:00:00+00:00,158.422860,158.516980,158.395920,158.513930,1124.62
2024-02-11T17:00:00+00:00,158.513930,158.557810,158.485300,158.544250,829.24
2024-02-11T18:00:00+00:00,158.544250,158.614300,158.497320,158.608720,870.24
2024-02-11T19:00:00+00:00,158.608720,158.726040,158.571320,158.692060,1010.56
2024-02-11T20:00:00+00:00,158.692060,158.895750,158.637810,158.832850,1382.87
2024-02-11T21:00:00+00:00,158.832850,158.885170,158.793010,158.867300,830.55
2024-02-11T22:00:00+00:00,158.867300,159.113170,158.847280,159.030790,1451.32
2024-02-11T23:00:00+00:00,159.030790,159.161030,159.029360,159.143480,1178.18
2024-02-12T00:00:00+00:00,159.143480,159.182040,159.135390,159.155610,675.22
2024-02-12T01:00:00+00:00,159.155610,159.264300,159.149370,159.261660,1083.95
2024-02-12T02:00:00+00:00,159.261660,159.393140,159.183230,159.338800,984.01
2024-02-12T03:00:00+00:00,159.338800,159.384230,159.153050,159.194680,1387.15
2024-02-12T04:00:00+00:00,159.194680,159.235700,158.991250,159.088650,1105.07
2024-02-12T05:00:00+00:00,159.088650,159.099980,159.072170,159.098990,606.35
2024-02-12T06:00:00+00:00,159.098990,159.110400,159.055440,159.081600,642.11
2024-02-12T07:00:00+00:00,159.081600,159.197550,159.054530,159.160630,1076.65
2024-02-12T08:00:00+00:00,159.160630,159.185770,158.958670,159.037980,1165.38
2024-02-12T09:00:00+00:00,159.037980,159.089580,158.904450,158.978280,892.52
2024-02-12T10:00:00+00:00,158.978280,159.146530,158.931620,159.093060,1225.42
2024-02-12T11:00:00+00:00,159.093060,159.160030,159.046530,159.123400,720.85
2024-02-12T12:00:00+00:00,159.123400,159.150110,159.117730,159.137290,686.88
2024-02-12T13:00:00+00:00,159.137290,159.150240,159.098970,159.122840,710.57
2024-02-12T14:00:00+00:00,159.122840,159.216420,159.084350,159.180370,847.00
2024-02-12T15:00:00+00:00,159.180370,159.263290,159.111520,159.113500,837.65
2024-02-12T16:00:00+00:00,159.113500,159.146530,159.011740,159.078020,795.60
2024-02-12T17:00:00+00:00,159.078020,159.372060,159.000220,159.267950,1608.83
2024-02-12T18:00:00+00:00,159.267950,159.273280,159.151960,159.174740,1090.40
2024-02-12T19:00:00+00:00,159.174740,159.218280,159.089590,159.124420,857.59
2024-02-12T20:00:00+00:00,159.124420,159.234800,159.103030,159.156940,842.40
2024-02-12T21:00:00+00:00,159.156940,159.220000,159.144430,159.203760,806.52
2024-02-12T22:00:00+00:00,159.203760,159.330510,159.106000,159.277780,1056.04
2024-02-12T23:00:00+00:00,159.277780,159.283810,159.170850,159.241070,720.94
2024-02-13T00:00:00+00:00,159.241070,159.251160,159.217200,159.224750,680.99
2024-02-13T01:00:00+00:00,159.224750,159.253070,159.185600,159.217540,720.92
2024-02-13T02:00:00+00:00,159.217540,159.254910,159.194550,159.229450,666.29
2024-02-13T03:00:00+00:00,159.229450,159.334580,159.176630,159.331280,1091.25
2024-02-13T04:00:00+00:00,159.331280,159.435210,159.323570,159.405970,915.86
2024-02-13T05:00:00+00:00,159.405970,159.442650,159.322550,159.333450,966.56
2024-02-13T06:00:00+00:00,159.333450,159.381390,159.295840,159.306950,811.86
2024-02-13T07:00:00+00:00,159.306950,159.536990,159.221880,159.451290,1336.22
2024-02-13T08:00:00+00:00,159.451290,159.542140,159.396020,159.479110,798.53
2024-02-13T09:00:00+00:00,159.479110,159.576140,159.446460,159.529480,888.00
2024-02-13T10:00:00+00:00,159.529480,159.583380,159.487760,159.497520,674.85
2024-02-13T11:00:00+00:00,159.497520,159.567250,159.269390,159.354690,1329.69
2024-02-13T12:00:00+00:00,159.354690,159.474020,159.340700,159.442120,974.78
2024-02-13T13:00:00+00:00,159.442120,159.486080,159.284460,159.375890,998.90
2024-02-13T14:00:00+00:00,159.375890,159.516650,159.362130,159.454600,1000.94
2024-02-13T15:00:00+00:00,159.454600,159.515930,159.383090,159.449210,702.63
2024-02-13T16:00:00+00:00,159.449210,159.602210,159.421730,159.560570,1115.54
2024-02-13T17:00:00+00:00,159.560570,159.632900,159.423970,159.484890,987.84
2024-02-13T18:00:00+00:00,159.484890,159.544370,159.446830,159.481580,581.22
2024-02-13T19:00:00+00:00,159.481580,159.562510,159.466460,159.525020,741.79
2024-02-13T20:00:00+00:00,159.525020,159.560260,159.321870,159.433270,1130.10
2024-02-13T21:00:00+00:00,159.433270,159.453590,159.380430,159.400020,702.74
2024-02-13T22:00:00+00:00,159.400020,159.467330,159.298280,159.333780,1013.17
2024-02-13T23:00:00+00:00,159.333780,159.415740,159.329030,159.340210,640.43
2024-02-14T00:00:00+00:00,159.340210,159.348950,159.215200,159.230320,1153.06
2024-02-14T01:00:00+00:00,159.230320,159.277250,159.215070,159.276700,878.79
2024-02-14T02:00:00+00:00,159.276700,159.337470,159.065070,159.176230,1128.06
2024-02-14T03:00:00+00:00,159.176230,159.198440,159.171370,159.176280,595.03
2024-02-14T04:00:00+00:00,159.176280,159.178250,159.030770,159.037030,1241.25
2024-02-14T05:00:00+00:00,159.037030,159.071480,159.007250,159.035100,567.73
2024-02-14T06:00:00+00:00,159.035100,159.075040,158.984190,159.069980,774.62
2024-02-14T07:00:00+00:00,159.069980,159.110100,158.950940,158.985520,1080.36
2024-02-14T08:00:00+00:00,158.985520,158.997890,158.979600,158.986260,586.22
2024-02-14T09:00:00+00:00,158.986260,159.099890,158.962520,159.058450,1059.61
2024-02-14T10:00:00+00:00,159.058450,159.095720,159.031150,159.090890,783.11
2024-02-14T11:00:00+00:00,159.090890,159.136250,158.936270,158.972800,1151.06
2024-02-14T12:00:00+00:00,158.972800,159.112720,158.879720,159.081480,1080.37
2024-02-14T13:00:00+00:00,159.081480,159.181640,159.062150,159.169460,1124.56
2024-02-14T14:00:00+00:00,159.169460,159.226540,159.101770,159.145770,729.37
2024-02-14T15:00:00+00:00,159.145770,159.192040,159.122940,159.126630,635.74
2024-02-14T16:00:00+00:00,159.126630,159.152870,159.103710,159.152650,720.12
2024-02-14T17:00:00+00:00,159.152650,159.244120,159.129340,159.212560,937.04
2024-02-14T18:00:00+00:00,159.212560,159.224500,159.193080,159.193690,668.06
2024-02-14T19:00:00+00:00,159.193690,159.275510,159.151900,159.252560,859.34
2024-02-14T20:00:00+00:00,159.252560,159.449810,159.212010,159.381340,1269.79
2024-02-14T21:00:00+00:00,159.381340,159.479090,159.261910,159.313720,930.65
2024-02-14T22:00:00+00:00,159.313720,159.318840,159.253660,159.270330,861.55
2024-02-14T23:00:00+00:00,159.270330,159.310390,159.176550,159.251830,687.35
2024-02-15T00:00:00+00:00,159.251830,159.259220,159.083200,159.122260,1195.85
2024-02-15T01:00:00+00:00,159.122260,159.163210,159.059680,159.070050,802.07
2024-02-15T02:00:00+00:00,159.070050,159.133540,159.066120,159.091270,696.28
2024-02-15T03:00:00+00:00,159.091270,159.169960,159.037460,159.041860,916.33
2024-02-15T04:00:00+00:00,159.041860,159.098410,159.010100,159.075300,781.31
2024-02-15T05:00:00+00:00,159.075300,159.091710,159.000770,159.014140,868.38
2024-02-15T06:00:00+00:00,159.014140,159.038990,158.869760,158.942500,975.79
2024-02-15T07:00:00+00:00,158.942500,158.979250,158.915210,158.971850,766.38
2024-02-15T08:00:00+00:00,158.971850,159.082550,158.970490,159.042080,881.24
2024-02-15T09:00:00+00:00,159.042080,159.210690,159.028270,159.179430,1295.76
2024-02-15T10:00:00+00:00,159.179430,159.252920,159.173090,159.210090,695.75
2024-02-15T11:00:00+00:00,159.210090,159.254880,159.199720,159.252850,769.96
2024-02-15T12:00:00+00:00,159.252850,159.293350,159.120500,159.175450,1002.32
2024-02-15T13:00:00+00:00,159.175450,159.249170,159.029010,159.072630,1051.98
2024-02-15T14:00:00+00:00,159.072630,159.149830,159.031790,159.060530,633.39
2024-02-15T15:00:00+00:00,159.060530,159.081880,158.970280,158.999560,866.69
2024-02-15T16:00:00+00:00,158.999560,159.089480,158.997350,159.068270,1035.56
2024-02-15T17:00:00+00:00,159.068270,159.112110,158.953870,159.023390,818.46
2024-02-15T18:00:00+00:00,159.023390,159.023800,158.999970,159.004670,721.58
2024-02-15T19:00:00+00:00,159.004670,159.071240,158.924710,158.967150,872.35
2024-02-15T20:00:00+00:00,158.967150,159.022120,158.858280,158.911410,953.33
2024-02-15T21:00:00+00:00,158.911410,158.940090,158.889270,158.903720,633.98
2024-02-15T22:00:00+00:00,158.903720,159.007830,158.888890,158.977350,981.84
2024-02-15T23:00:00+00:00,158.977350,158.983560,158.853550,158.940610,864.81
2024-02-16T00:00:00+00:00,158.940610,159.148120,158.877590,159.146260,1634.87
2024-02-16T01:00:00+00:00,159.146260,159.284410,159.103180,159.256570,1088.02
2024-02-16T02:00:00+00:00,159.256570,159.311230,159.147570,159.161650,976.80
2024-02-16T03:00:00+00:00,159.161650,159.297410,159.081560,159.202700,806.85
2024-02-16T04:00:00+00:00,159.202700,159.202750,159.143930,159.177950,717.04
2024-02-16T05:00:00+00:00,159.177950,159.212120,159.107860,159.189750,627.12
2024-02-16T06:00:00+00:00,159.189750,159.254850,159.184180,159.222060,823.63
2024-02-16T07:00:00+00:00,159.222060,159.428620,159.194430,159.420660,1586.15
2024-02-16T08:00:00+00:00,159.420660,159.562920,159.402750,159.500620,1030.85
2024-02-16T09:00:00+00:00,159.500620,159.535520,159.406970,159.459810,786.58
2024-02-16T10:00:00+00:00,159.459810,159.489510,159.330610,159.362080,1119.58
2024-02-16T11:00:00+00:00,159.362080,159.502280,159.337850,159.428760,848.69
2024-02-16T12:00:00+00:00,159.428760,159.511270,159.253950,159.255070,1448.74
2024-02-16T13:00:00+00:00,159.255070,159.273170,159.148020,159.160160,1121.47
2024-02-16T14:00:00+00:00,159.160160,159.163650,159.120900,159.137350,662.38
2024-02-16T15:00:00+00:00,159.137350,159.177780,159.040590,159.073570,836.83
2024-02-16T16:00:00+00:00,159.073570,159.249070,159.054280,159.238980,1511.03
2024-02-16T17:00:00+00:00,159.238980,159.346450,159.219910,159.310410,983.79
2024-02-16T18:00:00+00:00,159.310410,159.357720,159.296010,159.357300,885.37
2024-02-16T19:00:00+00:00,159.357300,159.459660,159.338060,159.414160,919.68
2024-02-16T20:00:00+00:00,159.414160,159.526590,159.204070,159.287950,1168.43
2024-02-16T21:00:00+00:00,159.287950,159.387370,159.231250,159.382040,1118.34
2024-02-16T22:00:00+00:00,159.382040,159.440870,159.347390,159.433240,768.81
2024-02-16T23:00:00+00:00,159.433240,159.652210,159.422640,159.566130,1184.91
2024-02-17T00:00:00+00:00,159.566130,159.653460,159.563250,159.613040,777.44
2024-02-17T01:00:00+00:00,159.613040,159.744200,159.550840,159.666330,946.70
2024-02-17T02:00:00+00:00,159.666330,159.713020,159.643150,159.684510,749.33
2024-02-17T03:00:00+00:00,159.684510,159.769530,159.577440,159.639370,822.36
2024-02-17T04:00:00+00:00,159.639370,159.694680,159.367410,159.470860,1534.87
2024-02-17T05:00:00+00:00,159.470860,159.549670,159.451470,159.509050,725.50
2024-02-17T06:00:00+00:00,159.509050,159.600300,159.431980,159.582350,885.24
2024-02-17T07:00:00+00:00,159.582350,159.618830,159.381380,159.460520,1303.22
2024-02-17T08:00:00+00:00,159.460520,159.522220,159.300280,159.399050,942.46
2024-02-17T09:00:00+00:00,159.399050,159.435010,159.346290,159.398970,518.39
2024-02-17T10:00:00+00:00,159.398970,159.442910,159.284450,159.359760,714.30
2024-02-17T11:00:00+00:00,159.359760,159.372480,159.207570,159.290810,972.60
2024-02-17T12:00:00+00:00,159.290810,159.364510,159.289520,159.323990,853.81
2024-02-17T13:00:00+00:00,159.323990,159.389060,159.321900,159.342070,745.33
2024-02-17T14:00:00+00:00,159.342070,159.361270,159.275970,159.315860,634.56
2024-02-17T15:00:00+00:00,159.315860,159.427070,159.287660,159.370410,932.56
2024-02-17T16:00:00+00:00,159.370410,159.436960,159.364480,159.376070,706.53
2024-02-17T17:00:00+00:00,159.376070,159.574780,159.325370,159.516580,1234.85
2024-02-17T18:00:00+00:00,159.516580,159.596610,159.402920,159.442870,962.40
2024-02-17T19:00:00+00:00,159.442870,159.459140,159.387320,159.425810,722.68
2024-02-17T20:00:00+00:00,159.425810,159.498030,159.369180,159.417140,705.26
2024-02-17T21:00:00+00:00,159.417140,159.431760,159.371140,159.405990,649.83
2024-02-17T22:00:00+00:00,159.405990,159.432560,159.402740,159.416730,555.76
2024-02-17T23:00:00+00:00,159.416730,159.422040,159.395920,159.396340,658.70
2024-02-18T00:00:00+00:00,159.396340,159.469630,159.371000,159.442240,708.56
2024-02-18T01:00:00+00:00,159.442240,159.464770,159.402890,159.436670,832.52
2024-02-18T02:00:00+00:00,159.436670,159.477420,159.413890,159.475690,696.31
2024-02-18T03:00:00+00:00,159.475690,159.537890,159.441510,159.459140,731.86
2024-02-18T04:00:00+00:00,159.459140,159.560830,159.416240,159.552350,915.24
2024-02-18T05:00:00+00:00,159.552350,159.792050,159.450940,159.758510,1490.38
2024-02-18T06:00:00+00:00,159.758510,159.772610,159.672220,159.712540,996.81
2024-02-18T07:00:00+00:00,159.712540,159.727830,159.623650,159.656690,1035.18
2024-02-18T08:00:00+00:00,159.656690,159.709080,159.557470,159.609220,1005.87
2024-02-18T09:00:00+00:00,159.609220,159.629730,159.582740,159.593190,806.46
2024-02-18T10:00:00+00:00,159.593190,159.672850,159.571810,159.615760,581.91
2024-02-18T11:00:00+00:00,159.615760,159.660350,159.486140,159.526800,1171.50
2024-02-18T12:00:00+00:00,159.526800,159.594380,159.453910,159.466140,1119.67
2024-02-18T13:00:00+00:00,159.466140,159.509860,159.450670,159.507590,610.83
2024-02-18T14:00:00+00:00,159.507590,159.582790,159.277170,159.323700,1663.60
2024-02-18T15:00:00+00:00,159.323700,159.372730,159.170100,159.215010,1207.38
2024-02-18T16:00:00+00:00,159.215010,159.356790,159.167850,159.297040,904.25
2024-02-18T17:00:00+00:00,159.297040,159.311420,159.212270,159.296140,766.57
2024-02-18T18:00:00+00:00,159.296140,159.304870,159.181020,159.199680,1316.54
2024-02-18T19:00:00+00:00,159.199680,159.238430,159.010440,159.089690,1251.87
2024-02-18T20:00:00+00:00,159.089690,159.318590,159.006400,159.243070,1132.01
2024-02-18T21:00:00+00:00,159.243070,159.290020,159.158100,159.237680,760.81
2024-02-18T22:00:00+00:00,159.237680,159.278610,159.103170,159.160440,1135.82
2024-02-18T23:00:00+00:00,159.160440,159.174930,159.035680,159.086810,1155.07
2024-02-19T00:00:00+00:00,159.086810,159.168720,158.965310,158.992090,1125.00
2024-02-19T01:00:00+00:00,158.992090,159.011230,158.852390,158.889930,1179.96
2024-02-19T02:00:00+00:00,158.889930,158.922800,158.867310,158.874650,755.31
2024-02-19T03:00:00+00:00,158.874650,158.957120,158.868280,158.939150,760.02
2024-02-19T04:00:00+00:00,158.939150,159.140870,158.876340,159.071750,1211.40
2024-02-19T05:00:00+00:00,159.071750,159.129570,158.981400,159.037240,860.86
2024-02-19T06:00:00+00:00,159.037240,159.168110,158.997520,159.127550,878.82
2024-02-19T07:00:00+00:00,159.127550,159.156900,159.111990,159.119400,773.72
2024-02-19T08:00:00+00:00,159.119400,159.148770,158.940030,158.993010,1324.26
2024-02-19T09:00:00+00:00,158.993010,159.125370,158.919320,159.067710,854.92
2024-02-19T10:00:00+00:00,159.067710,159.106930,159.001820,159.104700,671.83
2024-02-19T11:00:00+00:00,159.104700,159.236940,159.031510,159.187540,782.17
2024-02-19T12:00:00+00:00,159.187540,159.212420,159.146870,159.163940,946.79
2024-02-19T13:00:00+00:00,159.163940,159.177760,159.140230,159.168340,686.91
2024-02-19T14:00:00+00:00,159.168340,159.282780,159.129490,159.247260,904.55
2024-02-19T15:00:00+00:00,159.247260,159.249110,159.206340,159.216170,954.32
2024-02-19T16:00:00+00:00,159.216170,159.294400,159.204340,159.271740,745.54
2024-02-19T17:00:00+00:00,159.271740,159.347140,159.258680,159.309240,693.43
2024-02-19T18:00:00+00:00,159.309240,159.488470,159.264660,159.462350,1310.85
2024-02-19T19:00:00+00:00,159.462350,159.606150,159.398100,159.574160,1073.23
2024-02-19T20:00:00+00:00,159.574160,159.732120,159.513770,159.681150,996.68
2024-02-19T21:00:00+00:00,159.681150,159.682420,159.642570,159.663240,920.76
2024-02-19T22:00:00+00:00,159.663240,159.751950,159.562260,159.582610,1095.58
2024-02-19T23:00:00+00:00,159.582610,159.639330,159.578030,159.597410,749.34
2024-02-20T00:00:00+00:00,159.597410,159.720650,159.489490,159.704710,1031.68
2024-02-20T01:00:00+00:00,159.704710,160.069870,159.586690,159.973320,1838.38
2024-02-20T02:00:00+00:00,159.973320,159.997340,159.895980,159.921010,938.48
2024-02-20T03:00:00+00:00,159.921010,159.941290,159.838430,159.858930,1082.82
2024-02-20T04:00:00+00:00,159.858930,159.913970,159.837670,159.888890,581.83
2024-02-20T05:00:00+00:00,159.888890,159.902610,159.816860,159.828390,1048.90
2024-02-20T06:00:00+00:00,159.828390,159.920790,159.745630,159.794570,933.86
2024-02-20T07:00:00+00:00,159.794570,159.904160,159.750380,159.898660,919.04
2024-02-20T08:00:00+00:00,159.898660,159.956270,159.866230,159.875930,829.39
2024-02-20T09:00:00+00:00,159.875930,159.923590,159.870560,159.918490,668.12
2024-02-20T10:00:00+00:00,159.918490,160.050080,159.868920,159.995810,760.43
2024-02-20T11:00:00+00:00,159.995810,160.057960,159.864130,159.890010,1351.23
2024-02-20T12:00:00+00:00,159.890010,159.997710,159.874220,159.977120,948.37
2024-02-20T13:00:00+00:00,159.977120,160.011090,159.841520,159.893750,1235.14
2024-02-20T14:00:00+00:00,159.893750,160.008970,159.891080,159.957030,834.24
2024-02-20T15:00:00+00:00,159.957030,160.152840,159.862790,160.051880,1025.13
2024-02-20T16:00:00+00:00,160.051880,160.083830,160.022550,160.026270,878.31
2024-02-20T17:00:00+00:00,160.026270,160.179540,159.973570,160.172750,1196.55
2024-02-20T18:00:00+00:00,160.172750,160.258850,160.133950,160.209320,562.67
2024-02-20T19:00:00+00:00,160.209320,160.315130,160.138980,160.283750,857.44
2024-02-20T20:00:00+00:00,160.283750,160.495550,160.217340,160.445310,1272.94
2024-02-20T21:00:00+00:00,160.445310,160.543870,160.240550,160.340770,1204.71
2024-02-20T22:00:00+00:00,160.340770,160.436460,160.338020,160.382900,679.75
2024-02-20T23:00:00+00:00,160.382900,160.444420,160.365820,160.424150,680.90
2024-02-21T00:00:00+00:00,160.424150,160.455800,160.347050,160.450420,568.45
2024-02-21T01:00:00+00:00,160.450420,160.498770,160.443020,160.470050,687.71
2024-02-21T02:00:00+00:00,160.470050,160.675630,160.418210,160.630360,1271.82
2024-02-21T03:00:00+00:00,160.630360,160.724130,160.544310,160.654900,667.76
2024-02-21T04:00:00+00:00,160.654900,160.701190,160.603590,160.635970,873.72
2024-02-21T05:00:00+00:00,160.635970,160.643640,160.589950,160.637770,792.89
2024-02-21T06:00:00+00:00,160.637770,160.649230,160.553280,160.603880,962.12
2024-02-21T07:00:00+00:00,160.603880,160.610490,160.412440,160.469460,1477.73
2024-02-21T08:00:00+00:00,160.469460,160.485740,160.455080,160.480460,648.38
2024-02-21T09:00:00+00:00,160.480460,160.623640,160.465180,160.571810,959.29
2024-02-21T10:00:00+00:00,160.571810,160.668800,160.533900,160.651620,808.94
2024-02-21T11:00:00+00:00,160.651620,160.744120,160.585550,160.689640,553.30
2024-02-21T12:00:00+00:00,160.689640,160.737800,160.605780,160.611040,1073.34
2024-02-21T13:00:00+00:00,160.611040,160.795880,160.554080,160.727400,1105.16
2024-02-21T14:00:00+00:00,160.727400,160.765260,160.705380,160.754790,514.41
2024-02-21T15:00:00+00:00,160.754790,160.854880,160.741920,160.795610,569.06
2024-02-21T16:00:00+00:00,160.795610,160.983530,160.731170,160.927070,1097.36
2024-02-21T17:00:00+00:00,160.927070,161.050480,160.885770,161.012000,954.78
2024-02-21T18:00:00+00:00,161.012000,161.047280,160.969150,160.990940,855.24
2024-02-21T19:00:00+00:00,160.990940,161.005900,160.938920,160.965160,813.71
2024-02-21T20:00:00+00:00,160.965160,160.999730,160.937480,160.973350,761.39
2024-02-21T21:00:00+00:00,160.973350,161.061780,160.951940,161.006390,641.77
2024-02-21T22:00:00+00:00,161.006390,161.081330,160.958660,161.064500,805.32
2024-02-21T23:00:00+00:00,161.064500,161.067940,161.031050,161.066850,707.86
2024-02-22T00:00:00+00:00,161.066850,161.129240,160.960520,160.977790,1087.91
2024-02-22T01:00:00+00:00,160.977790,161.173050,160.963970,161.081570,997.81
2024-02-22T02:00:00+00:00,161.081570,161.232840,161.033680,161.145010,875.17
2024-02-22T03:00:00+00:00,161.145010,161.217970,161.022270,161.097710,878.47
2024-02-22T04:00:00+00:00,161.097710,161.209470,161.052220,161.156780,805.77
2024-02-22T05:00:00+00:00,161.156780,161.265410,161.127780,161.263330,943.59
2024-02-22T06:00:00+00:00,161.263330,161.489450,161.254870,161.447700,1428.96
2024-02-22T07:00:00+00:00,161.447700,161.517460,161.407000,161.488840,723.52
2024-02-22T08:00:00+00:00,161.488840,161.587800,161.448390,161.537890,765.99
2024-02-22T09:00:00+00:00,161.537890,161.636410,161.526340,161.597670,742.13
2024-02-22T10:00:00+00:00,161.597670,161.701830,161.595560,161.668980,786.49
2024-02-22T11:00:00+00:00,161.668980,161.845280,161.620800,161.742200,810.71
2024-02-22T12:00:00+00:00,161.742200,161.753180,161.684270,161.721830,744.64
2024-02-22T13:00:00+00:00,161.721830,161.807490,161.701550,161.769520,621.34
2024-02-22T14:00:00+00:00,161.769520,161.773470,161.618560,161.648020,1359.95
2024-02-22T15:00:00+00:00,161.648020,161.695530,161.631520,161.635750,797.42
2024-02-22T16:00:00+00:00,161.635750,161.905380,161.536280,161.812250,1258.26
2024-02-22T17:00:00+00:00,161.812250,161.851790,161.799260,161.826370,576.62
2024-02-22T18:00:00+00:00,161.826370,161.904220,161.793040,161.866120,627.17
2024-02-22T19:00:00+00:00,161.866120,161.970830,161.837460,161.939800,866.82
2024-02-22T20:00:00+00:00,161.939800,161.984090,161.795500,161.828200,1233.48
2024-02-22T21:00:00+00:00,161.828200,161.869030,161.781340,161.818920,690.73
2024-02-22T22:00:00+00:00,161.818920,161.849900,161.710320,161.753040,1168.01
2024-02-22T23:00:00+00:00,161.753040,161.799090,161.706740,161.761390,614.83
2024-02-23T00:00:00+00:00,161.761390,161.858080,161.720560,161.810630,778.71
2024-02-23T01:00:00+00:00,161.810630,161.884010,161.639970,161.725590,1172.34
2024-02-23T02:00:00+00:00,161.725590,161.870210,161.667880,161.808000,785.95
2024-02-23T03:00:00+00:00,161.808000,161.905490,161.750100,161.853940,603.45
2024-02-23T04:00:00+00:00,161.853940,161.955230,161.818720,161.921410,894.86
2024-02-23T05:00:00+00:00,161.921410,161.986280,161.888990,161.951790,810.40
2024-02-23T06:00:00+00:00,161.951790,161.971930,161.807540,161.840780,1227.48
2024-02-23T07:00:00+00:00,161.840780,161.948140,161.791080,161.893490,951.71
2024-02-23T08:00:00+00:00,161.893490,161.935950,161.790600,161.844000,774.12
2024-02-23T09:00:00+00:00,161.844000,162.014360,161.765770,161.934590,1073.77
2024-02-23T10:00:00+00:00,161.934590,161.950910,161.692070,161.767560,1464.28
2024-02-23T11:00:00+00:00,161.767560,161.855050,161.732220,161.807280,771.85
2024-02-23T12:00:00+00:00,161.807280,161.919260,161.790900,161.850670,902.09
2024-02-23T13:00:00+00:00,161.850670,161.858110,161.765370,161.838210,657.70
2024-02-23T14:00:00+00:00,161.838210,161.913520,161.819010,161.850570,574.23
2024-02-23T15:00:00+00:00,161.850570,161.872230,161.592990,161.642950,1719.48
2024-02-23T16:00:00+00:00,161.642950,161.726050,161.609460,161.660730,618.56
2024-02-23T17:00:00+00:00,161.660730,161.859450,161.624990,161.798600,1216.29
2024-02-23T18:00:00+00:00,161.798600,161.892820,161.640610,161.682350,1168.79
2024-02-23T19:00:00+00:00,161.682350,161.696370,161.578260,161.632450,800.35
2024-02-23T20:00:00+00:00,161.632450,161.666970,161.578120,161.650830,734.45
2024-02-23T21:00:00+00:00,161.650830,161.722120,161.487990,161.560850,1049.76
2024-02-23T22:00:00+00:00,161.560850,161.575650,161.460770,161.494600,1012.60
2024-02-23T23:00:00+00:00,161.494600,161.501530,161.393970,161.469910,627.64
2024-02-24T00:00:00+00:00,161.469910,161.542080,161.205830,161.233990,1725.94
2024-02-24T01:00:00+00:00,161.233990,161.253870,161.031840,161.096380,1347.21
2024-02-24T02:00:00+00:00,161.096380,161.140630,161.039680,161.075060,767.07
2024-02-24T03:00:00+00:00,161.075060,161.102310,161.073540,161.085610,661.79
2024-02-24T04:00:00+00:00,161.085610,161.128150,161.048170,161.091390,683.97
2024-02-24T05:00:00+00:00,161.091390,161.253780,161.063280,161.221870,1233.57
2024-02-24T06:00:00+00:00,161.221870,161.286910,161.156770,161.176680,891.49
2024-02-24T07:00:00+00:00,161.176680,161.262110,161.129840,161.250580,886.47
2024-02-24T08:00:00+00:00,161.250580,161.323500,161.218920,161.228760,741.26
2024-02-24T09:00:00+00:00,161.228760,161.265140,161.165310,161.181880,746.39
2024-02-24T10:00:00+00:00,161.181880,161.347420,161.155070,161.284340,1209.80
2024-02-24T11:00:00+00:00,161.284340,161.318160,161.224260,161.264860,702.98
2024-02-24T12:00:00+00:00,161.264860,161.322730,161.233290,161.271180,719.14
2024-02-24T13:00:00+00:00,161.271180,161.283700,161.187070,161.223420,788.52
2024-02-24T14:00:00+00:00,161.223420,161.281580,161.173300,161.266490,862.12
2024-02-24T15:00:00+00:00,161.266490,161.324890,161.261400,161.298710,688.42
2024-02-24T16:00:00+00:00,161.298710,161.327680,161.145660,161.205680,971.25
2024-02-24T17:00:00+00:00,161.205680,161.267160,161.085670,161.142340,982.17
2024-02-24T18:00:00+00:00,161.142340,161.171430,161.114490,161.152320,639.29
2024-02-24T19:00:00+00:00,161.152320,161.265310,161.141810,161.244620,1068.95
2024-02-24T20:00:00+00:00,161.244620,161.316930,161.156610,161.259590,629.68
2024-02-24T21:00:00+00:00,161.259590,161.411200,161.180970,161.388220,1248.59
2024-02-24T22:00:00+00:00,161.388220,161.429180,161.342320,161.369370,636.94
2024-02-24T23:00:00+00:00,161.369370,161.437210,161.345650,161.416880,834.08
2024-02-25T00:00:00+00:00,161.416880,161.481330,161.330750,161.453070,731.72
2024-02-25T01:00:00+00:00,161.453070,161.475050,161.448030,161.459370,646.70
2024-02-25T02:00:00+00:00,161.459370,161.537720,161.327400,161.418130,831.20
2024-02-25T03:00:00+00:00,161.418130,161.439740,161.357160,161.396810,749.63
2024-02-25T04:00:00+00:00,161.396810,161.541230,161.339400,161.513230,1149.13
2024-02-25T05:00:00+00:00,161.513230,161.656540,161.470850,161.614370,1075.64
2024-02-25T06:00:00+00:00,161.614370,161.672850,161.385500,161.427590,1531.53
2024-02-25T07:00:00+00:00,161.427590,161.493920,161.423310,161.426280,555.92
2024-02-25T08:00:00+00:00,161.426280,161.496260,161.239330,161.304480,1135.76
2024-02-25T09:00:00+00:00,161.304480,161.519510,161.234020,161.444430,1332.36
2024-02-25T10:00:00+00:00,161.444430,161.454940,161.387570,161.411730,784.39
2024-02-25T11:00:00+00:00,161.411730,161.586830,161.329260,161.490790,1001.40
2024-02-25T12:00:00+00:00,161.490790,161.491990,161.476250,161.486600,611.41
2024-02-25T13:00:00+00:00,161.486600,161.565950,161.421030,161.490400,615.06
2024-02-25T14:00:00+00:00,161.490400,161.491050,161.435440,161.441720,757.47
2024-02-25T15:00:00+00:00,161.441720,161.506700,161.433100,161.446050,606.82
2024-02-25T16:00:00+00:00,161.446050,161.481910,161.411480,161.445820,505.14
2024-02-25T17:00:00+00:00,161.445820,161.474390,161.361860,161.396610,759.69
2024-02-25T18:00:00+00:00,161.396610,161.458800,161.268540,161.336570,815.13
2024-02-25T19:00:00+00:00,161.336570,161.479200,161.255320,161.441810,1283.41
2024-02-25T20:00:00+00:00,161.441810,161.471270,161.421660,161.457190,835.08
2024-02-25T21:00:00+00:00,161.457190,161.545340,161.271130,161.344270,1108.12
2024-02-25T22:00:00+00:00,161.344270,161.449550,161.283510,161.407180,958.05
2024-02-25T23:00:00+00:00,161.407180,161.607360,161.351360,161.537660,1482.57
2024-02-26T00:00:00+00:00,161.537660,161.555480,161.529530,161.534130,760.18
2024-02-26T01:00:00+00:00,161.534130,161.597270,161.405480,161.413210,1011.76
2024-02-26T02:00:00+00:00,161.413210,161.427130,161.332330,161.359020,772.19
2024-02-26T03:00:00+00:00,161.359020,161.420130,161.111170,161.182250,1404.34
2024-02-26T04:00:00+00:00,161.182250,161.238570,161.149700,161.224380,986.69
2024-02-26T05:00:00+00:00,161.224380,161.402960,161.164530,161.303780,1219.11
2024-02-26T06:00:00+00:00,161.303780,161.385850,161.220810,161.232270,761.66
2024-02-26T07:00:00+00:00,161.232270,161.238810,161.126530,161.151180,854.16
2024-02-26T08:00:00+00:00,161.151180,161.164330,161.133800,161.164190,807.06
2024-02-26T09:00:00+00:00,161.164190,161.236100,161.077680,161.115830,738.22
2024-02-26T10:00:00+00:00,161.115830,161.318960,161.031790,161.225660,1266.18
2024-02-26T11:00:00+00:00,161.225660,161.330890,161.207760,161.290910,1063.63
2024-02-26T12:00:00+00:00,161.290910,161.340660,161.141160,161.235600,769.16
2024-02-26T13:00:00+00:00,161.235600,161.284930,161.147190,161.159930,762.02
2024-02-26T14:00:00+00:00,161.159930,161.225150,160.953280,161.038370,1027.96
2024-02-26T15:00:00+00:00,161.038370,161.110460,160.940290,160.947400,944.28
2024-02-26T16:00:00+00:00,160.947400,160.995830,160.930310,160.961870,724.25
2024-02-26T17:00:00+00:00,160.961870,160.996870,160.928280,160.975390,806.12
2024-02-26T18:00:00+00:00,160.975390,161.009960,160.779180,160.833580,1110.98
2024-02-26T19:00:00+00:00,160.833580,160.912590,160.793690,160.830950,761.93
2024-02-26T20:00:00+00:00,160.830950,160.915940,160.779500,160.794180,652.46
2024-02-26T21:00:00+00:00,160.794180,160.865180,160.740430,160.786990,631.75
2024-02-26T22:00:00+00:00,160.786990,160.809430,160.784960,160.804960,734.95
2024-02-26T23:00:00+00:00,160.804960,160.917630,160.789440,160.899510,1235.77
2024-02-27T00:00:00+00:00,160.899510,160.902020,160.866600,160.888710,719.97
2024-02-27T01:00:00+00:00,160.888710,160.915280,160.877720,160.910560,806.92
2024-02-27T02:00:00+00:00,160.910560,160.967980,160.807780,160.867650,728.79
2024-02-27T03:00:00+00:00,160.867650,160.942480,160.780490,160.884920,733.92
2024-02-27T04:00:00+00:00,160.884920,160.927360,160.834160,160.843580,580.88
2024-02-27T05:00:00+00:00,160.843580,160.926280,160.833370,160.851200,873.14
2024-02-27T06:00:00+00:00,160.851200,160.981870,160.775810,160.969780,1279.59
2024-02-27T07:00:00+00:00,160.969780,161.028470,160.919810,160.937910,673.72
2024-02-27T08:00:00+00:00,160.937910,160.972360,160.867780,160.883470,809.72
2024-02-27T09:00:00+00:00,160.883470,160.913390,160.872690,160.891700,795.89
2024-02-27T10:00:00+00:00,160.891700,160.936990,160.714230,160.757340,1184.93
2024-02-27T11:00:00+00:00,160.757340,160.770410,160.543570,160.583110,1364.02
2024-02-27T12:00:00+00:00,160.583110,160.771460,160.573040,160.693950,1261.02
2024-02-27T13:00:00+00:00,160.693950,160.756170,160.641060,160.650340,713.25
2024-02-27T14:00:00+00:00,160.650340,160.807160,160.581770,160.776320,1398.47
2024-02-27T15:00:00+00:00,160.776320,160.830780,160.680600,160.727190,690.86
2024-02-27T16:00:00+00:00,160.727190,160.801480,160.519930,160.560390,1201.08
2024-02-27T17:00:00+00:00,160.560390,160.595750,160.454440,160.470540,898.65
2024-02-27T18:00:00+00:00,160.470540,160.507390,160.334680,160.378990,827.30
2024-02-27T19:00:00+00:00,160.378990,160.467480,160.289270,160.361220,749.58
2024-02-27T20:00:00+00:00,160.361220,160.489750,160.286410,160.479600,1405.81
2024-02-27T21:00:00+00:00,160.479600,160.589650,160.443090,160.512700,972.87
2024-02-27T22:00:00+00:00,160.512700,160.726250,160.390990,160.641240,1463.08
2024-02-27T23:00:00+00:00,160.641240,160.732530,160.636430,160.700000,960.34
2024-02-28T00:00:00+00:00,160.700000,160.793220,160.646730,160.789810,1142.74
2024-02-28T01:00:00+00:00,160.789810,160.855170,160.740150,160.814700,865.94
2024-02-28T02:00:00+00:00,160.814700,160.950600,160.770680,160.919290,1345.69
2024-02-28T03:00:00+00:00,160.919290,161.031360,160.868670,161.001660,1080.18
2024-02-28T04:00:00+00:00,161.001660,161.089690,160.981140,161.025520,914.03
2024-02-28T05:00:00+00:00,161.025520,161.087640,160.971520,161.051540,960.32
2024-02-28T06:00:00+00:00,161.051540,161.224200,161.042810,161.159020,963.95
2024-02-28T07:00:00+00:00,161.159020,161.252020,161.139010,161.217010,722.33
2024-02-28T08:00:00+00:00,161.217010,161.258790,161.149670,161.164580,1090.30
2024-02-28T09:00:00+00:00,161.164580,161.304000,161.091010,161.245200,849.19
2024-02-28T10:00:00+00:00,161.245200,161.328640,161.219820,161.326750,891.31
2024-02-28T11:00:00+00:00,161.326750,161.511070,161.269180,161.437690,986.81
2024-02-28T12:00:00+00:00,161.437690,161.458440,161.303890,161.392570,1030.32
2024-02-28T13:00:00+00:00,161.392570,161.450380,161.337760,161.411360,706.64
2024-02-28T14:00:00+00:00,161.411360,161.514410,161.394210,161.486000,854.21
2024-02-28T15:00:00+00:00,161.486000,161.699670,161.410320,161.613210,1125.67
2024-02-28T16:00:00+00:00,161.613210,161.617660,161.485790,161.508180,1340.58
2024-02-28T17:00:00+00:00,161.508180,161.542540,161.469430,161.480560,849.91
2024-02-28T18:00:00+00:00,161.480560,161.594560,161.465010,161.562010,827.00
2024-02-28T19:00:00+00:00,161.562010,161.605920,161.548670,161.576630,679.23
2024-02-28T20:00:00+00:00,161.576630,161.747990,161.538180,161.739810,1225.59
2024-02-28T21:00:00+00:00,161.739810,161.942010,161.714830,161.854160,1130.23
2024-02-28T22:00:00+00:00,161.854160,162.036030,161.800150,161.981650,1146.48
2024-02-28T23:00:00+00:00,161.981650,162.163940,161.911110,162.110210,1117.89
2024-02-29T00:00:00+00:00,162.110210,162.180130,162.065970,162.074450,902.28
2024-02-29T01:00:00+00:00,162.074450,162.197500,162.014550,162.154760,954.27
2024-02-29T02:00:00+00:00,162.154760,162.171010,162.128940,162.134470,842.58
2024-02-29T03:00:00+00:00,162.134470,162.239250,162.059140,162.170710,691.99
2024-02-29T04:00:00+00:00,162.170710,162.225910,162.145450,162.219940,618.41
2024-02-29T05:00:00+00:00,162.219940,162.266220,162.133760,162.175900,1034.42
2024-02-29T06:00:00+00:00,162.175900,162.230950,162.166180,162.169450,745.86
2024-02-29T07:00:00+00:00,162.169450,162.326790,162.124430,162.232120,805.66
2024-02-29T08:00:00+00:00,162.232120,162.371920,162.161060,162.301580,783.94
2024-02-29T09:00:00+00:00,162.301580,162.377930,162.270490,162.353050,796.23
2024-02-29T10:00:00+00:00,162.353050,162.591460,162.297920,162.487580,1122.30
2024-02-29T11:00:00+00:00,162.487580,162.547320,162.420800,162.544690,714.13
2024-02-29T12:00:00+00:00,162.544690,162.565880,162.463660,162.496850,1058.49
2024-02-29T13:00:00+00:00,162.496850,162.498360,162.263720,162.317250,1702.85
2024-02-29T14:00:00+00:00,162.317250,162.425440,162.271800,162.387680,792.39
2024-02-29T15:00:00+00:00,162.387680,162.438280,162.331330,162.348290,966.33
2024-02-29T16:00:00+00:00,162.348290,162.402650,162.302810,162.359550,643.01
2024-02-29T17:00:00+00:00,162.359550,162.453100,162.293270,162.406270,753.63
2024-02-29T18:00:00+00:00,162.406270,162.712490,162.310450,162.613090,1450.86
2024-02-29T19:00:00+00:00,162.613090,162.653550,162.543990,162.631600,648.31
2024-02-29T20:00:00+00:00,162.631600,162.762350,162.556160,162.741140,1003.14
2024-02-29T21:00:00+00:00,162.741140,162.760540,162.712400,162.738030,780.28
2024-02-29T22:00:00+00:00,162.738030,162.779780,162.693290,162.771410,552.35
2024-02-29T23:00:00+00:00,162.771410,162.903180,162.699470,162.866530,1012.77
2024-03-01T00:00:00+00:00,162.866530,163.056760,162.793230,162.973110,960.66
2024-03-01T01:00:00+00:00,162.973110,163.022320,162.972270,162.990950,577.59
2024-03-01T02:00:00+00:00,162.990950,163.017530,162.957080,162.977630,767.03
2024-03-01T03:00:00+00:00,162.977630,163.012950,162.727990,162.845450,1438.49
2024-03-01T04:00:00+00:00,162.845450,162.996840,162.760430,162.985500,1191.49
2024-03-01T05:00:00+00:00,162.985500,163.065150,162.953330,163.019370,542.89
2024-03-01T06:00:00+00:00,163.019370,163.043380,162.940210,162.967170,1025.48
2024-03-01T07:00:00+00:00,162.967170,163.173630,162.967020,163.133290,1273.02
2024-03-01T08:00:00+00:00,163.133290,163.190080,163.096530,163.185750,664.11
2024-03-01T09:00:00+00:00,163.185750,163.200380,163.118520,163.135130,1068.55
2024-03-01T10:00:00+00:00,163.135130,163.165870,163.073770,163.135280,804.60
2024-03-01T11:00:00+00:00,163.135280,163.179530,163.118730,163.166940,643.75
2024-03-01T12:00:00+00:00,163.166940,163.326460,163.110610,163.235980,816.15
2024-03-01T13:00:00+00:00,163.235980,163.289920,163.216650,163.253290,639.99
2024-03-01T14:00:00+00:00,163.253290,163.393490,163.235340,163.335380,835.31
2024-03-01T15:00:00+00:00,163.335380,163.383830,163.183050,163.223730,1364.42
2024-03-01T16:00:00+00:00,163.223730,163.250640,163.175740,163.201190,881.89
2024-03-01T17:00:00+00:00,163.201190,163.235270,163.078810,163.113390,1122.82
2024-03-01T18:00:00+00:00,163.113390,163.146630,163.027980,163.063390,1043.28
2024-03-01T19:00:00+00:00,163.063390,163.088540,162.980640,162.994420,1010.22
2024-03-01T20:00:00+00:00,162.994420,163.089260,162.918420,163.018780,624.67
2024-03-01T21:00:00+00:00,163.018780,163.099530,162.977340,163.094780,890.34
2024-03-01T22:00:00+00:00,163.094780,163.301040,163.023740,163.226370,1080.18
2024-03-01T23:00:00+00:00,163.226370,163.289330,163.152530,163.239340,578.20
2024-03-02T00:00:00+00:00,163.239340,163.332900,163.186760,163.322070,859.28
2024-03-02T01:00:00+00:00,163.322070,163.330960,163.174500,163.228720,1300.62
2024-03-02T02:00:00+00:00,163.228720,163.331050,163.174560,163.305480,853.72
2024-03-02T03:00:00+00:00,163.305480,163.388900,163.291390,163.356260,659.29
2024-03-02T04:00:00+00:00,163.356260,163.521700,163.320450,163.511130,1283.51
2024-03-02T05:00:00+00:00,163.511130,163.577870,163.454350,163.527890,674.34
2024-03-02T06:00:00+00:00,163.527890,163.567400,163.458280,163.473470,1071.29
2024-03-02T07:00:00+00:00,163.473470,163.526620,163.463080,163.519490,727.81
2024-03-02T08:00:00+00:00,163.519490,163.579450,163.516930,163.537610,562.70
2024-03-02T09:00:00+00:00,163.537610,163.573360,163.508990,163.539830,784.08
2024-03-02T10:00:00+00:00,163.539830,163.599270,163.342610,163.421600,1289.65
2024-03-02T11:00:00+00:00,163.421600,163.484050,163.359210,163.483000,736.77
2024-03-02T12:00:00+00:00,163.483000,163.597360,163.444400,163.565190,814.87
2024-03-02T13:00:00+00:00,163.565190,163.627530,163.558020,163.559770,669.62
2024-03-02T14:00:00+00:00,163.559770,163.561120,163.411700,163.450440,1379.71
2024-03-02T15:00:00+00:00,163.450440,163.485120,163.357500,163.415690,902.93
2024-03-02T16:00:00+00:00,163.415690,163.491770,163.377180,163.469510,685.39
2024-03-02T17:00:00+00:00,163.469510,163.506360,163.357180,163.414940,915.18
2024-03-02T18:00:00+00:00,163.414940,163.464690,163.394440,163.441060,588.82
2024-03-02T19:00:00+00:00,163.441060,163.528030,163.308680,163.401260,994.00
2024-03-02T20:00:00+00:00,163.401260,163.559540,163.382950,163.508630,1077.23
2024-03-02T21:00:00+00:00,163.508630,163.556430,163.464490,163.500530,845.39
2024-03-02T22:00:00+00:00,163.500530,163.507220,163.441220,163.502710,760.42
2024-03-02T23:00:00+00:00,163.502710,163.540990,163.464600,163.478600,851.86
2024-03-03T00:00:00+00:00,163.478600,163.510810,163.336150,163.382460,1274.15
2024-03-03T01:00:00+00:00,163.382460,163.398490,163.081430,163.159140,1767.47
2024-03-03T02:00:00+00:00,163.159140,163.205450,163.063670,163.103510,1061.04
2024-03-03T03:00:00+00:00,163.103510,163.198680,162.969890,163.028610,1192.53
2024-03-03T04:00:00+00:00,163.028610,163.319920,162.934800,163.222010,1487.18
2024-03-03T05:00:00+00:00,163.222010,163.282560,163.175770,163.255450,630.55
2024-03-03T06:00:00+00:00,163.255450,163.341570,163.120490,163.164950,1212.06
2024-03-03T07:00:00+00:00,163.164950,163.217330,163.151480,163.192710,617.99
2024-03-03T08:00:00+00:00,163.192710,163.380370,163.144340,163.335720,1141.45
2024-03-03T09:00:00+00:00,163.335720,163.370470,163.328140,163.360800,662.35
2024-03-03T10:00:00+00:00,163.360800,163.410340,163.313100,163.376470,575.26
2024-03-03T11:00:00+00:00,163.376470,163.397170,163.353940,163.373220,773.36
2024-03-03T12:00:00+00:00,163.373220,163.417490,163.128650,163.195870,1645.99
2024-03-03T13:00:00+00:00,163.195870,163.352790,163.146490,163.313890,1014.74
2024-03-03T14:00:00+00:00,163.313890,163.386440,163.269560,163.321830,728.55
2024-03-03T15:00:00+00:00,163.321830,163.401320,163.308320,163.391180,902.31
2024-03-03T16:00:00+00:00,163.391180,163.514760,163.352530,163.487920,951.10
2024-03-03T17:00:00+00:00,163.487920,163.723340,163.388580,163.655110,1252.73
2024-03-03T18:00:00+00:00,163.655110,163.897170,163.628750,163.872250,1560.90
2024-03-03T19:00:00+00:00,163.872250,163.919360,163.849260,163.861370,883.74
2024-03-03T20:00:00+00:00,163.861370,164.024580,163.796300,163.970790,1095.49
2024-03-03T21:00:00+00:00,163.970790,164.056860,163.914890,164.002070,520.81
2024-03-03T22:00:00+00:00,164.002070,164.097160,163.969480,164.048780,680.61
2024-03-03T23:00:00+00:00,164.048780,164.091440,164.010260,164.017290,918.04
2024-03-04T00:00:00+00:00,164.017290,164.076930,164.000480,164.062090,657.57
2024-03-04T01:00:00+00:00,164.062090,164.175240,164.005860,164.145770,872.86
2024-03-04T02:00:00+00:00,164.145770,164.145960,164.098110,164.131830,771.60
2024-03-04T03:00:00+00:00,164.131830,164.162200,164.085050,164.114980,916.75
2024-03-04T04:00:00+00:00,164.114980,164.267270,164.084700,164.189260,872.86
2024-03-04T05:00:00+00:00,164.189260,164.238000,164.105310,164.200090,739.37
2024-03-04T06:00:00+00:00,164.200090,164.411380,164.184310,164.408420,1593.62
2024-03-04T07:00:00+00:00,164.408420,164.409960,164.315570,164.343250,1157.83
2024-03-04T08:00:00+00:00,164.343250,164.347660,164.290010,164.295910,1064.79
2024-03-04T09:00:00+00:00,164.295910,164.494040,164.216510,164.424380,1082.45
2024-03-04T10:00:00+00:00,164.424380,164.500330,164.377360,164.451320,614.88
2024-03-04T11:00:00+00:00,164.451320,164.504310,164.442070,164.498130,746.24
2024-03-04T12:00:00+00:00,164.498130,164.576540,164.395840,164.464600,995.34
2024-03-04T13:00:00+00:00,164.464600,164.516550,164.284620,164.290550,1595.86
2024-03-04T14:00:00+00:00,164.290550,164.502580,164.219010,164.502270,1594.13
2024-03-04T15:00:00+00:00,164.502270,164.523690,164.468850,164.514110,734.69
2024-03-04T16:00:00+00:00,164.514110,164.524470,164.480760,164.490970,853.91
2024-03-04T17:00:00+00:00,164.490970,164.662100,164.481510,164.606920,1075.65
2024-03-04T18:00:00+00:00,164.606920,164.643230,164.562780,164.589760,796.74
2024-03-04T19:00:00+00:00,164.589760,164.705730,164.527880,164.697330,1068.14
2024-03-04T20:00:00+00:00,164.697330,164.807670,164.630270,164.786310,892.31
2024-03-04T21:00:00+00:00,164.786310,164.853740,164.774380,164.802930,590.95
2024-03-04T22:00:00+00:00,164.802930,164.879990,164.749150,164.854300,771.70
2024-03-04T23:00:00+00:00,164.854300,164.904430,164.820740,164.871170,709.13
2024-03-05T00:00:00+00:00,164.871170,165.110800,164.854900,165.067760,1484.33
2024-03-05T01:00:00+00:00,165.067760,165.125080,164.983540,165.093120,698.67
2024-03-05T02:00:00+00:00,165.093120,165.161200,164.846590,164.937810,1518.17
2024-03-05T03:00:00+00:00,164.937810,164.999770,164.887090,164.984160,706.49
2024-03-05T04:00:00+00:00,164.984160,165.154110,164.963940,165.108950,1015.61
2024-03-05T05:00:00+00:00,165.108950,165.212090,165.042610,165.161310,801.01
2024-03-05T06:00:00+00:00,165.161310,165.349420,165.158280,165.337620,1356.41
2024-03-05T07:00:00+00:00,165.337620,165.403400,165.288520,165.332970,800.64
2024-03-05T08:00:00+00:00,165.332970,165.410390,165.236130,165.250380,1240.38
2024-03-05T09:00:00+00:00,165.250380,165.419970,165.165770,165.362120,998.75
2024-03-05T10:00:00+00:00,165.362120,165.379300,165.356020,165.366710,791.20
2024-03-05T11:00:00+00:00,165.366710,165.572430,165.362080,165.560430,1364.85
2024-03-05T12:00:00+00:00,165.560430,165.613890,165.386560,165.443140,1369.53
2024-03-05T13:00:00+00:00,165.443140,165.571510,165.361890,165.561690,988.04
2024-03-05T14:00:00+00:00,165.561690,165.720380,165.557740,165.702470,1201.86
2024-03-05T15:00:00+00:00,165.702470,165.801210,165.644810,165.775760,788.81
2024-03-05T16:00:00+00:00,165.775760,165.862140,165.762010,165.851400,849.96
2024-03-05T17:00:00+00:00,165.851400,165.858810,165.807550,165.840020,863.15
2024-03-05T18:00:00+00:00,165.840020,165.893750,165.818730,165.840120,751.58
2024-03-05T19:00:00+00:00,165.840120,165.914640,165.826320,165.887240,611.63
2024-03-05T20:00:00+00:00,165.887240,165.914210,165.831010,165.859030,853.65
2024-03-05T21:00:00+00:00,165.859030,165.883650,165.830590,165.836180,922.22
2024-03-05T22:00:00+00:00,165.836180,165.854400,165.621500,165.697120,1421.56
2024-03-05T23:00:00+00:00,165.697120,165.961240,165.637400,165.933500,1715.38
2024-03-06T00:00:00+00:00,165.933500,165.979640,165.751580,165.828030,1282.68
2024-03-06T01:00:00+00:00,165.828030,165.979680,165.765080,165.923440,933.60
2024-03-06T02:00:00+00:00,165.923440,166.000520,165.878600,165.902950,790.49
2024-03-06T03:00:00+00:00,165.902950,165.925440,165.843980,165.883210,907.75
2024-03-06T04:00:00+00:00,165.883210,165.915060,165.869660,165.886300,709.46
2024-03-06T05:00:00+00:00,165.886300,166.057390,165.880560,166.041630,1200.68
2024-03-06T06:00:00+00:00,166.041630,166.098560,165.968710,166.033700,861.01
2024-03-06T07:00:00+00:00,166.033700,166.034550,165.942830,165.962070,1062.08
2024-03-06T08:00:00+00:00,165.962070,165.996150,165.917490,165.945260,789.72
2024-03-06T09:00:00+00:00,165.945260,166.050800,165.892890,166.045500,888.13
2024-03-06T10:00:00+00:00,166.045500,166.064630,165.957120,166.005980,955.17
2024-03-06T11:00:00+00:00,166.005980,166.108110,166.002270,166.104820,1037.53
2024-03-06T12:00:00+00:00,166.104820,166.114370,166.067590,166.106850,665.65
2024-03-06T13:00:00+00:00,166.106850,166.132430,165.959670,166.047820,1084.32
2024-03-06T14:00:00+00:00,166.047820,166.082890,165.925240,165.939760,1271.89
2024-03-06T15:00:00+00:00,165.939760,166.191960,165.933520,166.083260,1224.29
2024-03-06T16:00:00+00:00,166.083260,166.119090,166.047980,166.050000,876.27
2024-03-06T17:00:00+00:00,166.050000,166.103700,166.041500,166.058340,606.43
2024-03-06T18:00:00+00:00,166.058340,166.089830,165.995570,166.031740,836.79
2024-03-06T19:00:00+00:00,166.031740,166.102770,165.979180,166.090160,769.35
2024-03-06T20:00:00+00:00,166.090160,166.107670,166.030730,166.064160,857.81
2024-03-06T21:00:00+00:00,166.064160,166.214550,166.015090,166.122790,686.31
2024-03-06T22:00:00+00:00,166.122790,166.203710,166.085560,166.148530,622.38
2024-03-06T23:00:00+00:00,166.148530,166.149680,166.099630,166.147870,662.26
2024-03-07T00:00:00+00:00,166.147870,166.173590,166.065980,166.095070,983.96
2024-03-07T01:00:00+00:00,166.095070,166.235040,166.073810,166.198870,1050.11
2024-03-07T02:00:00+00:00,166.198870,166.480430,166.109450,166.366900,1337.20
2024-03-07T03:00:00+00:00,166.366900,166.485180,166.365390,166.482180,1109.09
2024-03-07T04:00:00+00:00,166.482180,166.493610,166.300610,166.353630,1418.42
2024-03-07T05:00:00+00:00,166.353630,166.509850,166.270200,166.454960,1032.44
2024-03-07T06:00:00+00:00,166.454960,166.526160,166.410330,166.498030,619.64
2024-03-07T07:00:00+00:00,166.498030,166.643350,166.485900,166.579590,870.86
2024-03-07T08:00:00+00:00,166.579590,166.618900,166.492650,166.527210,990.28
2024-03-07T09:00:00+00:00,166.527210,166.546300,166.423250,166.497970,721.78
2024-03-07T10:00:00+00:00,166.497970,166.583850,166.430470,166.551700,902.31
2024-03-07T11:00:00+00:00,166.551700,166.650090,166.465130,166.588320,721.74
2024-03-07T12:00:00+00:00,166.588320,166.634990,166.506140,166.513090,926.33
2024-03-07T13:00:00+00:00,166.513090,166.574780,166.389680,166.451210,889.33
2024-03-07T14:00:00+00:00,166.451210,166.512940,166.417870,166.465000,733.56
2024-03-07T15:00:00+00:00,166.465000,166.509990,166.398130,166.506040,758.39
2024-03-07T16:00:00+00:00,166.506040,166.545800,166.503350,166.534550,738.27
2024-03-07T17:00:00+00:00,166.534550,166.539170,166.511240,166.536120,662.85
2024-03-07T18:00:00+00:00,166.536120,166.592510,166.522090,166.571440,843.84
2024-03-07T19:00:00+00:00,166.571440,166.572970,166.564310,166.571140,693.43
2024-03-07T20:00:00+00:00,166.571140,166.637780,166.561620,166.592940,708.06
2024-03-07T21:00:00+00:00,166.592940,166.671920,166.477930,166.482030,1110.10
2024-03-07T22:00:00+00:00,166.482030,166.545000,166.475480,166.536530,852.61
2024-03-07T23:00:00+00:00,166.536530,166.639430,166.511480,166.584000,889.19
2024-03-08T00:00:00+00:00,166.584000,166.715880,166.545870,166.678110,993.90
2024-03-08T01:00:00+00:00,166.678110,166.747970,166.663210,166.707260,669.25
2024-03-08T02:00:00+00:00,166.707260,166.806230,166.695990,166.803520,1148.32
2024-03-08T03:00:00+00:00,166.803520,166.846410,166.726030,166.762940,779.00
2024-03-08T04:00:00+00:00,166.762940,166.841360,166.723330,166.755670,664.00
2024-03-08T05:00:00+00:00,166.755670,166.901470,166.738010,166.890000,1343.03
2024-03-08T06:00:00+00:00,166.890000,167.037520,166.856890,166.993210,1062.84
2024-03-08T07:00:00+00:00,166.993210,167.230600,166.949040,167.154270,1358.33
2024-03-08T08:00:00+00:00,167.154270,167.200520,167.061670,167.114280,850.29
2024-03-08T09:00:00+00:00,167.114280,167.229590,167.109540,167.153830,804.70
2024-03-08T10:00:00+00:00,167.153830,167.172790,167.016480,167.096930,790.99
2024-03-08T11:00:00+00:00,167.096930,167.108550,167.056950,167.061580,749.22
2024-03-08T12:00:00+00:00,167.061580,167.064370,166.972130,166.978640,1088.77
2024-03-08T13:00:00+00:00,166.978640,167.045170,166.932510,166.974670,525.87
2024-03-08T14:00:00+00:00,166.974670,167.014720,166.920420,166.939060,792.22
2024-03-08T15:00:00+00:00,166.939060,167.035900,166.756500,166.838100,1073.50
2024-03-08T16:00:00+00:00,166.838100,166.875840,166.714330,166.720380,1160.28
2024-03-08T17:00:00+00:00,166.720380,166.853830,166.692960,166.822370,1016.77
2024-03-08T18:00:00+00:00,166.822370,166.959320,166.817310,166.880170,954.75
2024-03-08T19:00:00+00:00,166.880170,166.914590,166.826930,166.829920,933.03
2024-03-08T20:00:00+00:00,166.829920,166.906220,166.603030,166.701540,1266.17
2024-03-08T21:00:00+00:00,166.701540,166.818870,166.691360,166.765960,955.36
2024-03-08T22:00:00+00:00,166.765960,166.797660,166.600510,166.605510,1457.86
2024-03-08T23:00:00+00:00,166.605510,166.696400,166.517230,166.553860,946.85
2024-03-09T00:00:00+00:00,166.553860,166.579590,166.415570,166.441850,1075.38
2024-03-09T01:00:00+00:00,166.441850,166.500470,166.404360,166.461560,705.02
2024-03-09T02:00:00+00:00,166.461560,166.490550,166.308150,166.311800,1370.29
2024-03-09T03:00:00+00:00,166.311800,166.338430,166.250240,166.310230,559.79
2024-03-09T04:00:00+00:00,166.310230,166.370890,166.267990,166.350250,709.32
2024-03-09T05:00:00+00:00,166.350250,166.369370,166.284630,166.303700,909.59
2024-03-09T06:00:00+00:00,166.303700,166.412550,166.155590,166.182100,1148.33
2024-03-09T07:00:00+00:00,166.182100,166.304510,166.168960,166.263720,908.44
2024-03-09T08:00:00+00:00,166.263720,166.355320,166.252620,166.295050,693.95
2024-03-09T09:00:00+00:00,166.295050,166.372060,166.245680,166.362240,1006.66
2024-03-09T10:00:00+00:00,166.362240,166.371440,166.216460,166.267630,1168.07
2024-03-09T11:00:00+00:00,166.267630,166.283710,166.077100,166.124660,1345.72
2024-03-09T12:00:00+00:00,166.124660,166.206270,166.072740,166.146640,753.91
2024-03-09T13:00:00+00:00,166.146640,166.199490,166.122850,166.168030,770.78
2024-03-09T14:00:00+00:00,166.168030,166.230270,166.148810,166.204670,842.91
2024-03-09T15:00:00+00:00,166.204670,166.219220,166.033290,166.079070,1141.05
2024-03-09T16:00:00+00:00,166.079070,166.114220,165.993550,166.021740,932.85
2024-03-09T17:00:00+00:00,166.021740,166.119080,165.935010,166.053240,667.68
2024-03-09T18:00:00+00:00,166.053240,166.062140,165.893000,165.982560,863.86
2024-03-09T19:00:00+00:00,165.982560,166.053700,165.943830,166.025210,750.96
2024-03-09T20:00:00+00:00,166.025210,166.269620,166.024690,166.255900,1751.94
2024-03-09T21:00:00+00:00,166.255900,166.284200,166.200460,166.213870,766.61
2024-03-09T22:00:00+00:00,166.213870,166.256670,166.128810,166.129400,1067.85
2024-03-09T23:00:00+00:00,166.129400,166.163610,166.083090,166.140730,675.87
2024-03-10T00:00:00+00:00,166.140730,166.156730,166.053090,166.108000,699.82
2024-03-10T01:00:00+00:00,166.108000,166.144470,166.074370,166.128300,863.41
2024-03-10T02:00:00+00:00,166.128300,166.156980,165.963880,165.965210,1229.96
2024-03-10T03:00:00+00:00,165.965210,165.994200,165.924440,165.949550,719.94
2024-03-10T04:00:00+00:00,165.949550,166.020400,165.947060,165.987600,839.78
2024-03-10T05:00:00+00:00,165.987600,166.095040,165.929920,166.059450,1107.72
2024-03-10T06:00:00+00:00,166.059450,166.082600,165.981420,166.035870,677.44
2024-03-10T07:00:00+00:00,166.035870,166.070960,165.828130,165.892150,1261.91
2024-03-10T08:00:00+00:00,165.892150,165.922950,165.794290,165.822070,787.22
2024-03-10T09:00:00+00:00,165.822070,165.883700,165.604400,165.692890,1098.23
2024-03-10T10:00:00+00:00,165.692890,165.840390,165.590730,165.787670,1285.41
2024-03-10T11:00:00+00:00,165.787670,165.890830,165.745500,165.857940,1050.45
2024-03-10T12:00:00+00:00,165.857940,165.884770,165.809600,165.873120,865.59
2024-03-10T13:00:00+00:00,165.873120,165.882070,165.731810,165.751890,1081.86
2024-03-10T14:00:00+00:00,165.751890,165.806480,165.410130,165.517440,1637.44
2024-03-10T15:00:00+00:00,165.517440,165.541050,165.510940,165.512520,691.84
2024-03-10T16:00:00+00:00,165.512520,165.563420,165.496310,165.556440,996.72
2024-03-10T17:00:00+00:00,165.556440,165.640630,165.225610,165.354300,1428.08
2024-03-10T18:00:00+00:00,165.354300,165.454490,165.337210,165.395400,1041.45
2024-03-10T19:00:00+00:00,165.395400,165.395540,165.304440,165.345200,783.45
2024-03-10T20:00:00+00:00,165.345200,165.383330,165.195850,165.265120,852.28
2024-03-10T21:00:00+00:00,165.265120,165.309140,165.153210,165.193790,750.60
2024-03-10T22:00:00+00:00,165.193790,165.226330,165.034510,165.046800,1212.02
2024-03-10T23:00:00+00:00,165.046800,165.083390,164.946220,164.986700,674.83
2024-03-11T00:00:00+00:00,164.986700,165.046270,164.971620,165.036690,989.51
2024-03-11T01:00:00+00:00,165.036690,165.095410,165.009390,165.074180,1016.47
2024-03-11T02:00:00+00:00,165.074180,165.077210,165.033490,165.066360,777.17
2024-03-11T03:00:00+00:00,165.066360,165.142350,165.006270,165.091420,914.31
2024-03-11T04:00:00+00:00,165.091420,165.109080,165.068230,165.108050,892.87
2024-03-11T05:00:00+00:00,165.108050,165.115460,165.024070,165.055460,777.41
2024-03-11T06:00:00+00:00,165.055460,165.141790,165.051450,165.120020,968.84
2024-03-11T07:00:00+00:00,165.120020,165.155530,165.041480,165.087350,691.13
2024-03-11T08:00:00+00:00,165.087350,165.231660,165.021730,165.166030,1089.81
2024-03-11T09:00:00+00:00,165.166030,165.193090,165.005780,165.055820,1050.12
2024-03-11T10:00:00+00:00,165.055820,165.091890,164.915180,164.985830,774.28
2024-03-11T11:00:00+00:00,164.985830,165.074230,164.874560,164.911030,751.83
2024-03-11T12:00:00+00:00,164.911030,164.987580,164.766630,164.788960,973.14
2024-03-11T13:00:00+00:00,164.788960,165.140380,164.691370,165.047990,2113.42
2024-03-11T14:00:00+00:00,165.047990,165.121220,164.911080,164.938300,1031.97
2024-03-11T15:00:00+00:00,164.938300,164.939940,164.769000,164.815240,976.25
2024-03-11T16:00:00+00:00,164.815240,165.079720,164.757020,164.962490,1502.36
2024-03-11T17:00:00+00:00,164.962490,164.992650,164.911220,164.931350,678.56
2024-03-11T18:00:00+00:00,164.931350,164.946250,164.905030,164.911040,633.20
2024-03-11T19:00:00+00:00,164.911040,164.970370,164.660840,164.777600,1045.80
2024-03-11T20:00:00+00:00,164.777600,164.827730,164.738820,164.769760,797.90
2024-03-11T21:00:00+00:00,164.769760,165.016610,164.662420,164.903180,1316.54
2024-03-11T22:00:00+00:00,164.903180,164.947820,164.819890,164.861140,606.28
2024-03-11T23:00:00+00:00,164.861140,164.921210,164.834530,164.887250,825.67
2024-03-12T00:00:00+00:00,164.887250,165.009390,164.865830,164.994110,1342.00
2024-03-12T01:00:00+00:00,164.994110,165.025100,164.958170,164.974230,596.15
2024-03-12T02:00:00+00:00,164.974230,164.983550,164.935590,164.966390,650.42
2024-03-12T03:00:00+00:00,164.966390,165.029630,164.885710,164.906580,679.77
2024-03-12T04:00:00+00:00,164.906580,164.945060,164.830070,164.836240,868.16
2024-03-12T05:00:00+00:00,164.836240,164.891980,164.663110,164.719350,979.92
2024-03-12T06:00:00+00:00,164.719350,164.852050,164.718380,164.794280,1087.46
2024-03-12T07:00:00+00:00,164.794280,164.951350,164.748490,164.850990,937.01
2024-03-12T08:00:00+00:00,164.850990,164.917180,164.656810,164.737860,1037.15
2024-03-12T09:00:00+00:00,164.737860,165.012940,164.663380,164.987660,2055.79
2024-03-12T10:00:00+00:00,164.987660,165.022290,164.896300,164.923380,728.47
2024-03-12T11:00:00+00:00,164.923380,164.987690,164.797350,164.804340,1101.55
2024-03-12T12:00:00+00:00,164.804340,164.897700,164.669930,164.673970,1035.42
2024-03-12T13:00:00+00:00,164.673970,164.679230,164.598140,164.659790,680.30
2024-03-12T14:00:00+00:00,164.659790,164.668700,164.541610,164.609530,657.12
2024-03-12T15:00:00+00:00,164.609530,164.675840,164.523870,164.560190,658.62
2024-03-12T16:00:00+00:00,164.560190,164.707700,164.513380,164.631940,1034.74
2024-03-12T17:00:00+00:00,164.631940,164.688890,164.618950,164.644570,899.44
2024-03-12T18:00:00+00:00,164.644570,164.668320,164.637020,164.667430,950.09
2024-03-12T19:00:00+00:00,164.667430,164.771810,164.565520,164.625220,863.59
2024-03-12T20:00:00+00:00,164.625220,164.702830,164.360200,164.420210,1613.09
2024-03-12T21:00:00+00:00,164.420210,164.472340,164.377890,164.399890,754.81
2024-03-12T22:00:00+00:00,164.399890,164.476460,164.174980,164.290190,1130.04
2024-03-12T23:00:00+00:00,164.290190,164.516370,164.162310,164.482600,1580.56
2024-03-13T00:00:00+00:00,164.482600,164.523660,164.433550,164.481640,526.51
2024-03-13T01:00:00+00:00,164.481640,164.497250,164.412650,164.452720,694.38
2024-03-13T02:00:00+00:00,164.452720,164.512150,164.239500,164.279340,1490.77
2024-03-13T03:00:00+00:00,164.279340,164.309000,164.231360,164.236700,813.68
2024-03-13T04:00:00+00:00,164.236700,164.263860,164.219590,164.237820,652.10
2024-03-13T05:00:00+00:00,164.237820,164.276460,164.048240,164.092490,1365.12
2024-03-13T06:00:00+00:00,164.092490,164.240620,164.002780,164.220470,1172.91
2024-03-13T07:00:00+00:00,164.220470,164.234290,164.102210,164.165630,823.57
2024-03-13T08:00:00+00:00,164.165630,164.171590,163.996160,164.064780,1025.57
2024-03-13T09:00:00+00:00,164.064780,164.092980,163.944310,164.036950,659.85
2024-03-13T10:00:00+00:00,164.036950,164.109420,163.972730,164.053120,688.38
2024-03-13T11:00:00+00:00,164.053120,164.083990,163.906200,163.946090,1148.90
2024-03-13T12:00:00+00:00,163.946090,163.974000,163.887000,163.921770,723.45
2024-03-13T13:00:00+00:00,163.921770,164.041440,163.855750,163.956980,757.17
2024-03-13T14:00:00+00:00,163.956980,163.968530,163.920140,163.921620,865.67
2024-03-13T15:00:00+00:00,163.921620,164.166630,163.854200,164.087400,1470.77
2024-03-13T16:00:00+00:00,164.087400,164.113720,163.974380,164.035720,817.21
2024-03-13T17:00:00+00:00,164.035720,164.111210,163.979970,164.087000,868.78
2024-03-13T18:00:00+00:00,164.087000,164.196120,164.031610,164.148340,905.05
2024-03-13T19:00:00+00:00,164.148340,164.154760,164.094680,164.103490,896.82
2024-03-13T20:00:00+00:00,164.103490,164.147230,164.000880,164.012390,1135.83
2024-03-13T21:00:00+00:00,164.012390,164.041160,163.945060,163.969260,725.03
2024-03-13T22:00:00+00:00,163.969260,164.007150,163.890230,163.979400,736.34
2024-03-13T23:00:00+00:00,163.979400,164.078430,163.890220,164.076370,1168.54
2024-03-14T00:00:00+00:00,164.076370,164.092560,164.048220,164.051320,822.77
2024-03-14T01:00:00+00:00,164.051320,164.081000,163.894440,163.963220,963.42
2024-03-14T02:00:00+00:00,163.963220,164.011840,163.962180,163.995000,715.09
2024-03-14T03:00:00+00:00,163.995000,164.148670,163.963400,164.072850,997.25
2024-03-14T04:00:00+00:00,164.072850,164.075140,163.967920,164.038050,802.70
2024-03-14T05:00:00+00:00,164.038050,164.109320,163.994900,164.063950,767.76
2024-03-14T06:00:00+00:00,164.063950,164.075490,163.986510,164.017820,854.32
2024-03-14T07:00:00+00:00,164.017820,164.049690,163.958850,163.969350,785.10
2024-03-14T08:00:00+00:00,163.969350,164.014960,163.868830,163.928200,899.07
2024-03-14T09:00:00+00:00,163.928200,164.048870,163.873870,163.990920,909.25
2024-03-14T10:00:00+00:00,163.990920,163.994180,163.867900,163.929080,857.18
2024-03-14T11:00:00+00:00,163.929080,164.057830,163.655460,163.737890,1522.65
2024-03-14T12:00:00+00:00,163.737890,163.812480,163.689670,163.781810,748.93
2024-03-14T13:00:00+00:00,163.781810,163.867140,163.746990,163.843460,831.01
2024-03-14T14:00:00+00:00,163.843460,164.065240,163.826910,163.951390,1182.22
2024-03-14T15:00:00+00:00,163.951390,164.022480,163.912360,163.991050,863.92
2024-03-14T16:00:00+00:00,163.991050,164.043920,163.919940,163.977610,579.68
2024-03-14T17:00:00+00:00,163.977610,163.979500,163.832860,163.836950,1391.47
2024-03-14T18:00:00+00:00,163.836950,163.894340,163.785370,163.785890,921.95
2024-03-14T19:00:00+00:00,163.785890,163.896550,163.769150,163.878210,1120.24
2024-03-14T20:00:00+00:00,163.878210,163.918930,163.690600,163.727440,1336.96
2024-03-14T21:00:00+00:00,163.727440,163.815720,163.724990,163.778160,794.20
2024-03-14T22:00:00+00:00,163.778160,163.803950,163.557890,163.617570,1409.83
2024-03-14T23:00:00+00:00,163.617570,163.639280,163.522230,163.525300,1029.79
2024-03-15T00:00:00+00:00,163.525300,163.528940,163.439020,163.472840,911.91
2024-03-15T01:00:00+00:00,163.472840,163.542490,163.370630,163.526350,962.82
2024-03-15T02:00:00+00:00,163.526350,163.589220,163.505990,163.558910,778.99
2024-03-15T03:00:00+00:00,163.558910,163.597500,163.493250,163.525570,754.35
2024-03-15T04:00:00+00:00,163.525570,163.559760,163.394160,163.415990,1137.37
2024-03-15T05:00:00+00:00,163.415990,163.467330,163.405940,163.428300,588.70
2024-03-15T06:00:00+00:00,163.428300,163.451650,163.298920,163.345790,1080.94
2024-03-15T07:00:00+00:00,163.345790,163.452230,163.286590,163.424590,1041.37
2024-03-15T08:00:00+00:00,163.424590,163.669550,163.344970,163.583660,1418.12
2024-03-15T09:00:00+00:00,163.583660,163.616450,163.552270,163.606740,648.90
2024-03-15T10:00:00+00:00,163.606740,163.696660,163.554700,163.615650,715.24
2024-03-15T11:00:00+00:00,163.615650,163.624680,163.597260,163.609970,642.65
2024-03-15T12:00:00+00:00,163.609970,163.677430,163.600390,163.641350,691.48
2024-03-15T13:00:00+00:00,163.641350,163.693740,163.616320,163.688530,921.18
2024-03-15T14:00:00+00:00,163.688530,163.693610,163.651560,163.658760,810.09
2024-03-15T15:00:00+00:00,163.658760,163.678040,163.623490,163.635990,640.86
2024-03-15T16:00:00+00:00,163.635990,163.863230,163.606840,163.845620,1571.62
2024-03-15T17:00:00+00:00,163.845620,163.854770,163.780220,163.792810,936.73
2024-03-15T18:00:00+00:00,163.792810,163.874950,163.768810,163.859370,748.05
2024-03-15T19:00:00+00:00,163.859370,163.883450,163.836790,163.848200,889.57
2024-03-15T20:00:00+00:00,163.848200,164.087730,163.817170,164.025500,1251.15
2024-03-15T21:00:00+00:00,164.025500,164.307590,163.976260,164.222790,1474.73
2024-03-15T22:00:00+00:00,164.222790,164.437130,164.123220,164.361820,1098.03
2024-03-15T23:00:00+00:00,164.361820,164.573400,164.332710,164.471800,911.48
2024-03-16T00:00:00+00:00,164.471800,164.530300,164.450300,164.469080,845.24
2024-03-16T01:00:00+00:00,164.469080,164.526360,164.373850,164.425490,862.61
2024-03-16T02:00:00+00:00,164.425490,164.499470,164.400690,164.440120,620.54
2024-03-16T03:00:00+00:00,164.440120,164.527420,164.394260,164.470110,668.65
2024-03-16T04:00:00+00:00,164.470110,164.501750,164.415640,164.475860,793.61
2024-03-16T05:00:00+00:00,164.475860,164.501640,164.459550,164.464330,866.94
2024-03-16T06:00:00+00:00,164.464330,164.484960,164.376730,164.428070,936.67
2024-03-16T07:00:00+00:00,164.428070,164.616600,164.333400,164.575090,1220.24
2024-03-16T08:00:00+00:00,164.575090,164.653930,164.549410,164.639940,848.76
2024-03-16T09:00:00+00:00,164.639940,164.643600,164.620390,164.634770,726.69
2024-03-16T10:00:00+00:00,164.634770,164.799300,164.547610,164.711090,887.44
2024-03-16T11:00:00+00:00,164.711090,164.757040,164.566400,164.608140,1193.02
2024-03-16T12:00:00+00:00,164.608140,164.619700,164.568630,164.613430,748.79
2024-03-16T13:00:00+00:00,164.613430,164.678040,164.555490,164.593290,812.84
2024-03-16T14:00:00+00:00,164.593290,164.662870,164.526120,164.560120,929.41
2024-03-16T15:00:00+00:00,164.560120,164.660450,164.556390,164.600100,644.89
2024-03-16T16:00:00+00:00,164.600100,164.783270,164.513140,164.698640,856.79
2024-03-16T17:00:00+00:00,164.698640,164.824970,164.588600,164.776250,767.42
2024-03-16T18:00:00+00:00,164.776250,164.812400,164.733640,164.762710,711.99
2024-03-16T19:00:00+00:00,164.762710,164.962600,164.762200,164.943740,1416.60
2024-03-16T20:00:00+00:00,164.943740,164.979210,164.924400,164.939220,674.47
2024-03-16T21:00:00+00:00,164.939220,164.994120,164.881690,164.918500,833.10
2024-03-16T22:00:00+00:00,164.918500,165.016620,164.893050,164.998750,910.96
2024-03-16T23:00:00+00:00,164.998750,165.097770,164.982480,165.046530,624.48
2024-03-17T00:00:00+00:00,165.046530,165.099690,164.978350,165.026970,877.33
2024-03-17T01:00:00+00:00,165.026970,165.230970,164.992820,165.181880,1182.18
2024-03-17T02:00:00+00:00,165.181880,165.273470,165.165690,165.215050,527.53
2024-03-17T03:00:00+00:00,165.215050,165.249030,165.064460,165.111220,1272.88
2024-03-17T04:00:00+00:00,165.111220,165.149150,165.072860,165.136140,583.18
2024-03-17T05:00:00+00:00,165.136140,165.170450,165.082630,165.134120,799.89
2024-03-17T06:00:00+00:00,165.134120,165.221140,165.045590,165.216800,849.31
2024-03-17T07:00:00+00:00,165.216800,165.299100,165.191460,165.270340,731.85
2024-03-17T08:00:00+00:00,165.270340,165.334100,165.234600,165.315550,718.08
2024-03-17T09:00:00+00:00,165.315550,165.455230,165.284910,165.361190,771.96
2024-03-17T10:00:00+00:00,165.361190,165.515860,165.300040,165.495220,1106.35
2024-03-17T11:00:00+00:00,165.495220,165.498640,165.458720,165.487410,705.22
2024-03-17T12:00:00+00:00,165.487410,165.549220,165.476590,165.482480,771.18
2024-03-17T13:00:00+00:00,165.482480,165.722400,165.462250,165.640570,1215.01
2024-03-17T14:00:00+00:00,165.640570,165.893490,165.589220,165.794170,1285.51
2024-03-17T15:00:00+00:00,165.794170,166.000930,165.732960,165.949970,1305.98
2024-03-17T16:00:00+00:00,165.949970,165.967730,165.885550,165.907480,919.64
2024-03-17T17:00:00+00:00,165.907480,165.957180,165.899990,165.934720,510.57
2024-03-17T18:00:00+00:00,165.934720,166.094300,165.833510,166.006970,819.02
2024-03-17T19:00:00+00:00,166.006970,166.107360,165.981670,166.068310,854.43
2024-03-17T20:00:00+00:00,166.068310,166.198000,165.957600,166.183370,1087.13
2024-03-17T21:00:00+00:00,166.183370,166.224990,166.182950,166.210560,521.11
2024-03-17T22:00:00+00:00,166.210560,166.242360,166.151590,166.198590,772.36
2024-03-17T23:00:00+00:00,166.198590,166.339620,166.179790,166.290100,892.79
2024-03-18T00:00:00+00:00,166.290100,166.447250,166.215180,166.394030,986.94
2024-03-18T01:00:00+00:00,166.394030,166.529060,166.368130,166.477270,790.28
2024-03-18T02:00:00+00:00,166.477270,166.512860,166.461710,166.506390,610.78
2024-03-18T03:00:00+00:00,166.506390,166.563410,166.475550,166.547650,597.68
2024-03-18T04:00:00+00:00,166.547650,166.622250,166.535470,166.579590,526.64
2024-03-18T05:00:00+00:00,166.579590,166.587670,166.568950,166.573780,865.40
2024-03-18T06:00:00+00:00,166.573780,166.576410,166.504390,166.518600,1058.27
2024-03-18T07:00:00+00:00,166.518600,166.563960,166.429030,166.461980,936.60
2024-03-18T08:00:00+00:00,166.461980,166.523550,166.417750,166.485690,598.11
2024-03-18T09:00:00+00:00,166.485690,166.583590,166.464670,166.536720,699.55
2024-03-18T10:00:00+00:00,166.536720,166.549350,166.463370,166.537470,688.30
2024-03-18T11:00:00+00:00,166.537470,166.759750,166.513790,166.712860,1286.42
2024-03-18T12:00:00+00:00,166.712860,166.762180,166.677140,166.740210,628.77
2024-03-18T13:00:00+00:00,166.740210,166.793220,166.699750,166.751170,646.99
2024-03-18T14:00:00+00:00,166.751170,166.866640,166.698900,166.840590,949.94
2024-03-18T15:00:00+00:00,166.840590,166.868390,166.805090,166.814110,959.01
2024-03-18T16:00:00+00:00,166.814110,166.872240,166.777380,166.831110,558.37
2024-03-18T17:00:00+00:00,166.831110,166.843750,166.742410,166.782640,1041.97
2024-03-18T18:00:00+00:00,166.782640,166.884700,166.555590,166.589600,1761.23
2024-03-18T19:00:00+00:00,166.589600,166.645860,166.512410,166.583110,691.98
2024-03-18T20:00:00+00:00,166.583110,166.655490,166.568430,166.638280,806.51
2024-03-18T21:00:00+00:00,166.638280,166.643830,166.617770,166.624570,850.30
2024-03-18T22:00:00+00:00,166.624570,166.690910,166.498900,166.559970,965.77
2024-03-18T23:00:00+00:00,166.559970,166.669030,166.527180,166.668330,1013.69
2024-03-19T00:00:00+00:00,166.668330,166.681180,166.647010,166.671020,793.28
2024-03-19T01:00:00+00:00,166.671020,166.777340,166.638990,166.703510,674.18
2024-03-19T02:00:00+00:00,166.703510,166.748460,166.665170,166.746020,597.34
2024-03-19T03:00:00+00:00,166.746020,166.774270,166.665920,166.674950,1192.37
2024-03-19T04:00:00+00:00,166.674950,166.679870,166.647970,166.654640,903.06
2024-03-19T05:00:00+00:00,166.654640,166.847100,166.572730,166.815060,1300.58
2024-03-19T06:00:00+00:00,166.815060,166.866440,166.738990,166.742030,1021.22
2024-03-19T07:00:00+00:00,166.742030,166.761500,166.712740,166.753800,648.06
2024-03-19T08:00:00+00:00,166.753800,166.944020,166.718660,166.906600,1316.58
2024-03-19T09:00:00+00:00,166.906600,166.945100,166.902930,166.943970,599.82
2024-03-19T10:00:00+00:00,166.943970,166.983810,166.903430,166.980970,659.12
2024-03-19T11:00:00+00:00,166.980970,167.236330,166.942130,167.140400,1213.25
2024-03-19T12:00:00+00:00,167.140400,167.230060,167.068690,167.193820,640.44
2024-03-19T13:00:00+00:00,167.193820,167.200370,167.132880,167.173030,900.53
2024-03-19T14:00:00+00:00,167.173030,167.260260,167.093180,167.242730,830.51
2024-03-19T15:00:00+00:00,167.242730,167.377950,167.154580,167.317700,877.11
2024-03-19T16:00:00+00:00,167.317700,167.331420,167.253970,167.304730,844.29
2024-03-19T17:00:00+00:00,167.304730,167.426850,167.270700,167.398920,865.17
2024-03-19T18:00:00+00:00,167.398920,167.445530,167.366430,167.408100,602.78
2024-03-19T19:00:00+00:00,167.408100,167.511540,167.397000,167.501870,904.77
2024-03-19T20:00:00+00:00,167.501870,167.550550,167.500510,167.521650,577.58
2024-03-19T21:00:00+00:00,167.521650,167.575220,167.425500,167.449990,1181.35
2024-03-19T22:00:00+00:00,167.449990,167.454170,167.408760,167.419430,940.30
2024-03-19T23:00:00+00:00,167.419430,167.498620,167.405000,167.456320,618.86
2024-03-20T00:00:00+00:00,167.456320,167.536210,167.413400,167.504600,756.88
2024-03-20T01:00:00+00:00,167.504600,167.513080,167.435590,167.444100,1047.49
2024-03-20T02:00:00+00:00,167.444100,167.479440,167.386710,167.423040,873.37
2024-03-20T03:00:00+00:00,167.423040,167.428590,167.208000,167.293200,1365.74
2024-03-20T04:00:00+00:00,167.293200,167.450790,167.242980,167.359730,698.22
2024-03-20T05:00:00+00:00,167.359730,167.465510,167.284310,167.410920,699.98
2024-03-20T06:00:00+00:00,167.410920,167.541630,167.394010,167.525660,1058.42
2024-03-20T07:00:00+00:00,167.525660,167.525950,167.489090,167.501930,914.44
2024-03-20T08:00:00+00:00,167.501930,167.531620,167.476350,167.528320,590.24
2024-03-20T09:00:00+00:00,167.528320,167.620320,167.514810,167.585560,816.65
2024-03-20T10:00:00+00:00,167.585560,167.724320,167.511040,167.668210,788.87
2024-03-20T11:00:00+00:00,167.668210,167.779650,167.667100,167.711860,735.90
2024-03-20T12:00:00+00:00,167.711860,167.721160,167.614140,167.688570,912.61
2024-03-20T13:00:00+00:00,167.688570,167.721990,167.625350,167.628950,946.57
2024-03-20T14:00:00+00:00,167.628950,167.675460,167.565100,167.575460,929.06
2024-03-20T15:00:00+00:00,167.575460,167.618870,167.571580,167.607040,708.58
2024-03-20T16:00:00+00:00,167.607040,167.714720,167.539190,167.636520,521.46
2024-03-20T17:00:00+00:00,167.636520,167.708420,167.528050,167.591300,976.61
2024-03-20T18:00:00+00:00,167.591300,167.737260,167.560280,167.710680,1075.48
2024-03-20T19:00:00+00:00,167.710680,167.828400,167.709280,167.811200,952.96
2024-03-20T20:00:00+00:00,167.811200,167.990360,167.791530,167.965160,1149.41
2024-03-20T21:00:00+00:00,167.965160,168.016600,167.911860,167.920750,872.17
2024-03-20T22:00:00+00:00,167.920750,167.960950,167.916690,167.953400,838.77
2024-03-20T23:00:00+00:00,167.953400,168.007950,167.948500,167.966640,570.70
2024-03-21T00:00:00+00:00,167.966640,167.977410,167.927000,167.956300,628.73
2024-03-21T01:00:00+00:00,167.956300,167.989570,167.863770,167.891060,957.57
2024-03-21T02:00:00+00:00,167.891060,167.896410,167.788260,167.848840,837.65
2024-03-21T03:00:00+00:00,167.848840,167.935100,167.755750,167.805310,836.27
2024-03-21T04:00:00+00:00,167.805310,168.003570,167.760070,167.897220,992.21
2024-03-21T05:00:00+00:00,167.897220,168.043050,167.888540,167.988890,1135.22
2024-03-21T06:00:00+00:00,167.988890,168.047080,167.912280,167.940200,873.07
2024-03-21T07:00:00+00:00,167.940200,168.184470,167.908610,168.112980,1429.64
2024-03-21T08:00:00+00:00,168.112980,168.165680,168.014500,168.081970,684.78
2024-03-21T09:00:00+00:00,168.081970,168.204120,168.007490,168.201070,1117.04
2024-03-21T10:00:00+00:00,168.201070,168.212630,168.148340,168.163530,729.00
2024-03-21T11:00:00+00:00,168.163530,168.281750,168.124950,168.243380,939.97
2024-03-21T12:00:00+00:00,168.243380,168.325030,168.171580,168.312990,856.99
2024-03-21T13:00:00+00:00,168.312990,168.610470,168.232190,168.508690,1634.42
2024-03-21T14:00:00+00:00,168.508690,168.711910,168.436480,168.669450,1305.44
2024-03-21T15:00:00+00:00,168.669450,168.674990,168.633130,168.666130,714.91
2024-03-21T16:00:00+00:00,168.666130,168.704190,168.659640,168.676520,716.68
2024-03-21T17:00:00+00:00,168.676520,168.757260,168.620910,168.707170,768.45
2024-03-21T18:00:00+00:00,168.707170,168.746170,168.636590,168.667040,829.35
2024-03-21T19:00:00+00:00,168.667040,168.765630,168.601990,168.761650,1093.33
2024-03-21T20:00:00+00:00,168.761650,168.934280,168.722450,168.893620,1226.50
2024-03-21T21:00:00+00:00,168.893620,168.915140,168.835530,168.897660,672.53
2024-03-21T22:00:00+00:00,168.897660,168.997890,168.823000,168.958410,897.85
2024-03-21T23:00:00+00:00,168.958410,168.996870,168.821170,168.871630,1112.90
2024-03-22T00:00:00+00:00,168.871630,168.944620,168.708630,168.790780,940.48
2024-03-22T01:00:00+00:00,168.790780,168.796700,168.695150,168.709180,914.63
2024-03-22T02:00:00+00:00,168.709180,168.777320,168.649800,168.761760,944.90
2024-03-22T03:00:00+00:00,168.761760,168.856990,168.684590,168.827600,843.53
2024-03-22T04:00:00+00:00,168.827600,168.882510,168.802490,168.822610,595.33
2024-03-22T05:00:00+00:00,168.822610,168.886940,168.691470,168.710700,1132.45
2024-03-22T06:00:00+00:00,168.710700,168.887110,168.651900,168.878990,1421.67
2024-03-22T07:00:00+00:00,168.878990,168.958330,168.850660,168.953340,1025.94
2024-03-22T08:00:00+00:00,168.953340,169.007110,168.899610,168.954180,535.02
2024-03-22T09:00:00+00:00,168.954180,168.992590,168.836180,168.860430,1077.98
2024-03-22T10:00:00+00:00,168.860430,168.918190,168.722120,168.755380,1112.00
2024-03-22T11:00:00+00:00,168.755380,168.810450,168.651050,168.655410,1169.12
2024-03-22T12:00:00+00:00,168.655410,168.668760,168.525340,168.586250,900.44
2024-03-22T13:00:00+00:00,168.586250,168.611200,168.326750,168.393250,1588.48
2024-03-22T14:00:00+00:00,168.393250,168.398900,168.307980,168.387540,706.71
2024-03-22T15:00:00+00:00,168.387540,168.509180,168.382770,168.450760,824.78
2024-03-22T16:00:00+00:00,168.450760,168.480460,168.302930,168.371040,991.94
2024-03-22T17:00:00+00:00,168.371040,168.475360,168.322830,168.388120,643.38
2024-03-22T18:00:00+00:00,168.388120,168.421840,168.303870,168.360640,732.64
2024-03-22T19:00:00+00:00,168.360640,168.423710,168.292740,168.326020,798.69
2024-03-22T20:00:00+00:00,168.326020,168.471100,168.252120,168.416140,1040.02
2024-03-22T21:00:00+00:00,168.416140,168.455350,168.302050,168.318710,1010.43
2024-03-22T22:00:00+00:00,168.318710,168.423060,168.164020,168.206140,1236.85
2024-03-22T23:00:00+00:00,168.206140,168.250090,168.173600,168.180500,711.65
2024-03-23T00:00:00+00:00,168.180500,168.255140,168.145370,168.185280,582.65
2024-03-23T01:00:00+00:00,168.185280,168.191570,168.142820,168.159380,710.58
2024-03-23T02:00:00+00:00,168.159380,168.181930,168.058840,168.132580,828.96
2024-03-23T03:00:00+00:00,168.132580,168.147370,167.880170,167.962010,1507.13
2024-03-23T04:00:00+00:00,167.962010,167.962070,167.818460,167.847970,1081.14
2024-03-23T05:00:00+00:00,167.847970,167.940660,167.800860,167.933510,973.86
2024-03-23T06:00:00+00:00,167.933510,168.138740,167.898070,168.039820,1043.38
2024-03-23T07:00:00+00:00,168.039820,168.121730,168.031660,168.102850,821.76
2024-03-23T08:00:00+00:00,168.102850,168.125140,168.095260,168.110390,720.32
2024-03-23T09:00:00+00:00,168.110390,168.221950,168.077010,168.178120,987.68
2024-03-23T10:00:00+00:00,168.178120,168.202940,167.981570,168.068770,1149.68
2024-03-23T11:00:00+00:00,168.068770,168.157280,168.035530,168.097010,953.33
2024-03-23T12:00:00+00:00,168.097010,168.139890,168.092260,168.095940,692.19
2024-03-23T13:00:00+00:00,168.095940,168.158750,168.061800,168.100060,785.37
2024-03-23T14:00:00+00:00,168.100060,168.135880,167.979320,167.981610,970.80
2024-03-23T15:00:00+00:00,167.981610,168.083320,167.895120,167.895660,976.42
2024-03-23T16:00:00+00:00,167.895660,167.926170,167.770540,167.839000,693.71
2024-03-23T17:00:00+00:00,167.839000,167.877400,167.830930,167.846810,697.62
2024-03-23T18:00:00+00:00,167.846810,167.901610,167.810040,167.897440,915.19
2024-03-23T19:00:00+00:00,167.897440,167.905590,167.779900,167.800170,944.50
2024-03-23T20:00:00+00:00,167.800170,167.808710,167.708780,167.713210,946.06
2024-03-23T21:00:00+00:00,167.713210,167.798620,167.664970,167.780940,1017.79
2024-03-23T22:00:00+00:00,167.780940,168.025650,167.764450,167.939740,1497.96
2024-03-23T23:00:00+00:00,167.939740,168.004560,167.935910,167.980890,937.28
2024-03-24T00:00:00+00:00,167.980890,168.052500,167.788480,167.841320,1087.93
2024-03-24T01:00:00+00:00,167.841320,167.850620,167.774660,167.796340,591.92
2024-03-24T02:00:00+00:00,167.796340,167.830580,167.751370,167.794430,783.51
2024-03-24T03:00:00+00:00,167.794430,167.850480,167.750120,167.796450,763.96
2024-03-24T04:00:00+00:00,167.796450,167.809740,167.725830,167.766710,607.05
2024-03-24T05:00:00+00:00,167.766710,167.922100,167.700860,167.915980,1519.97
2024-03-24T06:00:00+00:00,167.915980,167.989470,167.903580,167.945530,906.29
2024-03-24T07:00:00+00:00,167.945530,167.983930,167.783840,167.801800,1274.14
2024-03-24T08:00:00+00:00,167.801800,167.837930,167.734530,167.763080,676.41
2024-03-24T09:00:00+00:00,167.763080,167.774600,167.464840,167.529370,1670.40
2024-03-24T10:00:00+00:00,167.529370,167.536090,167.524730,167.529290,771.61
2024-03-24T11:00:00+00:00,167.529290,167.602070,167.479310,167.565080,847.07
2024-03-24T12:00:00+00:00,167.565080,167.570900,167.450820,167.493800,776.51
2024-03-24T13:00:00+00:00,167.493800,167.529270,167.462200,167.469520,668.89
2024-03-24T14:00:00+00:00,167.469520,167.576480,167.413940,167.538940,1125.69
2024-03-24T15:00:00+00:00,167.538940,167.551050,167.394830,167.431180,969.14
2024-03-24T16:00:00+00:00,167.431180,167.469780,167.398590,167.422410,779.60
2024-03-24T17:00:00+00:00,167.422410,167.459190,167.324910,167.335560,837.87
2024-03-24T18:00:00+00:00,167.335560,167.371750,167.167090,167.223460,996.64
2024-03-24T19:00:00+00:00,167.223460,167.272130,167.028780,167.083410,1192.91
2024-03-24T20:00:00+00:00,167.083410,167.109030,167.059390,167.082850,759.66
2024-03-24T21:00:00+00:00,167.082850,167.100960,166.912500,166.973710,1012.70
2024-03-24T22:00:00+00:00,166.973710,166.981760,166.908500,166.922010,644.05
2024-03-24T23:00:00+00:00,166.922010,166.934200,166.865620,166.902300,710.28
2024-03-25T00:00:00+00:00,166.902300,166.922150,166.780090,166.820410,873.42
2024-03-25T01:00:00+00:00,166.820410,166.899670,166.643180,166.695770,998.58
2024-03-25T02:00:00+00:00,166.695770,166.742970,166.626900,166.697110,739.15
2024-03-25T03:00:00+00:00,166.697110,166.782980,166.578140,166.601490,850.68
2024-03-25T04:00:00+00:00,166.601490,166.657930,166.551900,166.553680,668.50
2024-03-25T05:00:00+00:00,166.553680,166.621140,166.420260,166.467560,956.93
2024-03-25T06:00:00+00:00,166.467560,166.510900,166.393470,166.397430,869.65
2024-03-25T07:00:00+00:00,166.397430,166.477690,166.324620,166.336310,754.46
2024-03-25T08:00:00+00:00,166.336310,166.394070,166.295580,166.332040,809.56
2024-03-25T09:00:00+00:00,166.332040,166.409780,166.314780,166.381520,986.11
2024-03-25T10:00:00+00:00,166.381520,166.437550,166.107480,166.203000,1420.81
2024-03-25T11:00:00+00:00,166.203000,166.254920,165.892260,165.985950,1615.85
2024-03-25T12:00:00+00:00,165.985950,166.088380,165.968520,166.066920,1047.73
2024-03-25T13:00:00+00:00,166.066920,166.103280,165.988750,166.019580,792.18
2024-03-25T14:00:00+00:00,166.019580,166.050170,165.872180,165.948760,714.37
2024-03-25T15:00:00+00:00,165.948760,165.981760,165.934300,165.941850,623.00
2024-03-25T16:00:00+00:00,165.941850,165.970740,165.903080,165.930360,743.59
2024-03-25T17:00:00+00:00,165.930360,165.965580,165.908320,165.947410,920.81
2024-03-25T18:00:00+00:00,165.947410,165.951030,165.905150,165.925740,675.42
2024-03-25T19:00:00+00:00,165.925740,165.938260,165.894290,165.910360,667.29
2024-03-25T20:00:00+00:00,165.910360,166.017260,165.605980,165.687320,1665.14
2024-03-25T21:00:00+00:00,165.687320,165.776710,165.404970,165.474220,1432.56
2024-03-25T22:00:00+00:00,165.474220,165.506130,165.258470,165.287090,1363.81
2024-03-25T23:00:00+00:00,165.287090,165.288460,165.241890,165.261440,528.84
2024-03-26T00:00:00+00:00,165.261440,165.265780,165.184900,165.207120,820.14
2024-03-26T01:00:00+00:00,165.207120,165.260320,165.143830,165.178810,538.53
2024-03-26T02:00:00+00:00,165.178810,165.199960,164.978220,165.027310,1205.57
2024-03-26T03:00:00+00:00,165.027310,165.118840,165.004830,165.104820,1012.44
2024-03-26T04:00:00+00:00,165.104820,165.111160,164.990970,165.024250,962.16
2024-03-26T05:00:00+00:00,165.024250,165.091310,164.995510,165.021370,576.52
2024-03-26T06:00:00+00:00,165.021370,165.109420,164.924550,165.050690,679.15
2024-03-26T07:00:00+00:00,165.050690,165.116280,164.759080,164.812470,1880.21
2024-03-26T08:00:00+00:00,164.812470,164.820350,164.768650,164.788870,631.37
2024-03-26T09:00:00+00:00,164.788870,164.840230,164.738970,164.768530,660.41
2024-03-26T10:00:00+00:00,164.768530,164.794410,164.764600,164.779640,724.81
2024-03-26T11:00:00+00:00,164.779640,164.886520,164.755080,164.832540,877.76
2024-03-26T12:00:00+00:00,164.832540,164.882750,164.665270,164.767890,985.10
2024-03-26T13:00:00+00:00,164.767890,164.883650,164.725080,164.835630,1000.62
2024-03-26T14:00:00+00:00,164.835630,165.011230,164.761990,164.939430,1103.44
2024-03-26T15:00:00+00:00,164.939430,165.003720,164.883970,164.958570,598.79
2024-03-26T16:00:00+00:00,164.958570,165.017180,164.952190,164.983850,748.78
2024-03-26T17:00:00+00:00,164.983850,165.047570,164.774540,164.836920,1430.30
2024-03-26T18:00:00+00:00,164.836920,164.960820,164.806180,164.896470,831.47
2024-03-26T19:00:00+00:00,164.896470,164.916620,164.873640,164.889820,689.89
2024-03-26T20:00:00+00:00,164.889820,164.985310,164.858720,164.965180,921.41
2024-03-26T21:00:00+00:00,164.965180,165.002900,164.811160,164.829350,1231.46
2024-03-26T22:00:00+00:00,164.829350,164.856160,164.826800,164.830500,677.36
2024-03-26T23:00:00+00:00,164.830500,164.898100,164.784320,164.801000,750.39
2024-03-27T00:00:00+00:00,164.801000,164.833610,164.732120,164.781010,750.30
2024-03-27T01:00:00+00:00,164.781010,164.828460,164.678170,164.760620,745.34
2024-03-27T02:00:00+00:00,164.760620,164.963480,164.755960,164.859490,1181.69
2024-03-27T03:00:00+00:00,164.859490,165.081110,164.794210,165.005680,1292.02
2024-03-27T04:00:00+00:00,165.005680,165.036780,165.000550,165.022270,600.73
2024-03-27T05:00:00+00:00,165.022270,165.180810,164.975940,165.097580,1029.77
2024-03-27T06:00:00+00:00,165.097580,165.122940,164.988300,165.027730,889.23
2024-03-27T07:00:00+00:00,165.027730,165.170920,164.985840,165.162090,1210.28
2024-03-27T08:00:00+00:00,165.162090,165.223940,165.136200,165.141150,730.85
2024-03-27T09:00:00+00:00,165.141150,165.274260,165.069990,165.250860,1114.55
2024-03-27T10:00:00+00:00,165.250860,165.285320,165.243030,165.258500,644.25
2024-03-27T11:00:00+00:00,165.258500,165.335700,165.141480,165.236880,786.75
2024-03-27T12:00:00+00:00,165.236880,165.259030,164.999410,165.094520,1305.97
2024-03-27T13:00:00+00:00,165.094520,165.139230,165.091150,165.122610,703.44
2024-03-27T14:00:00+00:00,165.122610,165.359920,165.116260,165.285600,1344.13
2024-03-27T15:00:00+00:00,165.285600,165.405550,165.272430,165.357870,1026.04
2024-03-27T16:00:00+00:00,165.357870,165.404470,165.320030,165.379640,621.80
2024-03-27T17:00:00+00:00,165.379640,165.409300,165.265670,165.342930,688.34
2024-03-27T18:00:00+00:00,165.342930,165.445960,165.325340,165.435790,1038.41
2024-03-27T19:00:00+00:00,165.435790,165.663490,165.346640,165.607930,1517.90
2024-03-27T20:00:00+00:00,165.607930,165.645310,165.587340,165.595120,635.49
2024-03-27T21:00:00+00:00,165.595120,165.743110,165.590230,165.649570,854.91
2024-03-27T22:00:00+00:00,165.649570,165.679280,165.601610,165.609440,817.29
2024-03-27T23:00:00+00:00,165.609440,165.718290,165.607060,165.677440,902.73
2024-03-28T00:00:00+00:00,165.677440,165.705070,165.580680,165.621340,803.40
2024-03-28T01:00:00+00:00,165.621340,165.671890,165.559950,165.611780,584.97
2024-03-28T02:00:00+00:00,165.611780,165.671800,165.447870,165.461560,1423.45
2024-03-28T03:00:00+00:00,165.461560,165.581490,165.436870,165.541290,1053.82
2024-03-28T04:00:00+00:00,165.541290,165.606400,165.425930,165.430240,1070.39
2024-03-28T05:00:00+00:00,165.430240,165.629490,165.379840,165.566390,1335.74
2024-03-28T06:00:00+00:00,165.566390,165.713820,165.488440,165.680550,1101.77
2024-03-28T07:00:00+00:00,165.680550,165.793360,165.642780,165.751360,1042.93
2024-03-28T08:00:00+00:00,165.751360,165.882360,165.669840,165.799310,887.57
2024-03-28T09:00:00+00:00,165.799310,165.832920,165.496880,165.575090,1623.54
2024-03-28T10:00:00+00:00,165.575090,165.667390,165.515010,165.624040,824.98
2024-03-28T11:00:00+00:00,165.624040,165.628180,165.555360,165.592510,718.11
2024-03-28T12:00:00+00:00,165.592510,165.700590,165.557550,165.641220,761.12
2024-03-28T13:00:00+00:00,165.641220,165.716870,165.458930,165.504560,1331.76
2024-03-28T14:00:00+00:00,165.504560,165.546550,165.367800,165.417320,1013.25
2024-03-28T15:00:00+00:00,165.417320,165.464550,165.301450,165.334520,1061.16
2024-03-28T16:00:00+00:00,165.334520,165.493280,165.245360,165.422860,1115.22
2024-03-28T17:00:00+00:00,165.422860,165.611420,165.398880,165.540100,1169.68
2024-03-28T18:00:00+00:00,165.540100,165.580330,165.465880,165.512500,673.62
2024-03-28T19:00:00+00:00,165.512500,165.579410,165.341700,165.369750,1302.16
2024-03-28T20:00:00+00:00,165.369750,165.413420,165.366030,165.379450,672.96
2024-03-28T21:00:00+00:00,165.379450,165.387310,165.219240,165.221890,1481.15
2024-03-28T22:00:00+00:00,165.221890,165.233630,165.204190,165.224020,584.80
2024-03-28T23:00:00+00:00,165.224020,165.234720,165.197260,165.214630,710.53
2024-03-29T00:00:00+00:00,165.214630,165.310820,165.057390,165.092430,1214.01
2024-03-29T01:00:00+00:00,165.092430,165.196300,165.031560,165.163510,972.56
2024-03-29T02:00:00+00:00,165.163510,165.314240,165.089850,165.238340,1005.30
2024-03-29T03:00:00+00:00,165.238340,165.294830,165.167590,165.239720,640.82
2024-03-29T04:00:00+00:00,165.239720,165.313610,165.147270,165.176480,836.21
2024-03-29T05:00:00+00:00,165.176480,165.220160,165.118700,165.126100,925.74
2024-03-29T06:00:00+00:00,165.126100,165.244270,164.975470,164.983330,1310.85
2024-03-29T07:00:00+00:00,164.983330,165.179090,164.932380,165.114640,1214.69
2024-03-29T08:00:00+00:00,165.114640,165.157190,165.038010,165.149760,746.67
2024-03-29T09:00:00+00:00,165.149760,165.150190,165.072320,165.092710,875.91
2024-03-29T10:00:00+00:00,165.092710,165.171540,164.876000,164.971630,1261.97
2024-03-29T11:00:00+00:00,164.971630,165.026110,164.890160,164.909700,943.34
2024-03-29T12:00:00+00:00,164.909700,164.943350,164.885810,164.894650,664.62
2024-03-29T13:00:00+00:00,164.894650,165.019890,164.860880,164.968460,927.12
2024-03-29T14:00:00+00:00,164.968460,164.978890,164.865130,164.879970,958.96
2024-03-29T15:00:00+00:00,164.879970,164.973120,164.802390,164.955230,981.83
2024-03-29T16:00:00+00:00,164.955230,164.992440,164.817880,164.828300,1303.38
2024-03-29T17:00:00+00:00,164.828300,164.913110,164.792910,164.863580,826.78
2024-03-29T18:00:00+00:00,164.863580,164.888860,164.846470,164.853400,671.81
2024-03-29T19:00:00+00:00,164.853400,164.914300,164.761540,164.798750,792.83
2024-03-29T20:00:00+00:00,164.798750,164.984190,164.755380,164.954140,1439.27
2024-03-29T21:00:00+00:00,164.954140,165.002350,164.927940,164.960240,725.06
2024-03-29T22:00:00+00:00,164.960240,165.057260,164.746380,164.844120,1105.53
2024-03-29T23:00:00+00:00,164.844120,164.986830,164.821490,164.921320,974.42
2024-03-30T00:00:00+00:00,164.921320,165.090640,164.905360,165.055220,1205.86
2024-03-30T01:00:00+00:00,165.055220,165.083310,165.018130,165.056700,696.83
2024-03-30T02:00:00+00:00,165.056700,165.079870,164.963430,164.977530,974.77
2024-03-30T03:00:00+00:00,164.977530,165.022790,164.927650,165.006230,738.62
2024-03-30T04:00:00+00:00,165.006230,165.046110,165.001880,165.031230,643.67
2024-03-30T05:00:00+00:00,165.031230,165.103550,164.809310,164.863140,1472.32
2024-03-30T06:00:00+00:00,164.863140,164.875260,164.800420,164.871250,646.34
2024-03-30T07:00:00+00:00,164.871250,164.938100,164.845950,164.891670,710.59
2024-03-30T08:00:00+00:00,164.891670,165.001120,164.888000,164.945620,925.64
2024-03-30T09:00:00+00:00,164.945620,164.957940,164.848900,164.870640,908.21
2024-03-30T10:00:00+00:00,164.870640,164.931780,164.849940,164.881770,671.20
2024-03-30T11:00:00+00:00,164.881770,164.903810,164.848310,164.900540,743.03
2024-03-30T12:00:00+00:00,164.900540,164.954220,164.859090,164.937890,716.20
2024-03-30T13:00:00+00:00,164.937890,165.054660,164.882250,165.033130,1014.21
2024-03-30T14:00:00+00:00,165.033130,165.082940,165.004360,165.081440,933.40
2024-03-30T15:00:00+00:00,165.081440,165.110890,165.065330,165.083530,694.51
2024-03-30T16:00:00+00:00,165.083530,165.090390,164.997020,165.007580,962.32
2024-03-30T17:00:00+00:00,165.007580,165.018770,164.982710,164.983190,739.17
2024-03-30T18:00:00+00:00,164.983190,165.085170,164.953380,165.052070,896.91
2024-03-30T19:00:00+00:00,165.052070,165.218610,164.926280,165.194040,1380.03
2024-03-30T20:00:00+00:00,165.194040,165.269680,165.170180,165.262790,930.26
2024-03-30T21:00:00+00:00,165.262790,165.350610,165.212880,165.244660,606.19
2024-03-30T22:00:00+00:00,165.244660,165.394650,165.188420,165.392670,1244.44
2024-03-30T23:00:00+00:00,165.392670,165.425330,165.311870,165.323020,1037.49
2024-03-31T00:00:00+00:00,165.323020,165.403710,165.157660,165.209970,1260.08
2024-03-31T01:00:00+00:00,165.209970,165.268840,165.116910,165.175010,760.90
2024-03-31T02:00:00+00:00,165.175010,165.309840,165.118330,165.225110,753.52
2024-03-31T03:00:00+00:00,165.225110,165.286920,165.202450,165.227830,666.93
2024-03-31T04:00:00+00:00,165.227830,165.262660,165.062300,165.139090,1130.20
2024-03-31T05:00:00+00:00,165.139090,165.251450,165.118860,165.197770,804.23
2024-03-31T06:00:00+00:00,165.197770,165.251480,165.182860,165.222030,800.92
2024-03-31T07:00:00+00:00,165.222030,165.284560,165.072560,165.106550,1115.29
2024-03-31T08:00:00+00:00,165.106550,165.161110,165.064980,165.127730,714.90
2024-03-31T09:00:00+00:00,165.127730,165.178860,165.044080,165.150000,789.47
2024-03-31T10:00:00+00:00,165.150000,165.179910,165.125600,165.179880,847.66
2024-03-31T11:00:00+00:00,165.179880,165.255730,165.089320,165.095310,1095.91
2024-03-31T12:00:00+00:00,165.095310,165.170560,165.079180,165.153790,949.91
2024-03-31T13:00:00+00:00,165.153790,165.177460,165.075810,165.109240,747.83
2024-03-31T14:00:00+00:00,165.109240,165.306670,165.089070,165.233830,1128.80
2024-03-31T15:00:00+00:00,165.233830,165.294950,165.189910,165.230510,620.26
2024-03-31T16:00:00+00:00,165.230510,165.351310,165.189950,165.339790,1120.25
2024-03-31T17:00:00+00:00,165.339790,165.393430,165.317370,165.351410,658.38
2024-03-31T18:00:00+00:00,165.351410,165.391160,165.336290,165.356320,665.50
2024-03-31T19:00:00+00:00,165.356320,165.409590,165.289220,165.373110,735.96
2024-03-31T20:00:00+00:00,165.373110,165.454750,165.315890,165.453080,1087.96
2024-03-31T21:00:00+00:00,165.453080,165.508420,165.379800,165.486740,694.71
2024-03-31T22:00:00+00:00,165.486740,165.634800,165.485340,165.570880,1007.12
2024-03-31T23:00:00+00:00,165.570880,165.652620,165.525070,165.604100,864.26
2024-04-01T00:00:00+00:00,165.604100,165.649220,165.481940,165.518860,964.51
2024-04-01T01:00:00+00:00,165.518860,165.595430,165.502750,165.573090,943.92
2024-04-01T02:00:00+00:00,165.573090,165.612520,165.519230,165.570330,556.05
2024-04-01T03:00:00+00:00,165.570330,165.852970,165.528140,165.776290,1691.77
2024-04-01T04:00:00+00:00,165.776290,165.845910,165.742180,165.807450,787.95
2024-04-01T05:00:00+00:00,165.807450,165.862810,165.726380,165.767950,818.26
2024-04-01T06:00:00+00:00,165.767950,165.855030,165.674810,165.786880,631.19
2024-04-01T07:00:00+00:00,165.786880,165.837510,165.716490,165.753350,854.97
2024-04-01T08:00:00+00:00,165.753350,165.874050,165.706460,165.847420,1151.80
2024-04-01T09:00:00+00:00,165.847420,165.980740,165.796660,165.896780,945.72
2024-04-01T10:00:00+00:00,165.896780,165.951070,165.782590,165.814470,1078.27
2024-04-01T11:00:00+00:00,165.814470,165.981390,165.760010,165.916740,1136.00
2024-04-01T12:00:00+00:00,165.916740,166.016260,165.805680,165.809980,1151.10
2024-04-01T13:00:00+00:00,165.809980,165.822640,165.728060,165.762660,790.41
2024-04-01T14:00:00+00:00,165.762660,165.804480,165.706640,165.730380,796.58
2024-04-01T15:00:00+00:00,165.730380,165.768260,165.693070,165.732530,687.75
2024-04-01T16:00:00+00:00,165.732530,165.768870,165.651080,165.711430,671.45
2024-04-01T17:00:00+00:00,165.711430,165.800800,165.666740,165.753340,894.79
2024-04-01T18:00:00+00:00,165.753340,165.832990,165.624940,165.725070,662.98
2024-04-01T19:00:00+00:00,165.725070,165.744420,165.602630,165.666800,902.80
2024-04-01T20:00:00+00:00,165.666800,165.814750,165.581600,165.734620,885.15
2024-04-01T21:00:00+00:00,165.734620,165.824010,165.680670,165.797660,829.34
2024-04-01T22:00:00+00:00,165.797660,165.816340,165.767150,165.784500,647.63
2024-04-01T23:00:00+00:00,165.784500,165.830940,165.477480,165.600660,1559.49
2024-04-02T00:00:00+00:00,165.600660,165.753990,165.579070,165.714880,1150.34
2024-04-02T01:00:00+00:00,165.714880,165.719000,165.604410,165.615990,1061.84
2024-04-02T02:00:00+00:00,165.615990,165.653330,165.512390,165.513020,1115.82
2024-04-02T03:00:00+00:00,165.513020,165.587800,165.376700,165.442290,915.82
2024-04-02T04:00:00+00:00,165.442290,165.528390,165.399800,165.482710,741.38
2024-04-02T05:00:00+00:00,165.482710,165.553410,165.367350,165.457410,694.69
2024-04-02T06:00:00+00:00,165.457410,165.618280,165.351510,165.522840,1002.01
2024-04-02T07:00:00+00:00,165.522840,165.740930,165.457550,165.705880,1569.42
2024-04-02T08:00:00+00:00,165.705880,165.755130,165.628180,165.691450,723.73
2024-04-02T09:00:00+00:00,165.691450,165.794620,165.652690,165.787890,1063.14
2024-04-02T10:00:00+00:00,165.787890,165.792760,165.722430,165.740270,919.30
2024-04-02T11:00:00+00:00,165.740270,165.972750,165.672030,165.866510,1251.73
2024-04-02T12:00:00+00:00,165.866510,165.872500,165.778670,165.842000,784.49
2024-04-02T13:00:00+00:00,165.842000,165.983050,165.811070,165.941190,996.75
2024-04-02T14:00:00+00:00,165.941190,166.004610,165.757420,165.832900,1162.29
2024-04-02T15:00:00+00:00,165.832900,165.869850,165.712980,165.714500,1115.90
2024-04-02T16:00:00+00:00,165.714500,165.721320,165.613620,165.653990,808.33
2024-04-02T17:00:00+00:00,165.653990,165.697340,165.596350,165.655250,534.48
2024-04-02T18:00:00+00:00,165.655250,165.702110,165.569580,165.597770,838.37
2024-04-02T19:00:00+00:00,165.597770,165.615990,165.491650,165.539080,910.50
2024-04-02T20:00:00+00:00,165.539080,165.579770,165.528940,165.536210,544.06
2024-04-02T21:00:00+00:00,165.536210,165.678330,165.462150,165.630390,1043.53
2024-04-02T22:00:00+00:00,165.630390,165.709630,165.591190,165.644370,780.19
2024-04-02T23:00:00+00:00,165.644370,165.740690,165.388900,165.441630,1441.21
2024-04-03T00:00:00+00:00,165.441630,165.546390,165.437590,165.517590,1052.28
2024-04-03T01:00:00+00:00,165.517590,165.566630,165.299500,165.389300,1022.22
2024-04-03T02:00:00+00:00,165.389300,165.416820,165.283690,165.347560,686.78
2024-04-03T03:00:00+00:00,165.347560,165.380110,165.150650,165.197010,1204.90
2024-04-03T04:00:00+00:00,165.197010,165.214930,165.062050,165.092250,925.50
2024-04-03T05:00:00+00:00,165.092250,165.123830,164.995200,165.020960,731.98
2024-04-03T06:00:00+00:00,165.020960,165.055740,165.014570,165.053610,854.99
2024-04-03T07:00:00+00:00,165.053610,165.229400,164.969280,165.146940,1258.21
2024-04-03T08:00:00+00:00,165.146940,165.263280,164.949060,165.027780,977.92
2024-04-03T09:00:00+00:00,165.027780,165.118580,165.005850,165.070750,867.77
2024-04-03T10:00:00+00:00,165.070750,165.082860,164.962300,164.986540,783.89
2024-04-03T11:00:00+00:00,164.986540,165.068980,164.816600,164.893180,898.32
2024-04-03T12:00:00+00:00,164.893180,164.898030,164.850190,164.870870,675.47
2024-04-03T13:00:00+00:00,164.870870,164.922400,164.820900,164.874530,793.73
2024-04-03T14:00:00+00:00,164.874530,164.893440,164.812770,164.846470,603.11
2024-04-03T15:00:00+00:00,164.846470,164.930760,164.646100,164.698860,1288.61
2024-04-03T16:00:00+00:00,164.698860,164.809320,164.659060,164.738680,961.25
2024-04-03T17:00:00+00:00,164.738680,164.770810,164.642050,164.709810,621.72
2024-04-03T18:00:00+00:00,164.709810,164.754830,164.590720,164.632200,761.47
2024-04-03T19:00:00+00:00,164.632200,164.658720,164.520760,164.580810,761.47
2024-04-03T20:00:00+00:00,164.580810,164.707910,164.564180,164.707520,1323.08
2024-04-03T21:00:00+00:00,164.707520,164.712650,164.684470,164.699520,745.26
2024-04-03T22:00:00+00:00,164.699520,164.727020,164.655570,164.679730,670.57
2024-04-03T23:00:00+00:00,164.679730,164.751630,164.540520,164.583340,1016.78
2024-04-04T00:00:00+00:00,164.583340,164.639670,164.529110,164.617630,866.55
2024-04-04T01:00:00+00:00,164.617630,164.640170,164.428220,164.506450,967.38
2024-04-04T02:00:00+00:00,164.506450,164.562090,164.378290,164.433470,782.54
2024-04-04T03:00:00+00:00,164.433470,164.456000,164.359980,164.363800,769.66
2024-04-04T04:00:00+00:00,164.363800,164.427700,164.283030,164.285840,913.25
2024-04-04T05:00:00+00:00,164.285840,164.323370,164.062230,164.094000,1446.53
2024-04-04T06:00:00+00:00,164.094000,164.144140,164.070370,164.092230,732.27
2024-04-04T07:00:00+00:00,164.092230,164.149130,164.062210,164.078130,721.57
2024-04-04T08:00:00+00:00,164.078130,164.170910,164.031510,164.130320,1087.12
2024-04-04T09:00:00+00:00,164.130320,164.285250,164.067690,164.236100,1240.66
2024-04-04T10:00:00+00:00,164.236100,164.236930,164.162430,164.230180,636.35
2024-04-04T11:00:00+00:00,164.230180,164.301260,164.097690,164.117270,941.32
2024-04-04T12:00:00+00:00,164.117270,164.127350,164.064630,164.080450,672.37
2024-04-04T13:00:00+00:00,164.080450,164.121300,164.015860,164.048130,546.74
2024-04-04T14:00:00+00:00,164.048130,164.109080,163.913330,163.954590,912.72
2024-04-04T15:00:00+00:00,163.954590,164.058600,163.881910,164.050220,1183.82
2024-04-04T16:00:00+00:00,164.050220,164.113930,163.985520,163.992010,652.65
2024-04-04T17:00:00+00:00,163.992010,164.005940,163.828640,163.900430,884.27
2024-04-04T18:00:00+00:00,163.900430,163.923340,163.762030,163.796640,894.02
2024-04-04T19:00:00+00:00,163.796640,163.882170,163.753360,163.855230,1001.59
2024-04-04T20:00:00+00:00,163.855230,163.875460,163.723860,163.802240,755.08
2024-04-04T21:00:00+00:00,163.802240,163.863290,163.744740,163.827150,936.86
2024-04-04T22:00:00+00:00,163.827150,163.848750,163.778240,163.783000,704.28
2024-04-04T23:00:00+00:00,163.783000,163.787160,163.627000,163.699150,963.01
2024-04-05T00:00:00+00:00,163.699150,163.790980,163.638000,163.736420,977.18
2024-04-05T01:00:00+00:00,163.736420,163.796940,163.570230,163.589890,1219.89
2024-04-05T02:00:00+00:00,163.589890,163.615640,163.544210,163.604150,844.26
2024-04-05T03:00:00+00:00,163.604150,163.649540,163.516160,163.576400,611.90
2024-04-05T04:00:00+00:00,163.576400,163.681590,163.531690,163.680430,1273.08
2024-04-05T05:00:00+00:00,163.680430,163.748000,163.487370,163.581810,1046.24
2024-04-05T06:00:00+00:00,163.581810,163.640890,163.503100,163.526100,788.79
2024-04-05T07:00:00+00:00,163.526100,163.712160,163.486100,163.620330,1198.24
2024-04-05T08:00:00+00:00,163.620330,163.723210,163.369700,163.481360,1137.70
2024-04-05T09:00:00+00:00,163.481360,163.484800,163.314040,163.401300,846.20
2024-04-05T10:00:00+00:00,163.401300,163.450660,163.187020,163.241580,1549.96
2024-04-05T11:00:00+00:00,163.241580,163.353380,163.198570,163.336540,923.04
2024-04-05T12:00:00+00:00,163.336540,163.398160,163.287860,163.361150,690.74
2024-04-05T13:00:00+00:00,163.361150,163.401860,163.257590,163.298640,1122.93
2024-04-05T14:00:00+00:00,163.298640,163.510610,163.269910,163.415330,1086.28
2024-04-05T15:00:00+00:00,163.415330,163.461440,163.387110,163.440620,613.51
2024-04-05T16:00:00+00:00,163.440620,163.708210,163.372750,163.604900,1277.52
2024-04-05T17:00:00+00:00,163.604900,163.649660,163.599020,163.619470,742.70
2024-04-05T18:00:00+00:00,163.619470,163.670790,163.574980,163.607190,891.21
2024-04-05T19:00:00+00:00,163.607190,163.695060,163.468030,163.534300,1094.59
2024-04-05T20:00:00+00:00,163.534300,163.804350,163.456830,163.739550,1544.72
2024-04-05T21:00:00+00:00,163.739550,163.763950,163.653100,163.716540,859.16
2024-04-05T22:00:00+00:00,163.716540,163.762480,163.625230,163.700550,761.89
2024-04-05T23:00:00+00:00,163.700550,163.778160,163.669680,163.746880,602.05
2024-04-06T00:00:00+00:00,163.746880,163.779360,163.638720,163.683270,995.50
2024-04-06T01:00:00+00:00,163.683270,163.890010,163.603670,163.863960,1434.85
2024-04-06T02:00:00+00:00,163.863960,163.870130,163.770900,163.790450,1042.72
2024-04-06T03:00:00+00:00,163.790450,163.810880,163.683770,163.739290,1077.75
2024-04-06T04:00:00+00:00,163.739290,163.750470,163.715650,163.716600,812.33
2024-04-06T05:00:00+00:00,163.716600,163.734860,163.661870,163.690070,925.27
2024-04-06T06:00:00+00:00,163.690070,163.845160,163.590110,163.776940,924.44
2024-04-06T07:00:00+00:00,163.776940,163.824470,163.678450,163.745600,936.68
2024-04-06T08:00:00+00:00,163.745600,163.775280,163.701270,163.728870,795.76
2024-04-06T09:00:00+00:00,163.728870,163.746330,163.635640,163.670430,1091.72
2024-04-06T10:00:00+00:00,163.670430,163.711350,163.638660,163.669890,833.83
2024-04-06T11:00:00+00:00,163.669890,163.825610,163.629590,163.798940,1106.68
2024-04-06T12:00:00+00:00,163.798940,163.835430,163.721900,163.782520,899.61
2024-04-06T13:00:00+00:00,163.782520,163.950500,163.717990,163.896160,1031.01
2024-04-06T14:00:00+00:00,163.896160,164.085140,163.800770,164.013640,969.05
2024-04-06T15:00:00+00:00,164.013640,164.165420,163.979730,164.104340,830.76
2024-04-06T16:00:00+00:00,164.104340,164.206450,164.088190,164.151980,612.68
2024-04-06T17:00:00+00:00,164.151980,164.219200,164.138790,164.197190,645.30
2024-04-06T18:00:00+00:00,164.197190,164.303820,164.139940,164.266650,828.36
2024-04-06T19:00:00+00:00,164.266650,164.473140,164.212440,164.449950,1329.57
2024-04-06T20:00:00+00:00,164.449950,164.663380,164.429440,164.563920,962.51
2024-04-06T21:00:00+00:00,164.563920,164.605390,164.496940,164.506520,1085.05
2024-04-06T22:00:00+00:00,164.506520,164.561370,164.496410,164.555210,649.33
2024-04-06T23:00:00+00:00,164.555210,164.738020,164.520980,164.690910,1085.30
2024-04-07T00:00:00+00:00,164.690910,164.717700,164.631830,164.655330,925.20
2024-04-07T01:00:00+00:00,164.655330,164.832520,164.615980,164.762140,1061.13
2024-04-07T02:00:00+00:00,164.762140,164.865630,164.710610,164.815540,634.29
2024-04-07T03:00:00+00:00,164.815540,164.913540,164.761520,164.891550,927.40
2024-04-07T04:00:00+00:00,164.891550,164.899070,164.790320,164.815260,1212.77
2024-04-07T05:00:00+00:00,164.815260,164.865480,164.802880,164.838910,549.47
2024-04-07T06:00:00+00:00,164.838910,164.883910,164.790420,164.877000,580.32
2024-04-07T07:00:00+00:00,164.877000,164.929400,164.844060,164.870490,855.95
2024-04-07T08:00:00+00:00,164.870490,164.890660,164.697120,164.746080,1276.75
2024-04-07T09:00:00+00:00,164.746080,164.887420,164.700970,164.858070,1024.99
2024-04-07T10:00:00+00:00,164.858070,164.860570,164.823000,164.852390,719.61
2024-04-07T11:00:00+00:00,164.852390,164.913800,164.802170,164.903520,747.73
2024-04-07T12:00:00+00:00,164.903520,165.059260,164.810990,164.999290,942.68
2024-04-07T13:00:00+00:00,164.999290,165.065850,164.968350,164.974330,864.02
2024-04-07T14:00:00+00:00,164.974330,165.059600,164.969980,165.014220,758.25
2024-04-07T15:00:00+00:00,165.014220,165.258620,164.929270,165.237530,1552.44
2024-04-07T16:00:00+00:00,165.237530,165.306460,165.224520,165.288010,682.55
2024-04-07T17:00:00+00:00,165.288010,165.375330,165.244450,165.313270,601.43
2024-04-07T18:00:00+00:00,165.313270,165.372430,165.287710,165.342470,543.19
2024-04-07T19:00:00+00:00,165.342470,165.361160,165.318050,165.345440,689.49
2024-04-07T20:00:00+00:00,165.345440,165.400490,165.324960,165.374760,558.69
2024-04-07T21:00:00+00:00,165.374760,165.486560,165.373720,165.472690,879.11
2024-04-07T22:00:00+00:00,165.472690,165.506550,165.453350,165.486580,590.82
2024-04-07T23:00:00+00:00,165.486580,165.531370,165.470490,165.502100,748.36
2024-04-08T00:00:00+00:00,165.502100,165.659440,165.490460,165.584610,964.64
2024-04-08T01:00:00+00:00,165.584610,165.670530,165.533110,165.618350,700.04
2024-04-08T02:00:00+00:00,165.618350,165.703500,165.586370,165.673160,833.26
2024-04-08T03:00:00+00:00,165.673160,165.867710,165.605790,165.844210,1317.36
2024-04-08T04:00:00+00:00,165.844210,165.999640,165.832820,165.989130,1248.34
2024-04-08T05:00:00+00:00,165.989130,166.099040,165.926190,166.017490,512.24
2024-04-08T06:00:00+00:00,166.017490,166.133150,165.977630,166.118880,1028.65
2024-04-08T07:00:00+00:00,166.118880,166.229660,166.053690,166.173250,729.28
2024-04-08T08:00:00+00:00,166.173250,166.440270,166.082430,166.345070,1594.08
2024-04-08T09:00:00+00:00,166.345070,166.399130,166.220450,166.226360,955.62
2024-04-08T10:00:00+00:00,166.226360,166.281990,166.156590,166.193470,553.35
2024-04-08T11:00:00+00:00,166.193470,166.202680,166.168300,166.188000,757.37
2024-04-08T12:00:00+00:00,166.188000,166.262460,165.973390,166.041280,1243.91
2024-04-08T13:00:00+00:00,166.041280,166.104830,166.011240,166.071740,942.22
2024-04-08T14:00:00+00:00,166.071740,166.152900,166.003340,166.084350,784.63
2024-04-08T15:00:00+00:00,166.084350,166.097730,166.037870,166.067040,611.32
2024-04-08T16:00:00+00:00,166.067040,166.075690,166.065020,166.065910,739.32
2024-04-08T17:00:00+00:00,166.065910,166.075370,165.993890,166.065360,703.28
2024-04-08T18:00:00+00:00,166.065360,166.238270,166.006800,166.186350,1364.21
2024-04-08T19:00:00+00:00,166.186350,166.225230,166.118780,166.197800,869.93
2024-04-08T20:00:00+00:00,166.197800,166.385270,166.108400,166.286320,1259.06
2024-04-08T21:00:00+00:00,166.286320,166.341110,166.259220,166.327960,902.93
2024-04-08T22:00:00+00:00,166.327960,166.394050,166.315570,166.374020,986.70
2024-04-08T23:00:00+00:00,166.374020,166.408150,166.331880,166.374270,661.43
2024-04-09T00:00:00+00:00,166.374270,166.397140,166.326490,166.347760,541.69
2024-04-09T01:00:00+00:00,166.347760,166.389620,166.280020,166.285790,714.59
2024-04-09T02:00:00+00:00,166.285790,166.329330,166.191240,166.213990,769.95
2024-04-09T03:00:00+00:00,166.213990,166.223960,166.016330,166.067840,1172.27
2024-04-09T04:00:00+00:00,166.067840,166.076950,166.040370,166.065000,632.69
2024-04-09T05:00:00+00:00,166.065000,166.081260,166.033480,166.043800,585.10
2024-04-09T06:00:00+00:00,166.043800,166.107970,166.007900,166.060900,802.95
2024-04-09T07:00:00+00:00,166.060900,166.131370,166.039530,166.095620,875.34
2024-04-09T08:00:00+00:00,166.095620,166.113210,165.967580,166.033990,840.46
2024-04-09T09:00:00+00:00,166.033990,166.061120,166.013200,166.048100,803.52
2024-04-09T10:00:00+00:00,166.048100,166.075120,165.858020,165.899680,1115.13
2024-04-09T11:00:00+00:00,165.899680,165.993940,165.768140,165.806650,987.33
2024-04-09T12:00:00+00:00,165.806650,165.863380,165.739280,165.799520,763.46
2024-04-09T13:00:00+00:00,165.799520,165.888120,165.749810,165.856200,1051.73
2024-04-09T14:00:00+00:00,165.856200,165.893250,165.719300,165.784910,866.36
2024-04-09T15:00:00+00:00,165.784910,165.856750,165.750620,165.824910,981.21
2024-04-09T16:00:00+00:00,165.824910,165.913700,165.613810,165.643580,1362.06
2024-04-09T17:00:00+00:00,165.643580,165.678820,165.634390,165.656560,890.62
2024-04-09T18:00:00+00:00,165.656560,165.666460,165.469270,165.479660,1360.67
2024-04-09T19:00:00+00:00,165.479660,165.513780,165.461920,165.471920,603.91
2024-04-09T20:00:00+00:00,165.471920,165.692370,165.417650,165.585810,1391.12
2024-04-09T21:00:00+00:00,165.585810,165.620480,165.518210,165.549180,681.51
2024-04-09T22:00:00+00:00,165.549180,165.619070,165.529930,165.592340,951.55
2024-04-09T23:00:00+00:00,165.592340,165.696060,165.336470,165.424070,1249.24
2024-04-10T00:00:00+00:00,165.424070,165.476450,165.249280,165.284430,1085.13
2024-04-10T01:00:00+00:00,165.284430,165.502430,165.203380,165.430960,1386.48
2024-04-10T02:00:00+00:00,165.430960,165.471850,165.416930,165.456830,935.19
2024-04-10T03:00:00+00:00,165.456830,165.461180,165.365180,165.397890,719.86
2024-04-10T04:00:00+00:00,165.397890,165.412790,165.247560,165.303100,908.61
2024-04-10T05:00:00+00:00,165.303100,165.337200,165.209530,165.256830,635.20
2024-04-10T06:00:00+00:00,165.256830,165.372870,165.199150,165.338370,1057.59
2024-04-10T07:00:00+00:00,165.338370,165.440640,165.329620,165.395700,1044.66
2024-04-10T08:00:00+00:00,165.395700,165.433480,165.323660,165.341960,758.82
2024-04-10T09:00:00+00:00,165.341960,165.374020,165.311450,165.349700,781.58
2024-04-10T10:00:00+00:00,165.349700,165.403490,165.190890,165.231230,993.10
2024-04-10T11:00:00+00:00,165.231230,165.252810,165.202300,165.207290,535.24
2024-04-10T12:00:00+00:00,165.207290,165.370680,165.177830,165.313770,1286.20
2024-04-10T13:00:00+00:00,165.313770,165.396700,165.217930,165.275320,606.47
2024-04-10T14:00:00+00:00,165.275320,165.300400,165.120830,165.204090,839.77
2024-04-10T15:00:00+00:00,165.204090,165.302200,165.055290,165.070020,1123.29
2024-04-10T16:00:00+00:00,165.070020,165.116500,164.908610,164.965830,969.65
2024-04-10T17:00:00+00:00,164.965830,165.043010,164.823660,164.878980,829.13
2024-04-10T18:00:00+00:00,164.878980,164.945550,164.847210,164.912970,844.43
2024-04-10T19:00:00+00:00,164.912970,164.961590,164.885190,164.900850,582.88
2024-04-10T20:00:00+00:00,164.900850,164.973280,164.872190,164.908450,714.67
2024-04-10T21:00:00+00:00,164.908450,164.993000,164.755260,164.828200,847.73
2024-04-10T22:00:00+00:00,164.828200,164.844260,164.777970,164.819920,602.75
2024-04-10T23:00:00+00:00,164.819920,164.939930,164.808390,164.939130,1098.64
2024-04-11T00:00:00+00:00,164.939130,165.087390,164.901300,165.027910,1119.24
2024-04-11T01:00:00+00:00,165.027910,165.111950,164.787420,164.830450,1576.53
2024-04-11T02:00:00+00:00,164.830450,164.877730,164.679430,164.718720,1124.06
2024-04-11T03:00:00+00:00,164.718720,164.952610,164.672120,164.869470,1387.71
2024-04-11T04:00:00+00:00,164.869470,164.890680,164.836330,164.870240,573.88
2024-04-11T05:00:00+00:00,164.870240,164.999880,164.807010,164.989180,1103.48
2024-04-11T06:00:00+00:00,164.989180,165.050670,164.979010,165.032730,757.96
2024-04-11T07:00:00+00:00,165.032730,165.101870,165.013540,165.071970,797.94
2024-04-11T08:00:00+00:00,165.071970,165.133040,165.064340,165.084490,685.25
2024-04-11T09:00:00+00:00,165.084490,165.186110,165.054970,165.166450,984.34
2024-04-11T10:00:00+00:00,165.166450,165.387680,165.134570,165.274540,1090.05
2024-04-11T11:00:00+00:00,165.274540,165.308340,165.236590,165.237580,734.43
2024-04-11T12:00:00+00:00,165.237580,165.257010,165.196590,165.229480,636.04
2024-04-11T13:00:00+00:00,165.229480,165.346670,165.152870,165.329560,1017.83
2024-04-11T14:00:00+00:00,165.329560,165.416050,165.029390,165.093150,1841.78
2024-04-11T15:00:00+00:00,165.093150,165.189970,165.047850,165.137290,855.01
2024-04-11T16:00:00+00:00,165.137290,165.204340,165.042610,165.109590,639.09
2024-04-11T17:00:00+00:00,165.109590,165.201470,165.065530,165.190480,940.57
2024-04-11T18:00:00+00:00,165.190480,165.254650,165.187710,165.220240,834.71
2024-04-11T19:00:00+00:00,165.220240,165.377990,165.213940,165.374620,1448.53
2024-04-11T20:00:00+00:00,165.374620,165.430040,165.335240,165.342020,673.98
2024-04-11T21:00:00+00:00,165.342020,165.456440,165.317940,165.425020,1039.54
2024-04-11T22:00:00+00:00,165.425020,165.713760,165.328970,165.621800,1642.60
2024-04-11T23:00:00+00:00,165.621800,165.677500,165.599540,165.634610,733.01
2024-04-12T00:00:00+00:00,165.634610,165.662780,165.607400,165.615920,738.65
2024-04-12T01:00:00+00:00,165.615920,165.683700,165.553480,165.666880,869.63
2024-04-12T02:00:00+00:00,165.666880,165.683940,165.531850,165.543710,1207.20
2024-04-12T03:00:00+00:00,165.543710,165.545180,165.454600,165.516100,783.58
2024-04-12T04:00:00+00:00,165.516100,165.613370,165.476700,165.529020,624.49
2024-04-12T05:00:00+00:00,165.529020,165.575320,165.455550,165.491160,829.96
2024-04-12T06:00:00+00:00,165.491160,165.561320,165.443500,165.555830,963.99
2024-04-12T07:00:00+00:00,165.555830,165.622570,165.519970,165.550000,565.37
2024-04-12T08:00:00+00:00,165.550000,165.636930,165.483870,165.499050,816.29
2024-04-12T09:00:00+00:00,165.499050,165.531590,165.384830,165.424230,1038.39
2024-04-12T10:00:00+00:00,165.424230,165.585230,165.369960,165.505490,1052.96
2024-04-12T11:00:00+00:00,165.505490,165.517770,165.450510,165.460650,842.78
2024-04-12T12:00:00+00:00,165.460650,165.481120,165.378660,165.384990,967.59
2024-04-12T13:00:00+00:00,165.384990,165.445180,165.270820,165.309380,878.96
2024-04-12T14:00:00+00:00,165.309380,165.356600,165.274910,165.280540,753.26
2024-04-12T15:00:00+00:00,165.280540,165.309600,165.165590,165.229250,841.88
2024-04-12T16:00:00+00:00,165.229250,165.278600,164.971390,165.035280,1529.82
2024-04-12T17:00:00+00:00,165.035280,165.091630,165.005540,165.032700,536.92
2024-04-12T18:00:00+00:00,165.032700,165.137770,164.733100,164.769400,1820.03
2024-04-12T19:00:00+00:00,164.769400,164.820750,164.680870,164.809930,899.93
2024-04-12T20:00:00+00:00,164.809930,164.902600,164.772300,164.877610,947.72
2024-04-12T21:00:00+00:00,164.877610,165.017340,164.797400,164.987640,1249.22
2024-04-12T22:00:00+00:00,164.987640,164.990260,164.930600,164.944530,721.71
2024-04-12T23:00:00+00:00,164.944530,164.960570,164.885380,164.892620,831.12
2024-04-13T00:00:00+00:00,164.892620,164.892880,164.881880,164.885250,725.48
2024-04-13T01:00:00+00:00,164.885250,164.936960,164.880210,164.936340,924.77
2024-04-13T02:00:00+00:00,164.936340,164.991550,164.896080,164.990360,941.60
2024-04-13T03:00:00+00:00,164.990360,165.015360,164.874110,164.909010,911.01
2024-04-13T04:00:00+00:00,164.909010,164.955680,164.846350,164.922260,672.84
2024-04-13T05:00:00+00:00,164.922260,164.964660,164.907700,164.931430,591.21
2024-04-13T06:00:00+00:00,164.931430,165.014280,164.924380,164.932140,697.17
2024-04-13T07:00:00+00:00,164.932140,164.995380,164.926780,164.935460,660.84
2024-04-13T08:00:00+00:00,164.935460,165.081160,164.926660,164.991280,903.29
2024-04-13T09:00:00+00:00,164.991280,165.011410,164.800110,164.840520,1444.14
2024-04-13T10:00:00+00:00,164.840520,164.873220,164.776170,164.787490,835.31
2024-04-13T11:00:00+00:00,164.787490,164.875770,164.605240,164.670400,1113.61
2024-04-13T12:00:00+00:00,164.670400,164.685960,164.628050,164.685740,676.86
2024-04-13T13:00:00+00:00,164.685740,164.832630,164.651310,164.773670,905.11
2024-04-13T14:00:00+00:00,164.773670,164.956730,164.768610,164.948990,1308.32
2024-04-13T15:00:00+00:00,164.948990,165.155240,164.947350,165.152690,1508.37
2024-04-13T16:00:00+00:00,165.152690,165.280480,165.044060,165.267640,1089.43
2024-04-13T17:00:00+00:00,165.267640,165.317750,165.238670,165.256630,795.93
2024-04-13T18:00:00+00:00,165.256630,165.364530,165.230870,165.336670,911.51
2024-04-13T19:00:00+00:00,165.336670,165.520230,165.251820,165.451150,1048.56
2024-04-13T20:00:00+00:00,165.451150,165.562100,165.402840,165.516090,694.25
2024-04-13T21:00:00+00:00,165.516090,165.602850,165.506590,165.569860,666.07
2024-04-13T22:00:00+00:00,165.569860,165.686110,165.525180,165.672560,937.63
2024-04-13T23:00:00+00:00,165.672560,165.739510,165.532150,165.601100,1156.80
2024-04-14T00:00:00+00:00,165.601100,165.772260,165.591300,165.686120,834.37
2024-04-14T01:00:00+00:00,165.686120,165.718780,165.476270,165.554810,1311.50
2024-04-14T02:00:00+00:00,165.554810,165.668150,165.528830,165.656960,951.66
2024-04-14T03:00:00+00:00,165.656960,165.761970,165.655220,165.709080,666.99
2024-04-14T04:00:00+00:00,165.709080,165.722880,165.673760,165.717160,646.45
2024-04-14T05:00:00+00:00,165.717160,165.769480,165.680920,165.721500,768.23
2024-04-14T06:00:00+00:00,165.721500,165.796080,165.667580,165.678120,942.47
2024-04-14T07:00:00+00:00,165.678120,165.685870,165.543570,165.610890,1060.23
2024-04-14T08:00:00+00:00,165.610890,165.693790,165.547150,165.592780,894.65
2024-04-14T09:00:00+00:00,165.592780,165.639910,165.402760,165.470340,1331.64
2024-04-14T10:00:00+00:00,165.470340,165.491270,165.389270,165.474160,712.87
2024-04-14T11:00:00+00:00,165.474160,165.621050,165.417430,165.612420,1109.76
2024-04-14T12:00:00+00:00,165.612420,165.708970,165.546450,165.704410,967.66
2024-04-14T13:00:00+00:00,165.704410,165.836470,165.655540,165.786590,826.65
2024-04-14T14:00:00+00:00,165.786590,165.800070,165.722360,165.741880,963.31
2024-04-14T15:00:00+00:00,165.741880,165.766520,165.572330,165.636550,1210.84
2024-04-14T16:00:00+00:00,165.636550,165.750790,165.581340,165.676630,698.07
2024-04-14T17:00:00+00:00,165.676630,165.896790,165.669720,165.814420,1141.42
2024-04-14T18:00:00+00:00,165.814420,165.864120,165.728720,165.777450,827.70
2024-04-14T19:00:00+00:00,165.777450,165.808510,165.720460,165.795730,681.63
2024-04-14T20:00:00+00:00,165.795730,165.796060,165.691140,165.702450,1260.49
2024-04-14T21:00:00+00:00,165.702450,165.739240,165.637180,165.668570,814.98
2024-04-14T22:00:00+00:00,165.668570,165.763310,165.643980,165.734060,778.20
2024-04-14T23:00:00+00:00,165.734060,165.801400,165.718760,165.736700,812.42
2024-04-15T00:00:00+00:00,165.736700,165.769030,165.711440,165.762630,556.61
2024-04-15T01:00:00+00:00,165.762630,165.840290,165.623820,165.687390,1059.63
2024-04-15T02:00:00+00:00,165.687390,165.698140,165.664750,165.666470,835.94
2024-04-15T03:00:00+00:00,165.666470,165.741010,165.567290,165.630630,980.65
2024-04-15T04:00:00+00:00,165.630630,165.670010,165.624420,165.657770,516.12
2024-04-15T05:00:00+00:00,165.657770,165.852100,165.577790,165.799690,1172.43
2024-04-15T06:00:00+00:00,165.799690,165.911030,165.759400,165.888860,881.24
2024-04-15T07:00:00+00:00,165.888860,165.938700,165.862420,165.937480,627.00
2024-04-15T08:00:00+00:00,165.937480,165.977200,165.798160,165.799560,1529.48
2024-04-15T09:00:00+00:00,165.799560,166.027400,165.711430,165.920500,1152.45
2024-04-15T10:00:00+00:00,165.920500,166.058490,165.868730,165.996200,755.08
2024-04-15T11:00:00+00:00,165.996200,166.029920,165.989470,166.002340,669.65
2024-04-15T12:00:00+00:00,166.002340,166.166560,165.942380,166.165580,1241.12
2024-04-15T13:00:00+00:00,166.165580,166.196050,166.094100,166.125460,1018.55
2024-04-15T14:00:00+00:00,166.125460,166.271340,166.088110,166.267350,1202.89
2024-04-15T15:00:00+00:00,166.267350,166.331860,166.205300,166.305020,680.42
2024-04-15T16:00:00+00:00,166.305020,166.435250,166.232620,166.400730,871.59
2024-04-15T17:00:00+00:00,166.400730,166.415850,166.281800,166.361570,919.31
2024-04-15T18:00:00+00:00,166.361570,166.445090,166.260040,166.315980,918.56
2024-04-15T19:00:00+00:00,166.315980,166.324360,166.314110,166.314970,650.64
2024-04-15T20:00:00+00:00,166.314970,166.385720,166.295750,166.303670,712.71
2024-04-15T21:00:00+00:00,166.303670,166.462620,166.232940,166.424730,1033.05
2024-04-15T22:00:00+00:00,166.424730,166.516350,166.280110,166.375710,1023.44
2024-04-15T23:00:00+00:00,166.375710,166.443470,166.298060,166.359400,863.65
2024-04-16T00:00:00+00:00,166.359400,166.395360,166.345300,166.375510,745.35
2024-04-16T01:00:00+00:00,166.375510,166.420360,166.256070,166.292170,853.92
2024-04-16T02:00:00+00:00,166.292170,166.339160,166.275910,166.295380,748.35
2024-04-16T03:00:00+00:00,166.295380,166.424950,166.210430,166.372520,1056.94
2024-04-16T04:00:00+00:00,166.372520,166.501870,166.319690,166.437730,1116.70
2024-04-16T05:00:00+00:00,166.437730,166.479680,166.280920,166.316920,1087.43
2024-04-16T06:00:00+00:00,166.316920,166.364680,166.287800,166.316360,827.44
2024-04-16T07:00:00+00:00,166.316360,166.353530,166.275500,166.275540,578.50
2024-04-16T08:00:00+00:00,166.275540,166.311570,166.231170,166.237500,737.44
2024-04-16T09:00:00+00:00,166.237500,166.421340,166.168040,166.337490,1297.10
2024-04-16T10:00:00+00:00,166.337490,166.377560,166.224210,166.259310,927.63
2024-04-16T11:00:00+00:00,166.259310,166.328870,166.230930,166.306780,915.29
2024-04-16T12:00:00+00:00,166.306780,166.349480,166.206910,166.232160,825.91
2024-04-16T13:00:00+00:00,166.232160,166.244910,166.154510,166.191240,684.40
2024-04-16T14:00:00+00:00,166.191240,166.226580,166.141450,166.142160,614.60
2024-04-16T15:00:00+00:00,166.142160,166.159060,166.086300,166.109660,567.64
2024-04-16T16:00:00+00:00,166.109660,166.163360,166.108010,166.145440,831.42
2024-04-16T17:00:00+00:00,166.145440,166.172710,166.060740,166.136130,719.97
2024-04-16T18:00:00+00:00,166.136130,166.179730,166.136010,166.156980,891.97
2024-04-16T19:00:00+00:00,166.156980,166.192860,165.991620,166.004660,1142.06
2024-04-16T20:00:00+00:00,166.004660,166.104360,165.945010,166.058420,912.03
2024-04-16T21:00:00+00:00,166.058420,166.074610,166.018690,166.032720,683.68
2024-04-16T22:00:00+00:00,166.032720,166.070890,165.981650,166.032300,644.92
2024-04-16T23:00:00+00:00,166.032300,166.167930,165.993360,166.116830,1066.16
2024-04-17T00:00:00+00:00,166.116830,166.203080,166.105860,166.173450,970.54
2024-04-17T01:00:00+00:00,166.173450,166.193380,166.093270,166.110400,820.95
2024-04-17T02:00:00+00:00,166.110400,166.141200,166.041250,166.059930,788.10
2024-04-17T03:00:00+00:00,166.059930,166.322230,166.005490,166.237140,1691.29
2024-04-17T04:00:00+00:00,166.237140,166.268570,166.167490,166.221360,729.97
2024-04-17T05:00:00+00:00,166.221360,166.262060,166.212480,166.228030,780.29
2024-04-17T06:00:00+00:00,166.228030,166.322300,166.055000,166.082970,1248.50
2024-04-17T07:00:00+00:00,166.082970,166.150700,165.925980,165.968570,1009.29
2024-04-17T08:00:00+00:00,165.968570,166.024160,165.929300,165.985620,737.43
2024-04-17T09:00:00+00:00,165.985620,165.996330,165.891010,165.909100,892.29
2024-04-17T10:00:00+00:00,165.909100,166.008920,165.845200,165.993590,1175.95
2024-04-17T11:00:00+00:00,165.993590,166.035640,165.960540,166.003390,818.26
2024-04-17T12:00:00+00:00,166.003390,166.049500,165.904820,165.915460,830.00
2024-04-17T13:00:00+00:00,165.915460,166.003000,165.787810,165.860650,706.56
2024-04-17T14:00:00+00:00,165.860650,166.010580,165.836700,165.951280,1153.48
2024-04-17T15:00:00+00:00,165.951280,165.960620,165.869260,165.902630,700.89
2024-04-17T16:00:00+00:00,165.902630,165.929870,165.778540,165.819480,882.17
2024-04-17T17:00:00+00:00,165.819480,165.912100,165.599280,165.639490,1389.80
2024-04-17T18:00:00+00:00,165.639490,165.663010,165.501940,165.589340,734.12
2024-04-17T19:00:00+00:00,165.589340,165.615280,165.550740,165.573760,587.76
2024-04-17T20:00:00+00:00,165.573760,165.609920,165.420990,165.511660,741.82
2024-04-17T21:00:00+00:00,165.511660,165.587300,165.354360,165.373380,1212.90
2024-04-17T22:00:00+00:00,165.373380,165.463860,165.047420,165.130410,1588.07
2024-04-17T23:00:00+00:00,165.130410,165.238030,165.111980,165.223830,1152.53
2024-04-18T00:00:00+00:00,165.223830,165.264590,164.926330,165.016670,1453.05
2024-04-18T01:00:00+00:00,165.016670,165.054060,164.930130,164.970620,745.48
2024-04-18T02:00:00+00:00,164.970620,165.056460,164.779550,164.827640,1191.74
2024-04-18T03:00:00+00:00,164.827640,164.884140,164.779870,164.846320,738.98
2024-04-18T04:00:00+00:00,164.846320,164.890730,164.682610,164.779820,702.68
2024-04-18T05:00:00+00:00,164.779820,164.802780,164.715570,164.743480,684.68
2024-04-18T06:00:00+00:00,164.743480,164.802370,164.727230,164.781530,1017.66
2024-04-18T07:00:00+00:00,164.781530,164.835090,164.631220,164.649430,1132.59
2024-04-18T08:00:00+00:00,164.649430,164.729230,164.585260,164.684560,1007.15
2024-04-18T09:00:00+00:00,164.684560,164.705210,164.658450,164.669150,710.81
2024-04-18T10:00:00+00:00,164.669150,164.721270,164.573900,164.639040,612.60
2024-04-18T11:00:00+00:00,164.639040,164.661540,164.510080,164.562970,758.42
2024-04-18T12:00:00+00:00,164.562970,164.602030,164.424870,164.466370,862.39
2024-04-18T13:00:00+00:00,164.466370,164.507980,164.447550,164.501020,951.28
2024-04-18T14:00:00+00:00,164.501020,164.622070,164.469090,164.562990,1005.15
2024-04-18T15:00:00+00:00,164.562990,164.588200,164.534220,164.567510,638.28
2024-04-18T16:00:00+00:00,164.567510,164.586800,164.482400,164.507340,989.48
2024-04-18T17:00:00+00:00,164.507340,164.621520,164.268770,164.297710,1591.56
2024-04-18T18:00:00+00:00,164.297710,164.505830,164.257730,164.462500,1389.01
2024-04-18T19:00:00+00:00,164.462500,164.502970,164.416730,164.490440,665.63
2024-04-18T20:00:00+00:00,164.490440,164.570460,164.461150,164.550190,928.90
2024-04-18T21:00:00+00:00,164.550190,164.579630,164.457630,164.508890,804.04
2024-04-18T22:00:00+00:00,164.508890,164.655660,164.490990,164.598600,1101.22
2024-04-18T23:00:00+00:00,164.598600,164.709010,164.556850,164.678980,1078.43
2024-04-19T00:00:00+00:00,164.678980,164.698910,164.615300,164.654650,721.43
2024-04-19T01:00:00+00:00,164.654650,164.701100,164.562080,164.596040,819.98
2024-04-19T02:00:00+00:00,164.596040,164.673230,164.586100,164.587350,635.76
2024-04-19T03:00:00+00:00,164.587350,164.608580,164.511360,164.578010,700.09
2024-04-19T04:00:00+00:00,164.578010,164.580240,164.553270,164.559760,755.08
2024-04-19T05:00:00+00:00,164.559760,164.589450,164.459920,164.504250,792.25
2024-04-19T06:00:00+00:00,164.504250,164.513440,164.462280,164.486790,659.33
2024-04-19T07:00:00+00:00,164.486790,164.509540,164.384570,164.428240,972.33
2024-04-19T08:00:00+00:00,164.428240,164.458930,164.336500,164.373300,803.87
2024-04-19T09:00:00+00:00,164.373300,164.432410,164.315700,164.383350,683.88
2024-04-19T10:00:00+00:00,164.383350,164.506380,164.379340,164.494980,1082.12
2024-04-19T11:00:00+00:00,164.494980,164.557540,164.488500,164.556090,941.58
2024-04-19T12:00:00+00:00,164.556090,164.589900,164.526840,164.582250,714.10
2024-04-19T13:00:00+00:00,164.582250,164.716690,164.571230,164.647620,966.72
2024-04-19T14:00:00+00:00,164.647620,164.707800,164.543030,164.580330,936.57
2024-04-19T15:00:00+00:00,164.580330,164.653600,164.402880,164.432930,1245.41
2024-04-19T16:00:00+00:00,164.432930,164.600360,164.415510,164.551780,1276.78
2024-04-19T17:00:00+00:00,164.551780,164.647790,164.313100,164.332820,1728.25
2024-04-19T18:00:00+00:00,164.332820,164.535990,164.272560,164.435620,1043.02
2024-04-19T19:00:00+00:00,164.435620,164.449080,164.349930,164.374980,821.46
2024-04-19T20:00:00+00:00,164.374980,164.442810,164.318890,164.425760,766.68
2024-04-19T21:00:00+00:00,164.425760,164.525660,164.401920,164.493370,933.98
2024-04-19T22:00:00+00:00,164.493370,164.574110,164.339310,164.383740,1245.09
2024-04-19T23:00:00+00:00,164.383740,164.473560,164.382930,164.472350,1004.70
2024-04-20T00:00:00+00:00,164.472350,164.609520,164.394920,164.520270,919.40
2024-04-20T01:00:00+00:00,164.520270,164.551000,164.354670,164.441890,1031.41
2024-04-20T02:00:00+00:00,164.441890,164.532290,164.418280,164.530980,968.96
2024-04-20T03:00:00+00:00,164.530980,164.563100,164.436750,164.495560,868.17
2024-04-20T04:00:00+00:00,164.495560,164.567690,164.418820,164.436350,955.91
2024-04-20T05:00:00+00:00,164.436350,164.600180,164.423480,164.506530,914.96
2024-04-20T06:00:00+00:00,164.506530,164.513060,164.408820,164.455770,817.95
2024-04-20T07:00:00+00:00,164.455770,164.475590,164.427990,164.445760,575.23
2024-04-20T08:00:00+00:00,164.445760,164.631200,164.420680,164.596490,1444.23
2024-04-20T09:00:00+00:00,164.596490,164.655250,164.578650,164.606790,573.99
2024-04-20T10:00:00+00:00,164.606790,164.669270,164.583900,164.615950,720.15
2024-04-20T11:00:00+00:00,164.615950,164.660720,164.601490,164.610890,660.68
2024-04-20T12:00:00+00:00,164.610890,164.661080,164.609060,164.636210,665.01
2024-04-20T13:00:00+00:00,164.636210,164.701620,164.618020,164.700640,833.16
2024-04-20T14:00:00+00:00,164.700640,164.755680,164.654770,164.714080,679.20
2024-04-20T15:00:00+00:00,164.714080,164.747300,164.559110,164.609050,1116.44
2024-04-20T16:00:00+00:00,164.609050,164.612030,164.591800,164.611850,541.11
2024-04-20T17:00:00+00:00,164.611850,164.621020,164.491810,164.581420,731.87
2024-04-20T18:00:00+00:00,164.581420,164.595650,164.511190,164.571290,690.99
2024-04-20T19:00:00+00:00,164.571290,164.654030,164.549660,164.624800,775.02
2024-04-20T20:00:00+00:00,164.624800,164.658410,164.570110,164.598140,738.29
2024-04-20T21:00:00+00:00,164.598140,164.655060,164.578800,164.643830,851.07
2024-04-20T22:00:00+00:00,164.643830,164.698280,164.545360,164.609920,841.04
2024-04-20T23:00:00+00:00,164.609920,164.663610,164.586260,164.623620,586.50
2024-04-21T00:00:00+00:00,164.623620,164.634030,164.469940,164.551500,892.42
2024-04-21T01:00:00+00:00,164.551500,164.582380,164.472170,164.482660,997.88
2024-04-21T02:00:00+00:00,164.482660,164.487290,164.400090,164.426390,860.22
2024-04-21T03:00:00+00:00,164.426390,164.505370,164.193420,164.276160,1328.11
2024-04-21T04:00:00+00:00,164.276160,164.396380,164.236770,164.367500,1042.11
2024-04-21T05:00:00+00:00,164.367500,164.435060,164.342850,164.390020,604.42
2024-04-21T06:00:00+00:00,164.390020,164.580960,164.302650,164.536920,1244.11
2024-04-21T07:00:00+00:00,164.536920,164.553150,164.403000,164.448720,1204.04
2024-04-21T08:00:00+00:00,164.448720,164.502870,164.312590,164.373560,1049.98
2024-04-21T09:00:00+00:00,164.373560,164.428090,164.302660,164.364540,753.08
2024-04-21T10:00:00+00:00,164.364540,164.468250,164.348020,164.433590,764.11
2024-04-21T11:00:00+00:00,164.433590,164.670650,164.403090,164.646120,1469.76
2024-04-21T12:00:00+00:00,164.646120,164.711450,164.395760,164.456990,1758.22
2024-04-21T13:00:00+00:00,164.456990,164.465370,164.311140,164.325470,1492.48
2024-04-21T14:00:00+00:00,164.325470,164.416800,164.313770,164.378890,747.64
2024-04-21T15:00:00+00:00,164.378890,164.524620,164.349010,164.504720,1054.32
2024-04-21T16:00:00+00:00,164.504720,164.562860,164.483640,164.539890,599.21
2024-04-21T17:00:00+00:00,164.539890,164.617220,164.488710,164.572870,612.16
2024-04-21T18:00:00+00:00,164.572870,164.717500,164.523300,164.695350,991.97
2024-04-21T19:00:00+00:00,164.695350,164.750680,164.670000,164.723450,660.65
2024-04-21T20:00:00+00:00,164.723450,164.731510,164.706730,164.722940,804.03
2024-04-21T21:00:00+00:00,164.722940,164.727260,164.717650,164.718030,716.23
2024-04-21T22:00:00+00:00,164.718030,164.800290,164.716820,164.754650,715.62
2024-04-21T23:00:00+00:00,164.754650,165.062930,164.655790,165.002480,1698.01
2024-04-22T00:00:00+00:00,165.002480,165.045720,164.974300,165.002980,655.61
2024-04-22T01:00:00+00:00,165.002980,165.030880,164.965840,164.968220,820.64
2024-04-22T02:00:00+00:00,164.968220,165.062410,164.918070,164.997240,647.79
2024-04-22T03:00:00+00:00,164.997240,165.036700,164.955250,165.009030,643.00
2024-04-22T04:00:00+00:00,165.009030,165.142870,164.936110,165.097790,900.93
2024-04-22T05:00:00+00:00,165.097790,165.295200,165.057290,165.223910,1184.24
2024-04-22T06:00:00+00:00,165.223910,165.417070,165.200200,165.325410,996.39
2024-04-22T07:00:00+00:00,165.325410,165.438300,165.237300,165.415890,1004.05
2024-04-22T08:00:00+00:00,165.415890,165.448950,165.397430,165.437530,731.67
2024-04-22T09:00:00+00:00,165.437530,165.474490,165.298350,165.388790,921.47
2024-04-22T10:00:00+00:00,165.388790,165.412530,165.328020,165.381710,707.87
2024-04-22T11:00:00+00:00,165.381710,165.560640,165.331800,165.503550,1017.63
2024-04-22T12:00:00+00:00,165.503550,165.575350,165.478130,165.528960,647.18
2024-04-22T13:00:00+00:00,165.528960,165.629510,165.486550,165.578160,608.85
2024-04-22T14:00:00+00:00,165.578160,165.606670,165.549590,165.594830,690.16
2024-04-22T15:00:00+00:00,165.594830,165.647930,165.532940,165.627650,704.20
2024-04-22T16:00:00+00:00,165.627650,165.651190,165.536550,165.537060,1257.47
2024-04-22T17:00:00+00:00,165.537060,165.539010,165.403500,165.479300,1024.19
2024-04-22T18:00:00+00:00,165.479300,165.549020,165.427650,165.472120,758.32
2024-04-22T19:00:00+00:00,165.472120,165.728530,165.399440,165.653370,1406.18
2024-04-22T20:00:00+00:00,165.653370,165.721460,165.592070,165.645820,805.44
2024-04-22T21:00:00+00:00,165.645820,165.694070,165.574720,165.630870,769.80
2024-04-22T22:00:00+00:00,165.630870,165.894130,165.524580,165.788010,1340.03
2024-04-22T23:00:00+00:00,165.788010,165.826960,165.762720,165.826690,685.96
2024-04-23T00:00:00+00:00,165.826690,165.878800,165.791090,165.871520,616.28
2024-04-23T01:00:00+00:00,165.871520,165.956160,165.859090,165.935050,759.54
2024-04-23T02:00:00+00:00,165.935050,165.985750,165.858770,165.906370,869.99
2024-04-23T03:00:00+00:00,165.906370,166.039000,165.858330,166.010050,880.67
2024-04-23T04:00:00+00:00,166.010050,166.070020,165.984110,166.058420,631.74
2024-04-23T05:00:00+00:00,166.058420,166.082060,166.053070,166.077180,663.54
2024-04-23T06:00:00+00:00,166.077180,166.159810,165.966530,165.995780,1162.06
2024-04-23T07:00:00+00:00,165.995780,166.040750,165.982760,166.012960,643.27
2024-04-23T08:00:00+00:00,166.012960,166.045550,165.801300,165.885120,1293.26
2024-04-23T09:00:00+00:00,165.885120,165.971010,165.868990,165.930720,743.21
2024-04-23T10:00:00+00:00,165.930720,165.937690,165.802490,165.864900,1000.77
2024-04-23T11:00:00+00:00,165.864900,166.040660,165.863880,166.004400,1118.36
2024-04-23T12:00:00+00:00,166.004400,166.040820,165.864260,165.920090,1169.29
2024-04-23T13:00:00+00:00,165.920090,165.977780,165.849980,165.882270,1018.60
2024-04-23T14:00:00+00:00,165.882270,166.109990,165.781460,166.008290,1033.65
2024-04-23T15:00:00+00:00,166.008290,166.107430,165.964550,165.980540,862.28
2024-04-23T16:00:00+00:00,165.980540,166.010490,165.873790,165.932050,989.84
2024-04-23T17:00:00+00:00,165.932050,166.026390,165.881650,166.004710,836.82
2024-04-23T18:00:00+00:00,166.004710,166.009760,165.946140,165.989060,859.18
2024-04-23T19:00:00+00:00,165.989060,166.067350,165.947300,166.013520,566.42
2024-04-23T20:00:00+00:00,166.013520,166.057220,165.925070,165.951210,1076.82
2024-04-23T21:00:00+00:00,165.951210,166.179320,165.867400,166.085420,1109.31
2024-04-23T22:00:00+00:00,166.085420,166.192750,166.039990,166.189570,918.65
2024-04-23T23:00:00+00:00,166.189570,166.236520,166.147070,166.223180,539.32
2024-04-24T00:00:00+00:00,166.223180,166.282030,166.182950,166.261510,657.87
2024-04-24T01:00:00+00:00,166.261510,166.312310,166.159280,166.234970,857.04
2024-04-24T02:00:00+00:00,166.234970,166.349640,166.205920,166.317250,957.57
2024-04-24T03:00:00+00:00,166.317250,166.505980,166.309660,166.451370,1045.26
2024-04-24T04:00:00+00:00,166.451370,166.708170,166.358620,166.656760,1508.99
2024-04-24T05:00:00+00:00,166.656760,166.847060,166.644090,166.817050,1285.24
2024-04-24T06:00:00+00:00,166.817050,166.957760,166.796780,166.879560,714.12
2024-04-24T07:00:00+00:00,166.879560,166.961070,166.847720,166.919590,681.23
2024-04-24T08:00:00+00:00,166.919590,166.967670,166.852710,166.932110,704.74
2024-04-24T09:00:00+00:00,166.932110,166.953860,166.816520,166.843240,1174.22
2024-04-24T10:00:00+00:00,166.843240,166.893620,166.810610,166.879180,726.06
2024-04-24T11:00:00+00:00,166.879180,167.102350,166.794770,167.015180,1121.71
2024-04-24T12:00:00+00:00,167.015180,167.124180,166.966270,167.077920,796.82
2024-04-24T13:00:00+00:00,167.077920,167.118230,167.015540,167.076500,801.96
2024-04-24T14:00:00+00:00,167.076500,167.434750,167.001090,167.320470,1683.73
2024-04-24T15:00:00+00:00,167.320470,167.456390,167.301440,167.449400,1190.24
2024-04-24T16:00:00+00:00,167.449400,167.627130,167.399740,167.583310,1124.11
2024-04-24T17:00:00+00:00,167.583310,167.708030,167.537620,167.656380,914.87
2024-04-24T18:00:00+00:00,167.656380,167.725220,167.449560,167.510940,1405.92
2024-04-24T19:00:00+00:00,167.510940,167.615210,167.472720,167.568240,655.40
2024-04-24T20:00:00+00:00,167.568240,167.712410,167.517890,167.647230,765.45
2024-04-24T21:00:00+00:00,167.647230,167.686360,167.635860,167.639280,709.54
2024-04-24T22:00:00+00:00,167.639280,167.826980,167.619760,167.799650,1164.29
2024-04-24T23:00:00+00:00,167.799650,167.851660,167.766870,167.841570,636.87
2024-04-25T00:00:00+00:00,167.841570,167.905260,167.774650,167.814360,785.29
2024-04-25T01:00:00+00:00,167.814360,167.865730,167.713210,167.798360,875.69
2024-04-25T02:00:00+00:00,167.798360,167.826910,167.690930,167.735410,1010.76
2024-04-25T03:00:00+00:00,167.735410,167.933150,167.670700,167.891860,1225.72
2024-04-25T04:00:00+00:00,167.891860,167.917840,167.837210,167.874600,923.46
2024-04-25T05:00:00+00:00,167.874600,167.877500,167.731900,167.775090,1137.83
2024-04-25T06:00:00+00:00,167.775090,167.805970,167.664490,167.714460,961.77
2024-04-25T07:00:00+00:00,167.714460,167.774300,167.543020,167.604290,1260.62
2024-04-25T08:00:00+00:00,167.604290,167.753420,167.598650,167.686960,820.33
2024-04-25T09:00:00+00:00,167.686960,167.777840,167.684570,167.759170,778.08
2024-04-25T10:00:00+00:00,167.759170,167.864250,167.754040,167.823110,816.06
2024-04-25T11:00:00+00:00,167.823110,167.911090,167.786540,167.869700,624.65
2024-04-25T12:00:00+00:00,167.869700,167.939220,167.822380,167.842780,834.66
2024-04-25T13:00:00+00:00,167.842780,167.905650,167.679140,167.741810,1222.23
2024-04-25T14:00:00+00:00,167.741810,167.776870,167.697260,167.770690,586.32
2024-04-25T15:00:00+00:00,167.770690,167.959010,167.697660,167.861460,882.19
2024-04-25T16:00:00+00:00,167.861460,167.918250,167.788540,167.810510,1054.57
2024-04-25T17:00:00+00:00,167.810510,167.831990,167.742780,167.808730,797.74
2024-04-25T18:00:00+00:00,167.808730,167.835700,167.706880,167.733180,1047.13
2024-04-25T19:00:00+00:00,167.733180,167.795420,167.684300,167.765750,651.73
2024-04-25T20:00:00+00:00,167.765750,167.806190,167.704660,167.792340,636.12
2024-04-25T21:00:00+00:00,167.792340,167.805850,167.758220,167.779820,770.51
2024-04-25T22:00:00+00:00,167.779820,167.848450,167.747790,167.813280,620.40
2024-04-25T23:00:00+00:00,167.813280,167.872770,167.758090,167.856520,634.93
2024-04-26T00:00:00+00:00,167.856520,167.857770,167.818580,167.836540,843.24
2024-04-26T01:00:00+00:00,167.836540,167.911380,167.742020,167.754740,1147.90
2024-04-26T02:00:00+00:00,167.754740,167.776100,167.718860,167.757020,802.20
2024-04-26T03:00:00+00:00,167.757020,167.810180,167.727230,167.810000,763.79
2024-04-26T04:00:00+00:00,167.810000,167.980380,167.730940,167.894990,916.95
2024-04-26T05:00:00+00:00,167.894990,167.955690,167.871230,167.944510,793.57
2024-04-26T06:00:00+00:00,167.944510,168.190150,167.907480,168.106080,1319.92
2024-04-26T07:00:00+00:00,168.106080,168.110710,168.072280,168.090870,644.49
2024-04-26T08:00:00+00:00,168.090870,168.109830,168.076130,168.082050,613.88
2024-04-26T09:00:00+00:00,168.082050,168.131390,168.075440,168.114370,679.79
2024-04-26T10:00:00+00:00,168.114370,168.198790,168.106940,168.132030,652.95
2024-04-26T11:00:00+00:00,168.132030,168.212110,168.034580,168.066770,982.61
2024-04-26T12:00:00+00:00,168.066770,168.178780,168.003910,168.147180,1012.65
2024-04-26T13:00:00+00:00,168.147180,168.183170,168.126590,168.166440,688.02
2024-04-26T14:00:00+00:00,168.166440,168.277510,168.157870,168.222210,931.91
2024-04-26T15:00:00+00:00,168.222210,168.311610,168.099160,168.111310,1122.32
2024-04-26T16:00:00+00:00,168.111310,168.363340,168.111180,168.295690,1536.94
2024-04-26T17:00:00+00:00,168.295690,168.332630,168.272850,168.307540,688.44
2024-04-26T18:00:00+00:00,168.307540,168.414940,168.282630,168.385710,1080.72
2024-04-26T19:00:00+00:00,168.385710,168.528540,168.336320,168.517990,1308.51
2024-04-26T20:00:00+00:00,168.517990,168.533760,168.474760,168.507020,610.90
2024-04-26T21:00:00+00:00,168.507020,168.570760,168.492050,168.521200,661.17
2024-04-26T22:00:00+00:00,168.521200,168.572630,168.477920,168.497810,765.09
2024-04-26T23:00:00+00:00,168.497810,168.550750,168.376860,168.385380,1137.80
2024-04-27T00:00:00+00:00,168.385380,168.436790,168.209940,168.284620,1196.87
2024-04-27T01:00:00+00:00,168.284620,168.305080,168.196940,168.215270,993.36
2024-04-27T02:00:00+00:00,168.215270,168.319880,168.152470,168.296390,1073.19
2024-04-27T03:00:00+00:00,168.296390,168.325510,168.266720,168.273910,784.92
2024-04-27T04:00:00+00:00,168.273910,168.350630,168.271450,168.313300,896.21
2024-04-27T05:00:00+00:00,168.313300,168.398590,168.240700,168.362330,785.05
2024-04-27T06:00:00+00:00,168.362330,168.611440,168.256910,168.508660,1426.07
2024-04-27T07:00:00+00:00,168.508660,168.554420,168.491230,168.502740,535.38
2024-04-27T08:00:00+00:00,168.502740,168.526370,168.356090,168.443240,877.73
2024-04-27T09:00:00+00:00,168.443240,168.448770,168.420410,168.436200,555.01
2024-04-27T10:00:00+00:00,168.436200,168.448980,168.404990,168.424140,736.65
2024-04-27T11:00:00+00:00,168.424140,168.442850,168.234090,168.324150,1189.57
2024-04-27T12:00:00+00:00,168.324150,168.343000,168.247230,168.291420,766.11
2024-04-27T13:00:00+00:00,168.291420,168.343130,168.251880,168.275220,630.21
2024-04-27T14:00:00+00:00,168.275220,168.327420,168.191250,168.247790,720.09
2024-04-27T15:00:00+00:00,168.247790,168.269480,168.214150,168.224600,769.32
2024-04-27T16:00:00+00:00,168.224600,168.282780,168.178950,168.259180,718.50
2024-04-27T17:00:00+00:00,168.259180,168.432270,168.144630,168.393640,1310.91
2024-04-27T18:00:00+00:00,168.393640,168.430340,168.194680,168.282750,1146.64
2024-04-27T19:00:00+00:00,168.282750,168.328770,168.211760,168.325580,721.94
2024-04-27T20:00:00+00:00,168.325580,168.416440,168.311820,168.374120,922.11
2024-04-27T21:00:00+00:00,168.374120,168.465160,168.271330,168.333660,890.92
2024-04-27T22:00:00+00:00,168.333660,168.418670,168.290140,168.418510,950.36
2024-04-27T23:00:00+00:00,168.418510,168.595150,168.349240,168.533230,1108.08
2024-04-28T00:00:00+00:00,168.533230,168.587700,168.444470,168.458850,1013.91
2024-04-28T01:00:00+00:00,168.458850,168.531820,168.423630,168.484440,705.31
2024-04-28T02:00:00+00:00,168.484440,168.542920,168.391970,168.462800,673.61
2024-04-28T03:00:00+00:00,168.462800,168.516530,168.347150,168.414210,919.74
2024-04-28T04:00:00+00:00,168.414210,168.523610,168.323630,168.443480,681.42
2024-04-28T05:00:00+00:00,168.443480,168.499850,168.392630,168.462210,757.34
2024-04-28T06:00:00+00:00,168.462210,168.499270,168.457850,168.485390,746.50
2024-04-28T07:00:00+00:00,168.485390,168.760040,168.456940,168.673300,1444.72
2024-04-28T08:00:00+00:00,168.673300,168.676840,168.564260,168.591030,1023.35
2024-04-28T09:00:00+00:00,168.591030,168.608890,168.555300,168.586930,709.69
2024-04-28T10:00:00+00:00,168.586930,168.675840,168.562970,168.661610,972.03
2024-04-28T11:00:00+00:00,168.661610,168.728620,168.494970,168.556810,1047.09
2024-04-28T12:00:00+00:00,168.556810,168.603770,168.498860,168.533730,787.69
2024-04-28T13:00:00+00:00,168.533730,168.561010,168.454950,168.523690,598.22
2024-04-28T14:00:00+00:00,168.523690,168.789620,168.498570,168.729410,1575.25
2024-04-28T15:00:00+00:00,168.729410,168.794110,168.643620,168.652870,946.32
2024-04-28T16:00:00+00:00,168.652870,168.707080,168.623150,168.689760,755.53
2024-04-28T17:00:00+00:00,168.689760,168.724470,168.667870,168.705310,616.52
2024-04-28T18:00:00+00:00,168.705310,168.790430,168.688260,168.774780,1018.05
2024-04-28T19:00:00+00:00,168.774780,168.879930,168.561840,168.586790,1614.01
2024-04-28T20:00:00+00:00,168.586790,168.664960,168.541770,168.629390,870.96
2024-04-28T21:00:00+00:00,168.629390,168.717890,168.589940,168.680700,870.76
2024-04-28T22:00:00+00:00,168.680700,168.705260,168.656690,168.695770,580.02
2024-04-28T23:00:00+00:00,168.695770,168.705820,168.567060,168.596830,1103.27
2024-04-29T00:00:00+00:00,168.596830,168.677460,168.591030,168.645300,839.23
2024-04-29T01:00:00+00:00,168.645300,168.659930,168.637200,168.642330,713.68
2024-04-29T02:00:00+00:00,168.642330,168.660820,168.630470,168.658470,775.93
2024-04-29T03:00:00+00:00,168.658470,168.681290,168.628700,168.655030,686.66
2024-04-29T04:00:00+00:00,168.655030,168.683370,168.645530,168.658990,611.01
2024-04-29T05:00:00+00:00,168.658990,168.698690,168.570800,168.600060,845.95
2024-04-29T06:00:00+00:00,168.600060,168.724830,168.563820,168.670760,1026.17
2024-04-29T07:00:00+00:00,168.670760,168.892680,168.583170,168.816740,1302.39
2024-04-29T08:00:00+00:00,168.816740,168.901250,168.789880,168.888470,1002.60
2024-04-29T09:00:00+00:00,168.888470,168.944120,168.839710,168.896940,674.62
2024-04-29T10:00:00+00:00,168.896940,168.966130,168.761500,168.810150,1014.04
2024-04-29T11:00:00+00:00,168.810150,168.881950,168.744780,168.855350,838.36
2024-04-29T12:00:00+00:00,168.855350,168.863330,168.789670,168.824990,730.90
2024-04-29T13:00:00+00:00,168.824990,168.908380,168.726780,168.748280,989.50
2024-04-29T14:00:00+00:00,168.748280,168.768760,168.690340,168.703150,769.88
2024-04-29T15:00:00+00:00,168.703150,168.775530,168.611980,168.635960,1033.89
2024-04-29T16:00:00+00:00,168.635960,168.665190,168.603220,168.622800,761.07
2024-04-29T17:00:00+00:00,168.622800,168.651260,168.548330,168.563540,810.22
2024-04-29T18:00:00+00:00,168.563540,168.625120,168.470270,168.500170,1014.46
2024-04-29T19:00:00+00:00,168.500170,168.546280,168.442500,168.463290,868.53
2024-04-29T20:00:00+00:00,168.463290,168.487180,168.128190,168.228160,1784.70
2024-04-29T21:00:00+00:00,168.228160,168.346020,168.177820,168.290120,959.47
2024-04-29T22:00:00+00:00,168.290120,168.355000,168.157100,168.204140,974.41
2024-04-29T23:00:00+00:00,168.204140,168.235490,168.193020,168.193880,632.53
2024-04-30T00:00:00+00:00,168.193880,168.329820,168.136520,168.290010,1095.99
2024-04-30T01:00:00+00:00,168.290010,168.364290,168.096250,168.163750,1309.67
2024-04-30T02:00:00+00:00,168.163750,168.352950,168.102370,168.331580,1508.99
2024-04-30T03:00:00+00:00,168.331580,168.346750,168.214010,168.238180,1060.37
2024-04-30T04:00:00+00:00,168.238180,168.427020,168.154440,168.389420,1406.52
2024-04-30T05:00:00+00:00,168.389420,168.421590,168.379550,168.380110,662.59
2024-04-30T06:00:00+00:00,168.380110,168.420890,168.227100,168.319860,964.99
2024-04-30T07:00:00+00:00,168.319860,168.363230,168.287070,168.354120,723.69
2024-04-30T08:00:00+00:00,168.354120,168.363240,168.327070,168.353480,605.82
2024-04-30T09:00:00+00:00,168.353480,168.415350,168.342400,168.396180,807.52
2024-04-30T10:00:00+00:00,168.396180,168.483090,168.283540,168.326810,934.03
2024-04-30T11:00:00+00:00,168.326810,168.329940,168.255190,168.281220,841.32
2024-04-30T12:00:00+00:00,168.281220,168.317480,168.196000,168.215970,899.87
2024-04-30T13:00:00+00:00,168.215970,168.234350,168.158680,168.196340,637.14
2024-04-30T14:00:00+00:00,168.196340,168.259730,168.129680,168.185150,673.57
2024-04-30T15:00:00+00:00,168.185150,168.200010,168.038910,168.074920,1187.27
2024-04-30T16:00:00+00:00,168.074920,168.184030,168.047550,168.164010,1107.57
2024-04-30T17:00:00+00:00,168.164010,168.280970,167.916530,168.034070,1196.96
2024-04-30T18:00:00+00:00,168.034070,168.184260,168.009230,168.125790,1047.70
2024-04-30T19:00:00+00:00,168.125790,168.131960,168.090780,168.106480,667.81
2024-04-30T20:00:00+00:00,168.106480,168.152520,168.048440,168.087660,607.49
2024-04-30T21:00:00+00:00,168.087660,168.133320,168.032590,168.078460,554.75
2024-04-30T22:00:00+00:00,168.078460,168.132780,168.018000,168.104090,736.13
2024-04-30T23:00:00+00:00,168.104090,168.241880,168.093680,168.196780,1112.88
2024-05-01T00:00:00+00:00,168.196780,168.251250,168.147680,168.215670,784.16
2024-05-01T01:00:00+00:00,168.215670,168.257280,168.185130,168.233860,744.12
2024-05-01T02:00:00+00:00,168.233860,168.438550,168.157960,168.395850,1369.19
2024-05-01T03:00:00+00:00,168.395850,168.408360,168.352360,168.372150,639.91
2024-05-01T04:00:00+00:00,168.372150,168.426250,168.338310,168.338910,817.51
2024-05-01T05:00:00+00:00,168.338910,168.485020,168.280550,168.409850,1002.21
2024-05-01T06:00:00+00:00,168.409850,168.641500,168.389150,168.534390,1173.68
2024-05-01T07:00:00+00:00,168.534390,168.551940,168.520870,168.546270,604.28
2024-05-01T08:00:00+00:00,168.546270,168.697140,168.534660,168.610300,825.58
2024-05-01T09:00:00+00:00,168.610300,168.657930,168.524940,168.533980,884.42
2024-05-01T10:00:00+00:00,168.533980,168.595150,168.374960,168.423320,1111.37
2024-05-01T11:00:00+00:00,168.423320,168.428720,168.349380,168.364200,827.18
2024-05-01T12:00:00+00:00,168.364200,168.439630,168.272830,168.373890,691.82
2024-05-01T13:00:00+00:00,168.373890,168.447540,168.179960,168.209360,1410.41
2024-05-01T14:00:00+00:00,168.209360,168.284010,168.181470,168.237460,973.97
2024-05-01T15:00:00+00:00,168.237460,168.347360,168.228020,168.333030,1215.31
2024-05-01T16:00:00+00:00,168.333030,168.398120,168.220480,168.260930,729.44
2024-05-01T17:00:00+00:00,168.260930,168.298980,168.254330,168.261920,797.96
2024-05-01T18:00:00+00:00,168.261920,168.297530,168.258680,168.268230,709.29
2024-05-01T19:00:00+00:00,168.268230,168.319390,168.198040,168.217510,725.11
2024-05-01T20:00:00+00:00,168.217510,168.274240,168.211500,168.264930,995.29
2024-05-01T21:00:00+00:00,168.264930,168.300430,168.090190,168.109410,1161.09
2024-05-01T22:00:00+00:00,168.109410,168.111350,168.087010,168.102420,710.15
2024-05-01T23:00:00+00:00,168.102420,168.104740,168.008440,168.079800,587.73
2024-05-02T00:00:00+00:00,168.079800,168.116600,167.984330,167.985020,889.97
2024-05-02T01:00:00+00:00,167.985020,168.032440,167.889450,167.967620,676.69
2024-05-02T02:00:00+00:00,167.967620,168.047190,167.745380,167.830660,1128.84
2024-05-02T03:00:00+00:00,167.830660,167.909390,167.783740,167.860550,856.23
2024-05-02T04:00:00+00:00,167.860550,167.895080,167.772380,167.781260,771.82
2024-05-02T05:00:00+00:00,167.781260,167.848350,167.730600,167.838620,1008.01
2024-05-02T06:00:00+00:00,167.838620,167.888050,167.774640,167.827220,628.72
2024-05-02T07:00:00+00:00,167.827220,167.864520,167.826130,167.863270,965.92
2024-05-02T08:00:00+00:00,167.863270,167.870420,167.805230,167.818000,639.02
2024-05-02T09:00:00+00:00,167.818000,167.881890,167.806290,167.857170,998.31
2024-05-02T10:00:00+00:00,167.857170,167.919340,167.829990,167.913710,994.10
2024-05-02T11:00:00+00:00,167.913710,167.933860,167.833820,167.864150,664.85
2024-05-02T12:00:00+00:00,167.864150,167.967020,167.682900,167.726520,1082.92
2024-05-02T13:00:00+00:00,167.726520,167.728190,167.711670,167.714580,770.73
2024-05-02T14:00:00+00:00,167.714580,167.791620,167.685520,167.713590,834.85
2024-05-02T15:00:00+00:00,167.713590,167.726200,167.584440,167.629520,859.59
2024-05-02T16:00:00+00:00,167.629520,167.698610,167.629360,167.649960,776.80
2024-05-02T17:00:00+00:00,167.649960,167.696670,167.526450,167.539760,969.62
2024-05-02T18:00:00+00:00,167.539760,167.548000,167.539260,167.543290,717.70
2024-05-02T19:00:00+00:00,167.543290,167.622890,167.438320,167.459360,845.96
2024-05-02T20:00:00+00:00,167.459360,167.578250,167.436120,167.530250,1093.13
2024-05-02T21:00:00+00:00,167.530250,167.540050,167.423340,167.475610,662.81
2024-05-02T22:00:00+00:00,167.475610,167.548790,167.351280,167.417770,739.32
2024-05-02T23:00:00+00:00,167.417770,167.426880,167.359620,167.383170,682.35
2024-05-03T00:00:00+00:00,167.383170,167.384150,167.203820,167.246780,1183.63
2024-05-03T01:00:00+00:00,167.246780,167.286700,167.129130,167.183350,708.90
2024-05-03T02:00:00+00:00,167.183350,167.215570,167.103160,167.129320,759.86
2024-05-03T03:00:00+00:00,167.129320,167.142430,167.083470,167.120170,597.36
2024-05-03T04:00:00+00:00,167.120170,167.181730,167.035350,167.042330,749.49
2024-05-03T05:00:00+00:00,167.042330,167.109980,166.972000,166.992000,687.78
2024-05-03T06:00:00+00:00,166.992000,167.013640,166.953770,166.968460,605.16
2024-05-03T07:00:00+00:00,166.968460,167.064490,166.934490,167.055470,1206.78
2024-05-03T08:00:00+00:00,167.055470,167.092530,166.795790,166.868120,1362.48
2024-05-03T09:00:00+00:00,166.868120,166.903940,166.785320,166.848750,681.70
2024-05-03T10:00:00+00:00,166.848750,166.904810,166.680580,166.755150,927.94
2024-05-03T11:00:00+00:00,166.755150,166.789390,166.660530,166.667650,941.88
2024-05-03T12:00:00+00:00,166.667650,166.779370,166.644950,166.698490,903.24
2024-05-03T13:00:00+00:00,166.698490,166.773590,166.565920,166.609440,855.46
2024-05-03T14:00:00+00:00,166.609440,166.753560,166.512790,166.747870,1434.78
2024-05-03T15:00:00+00:00,166.747870,166.816020,166.493760,166.582000,1388.82
2024-05-03T16:00:00+00:00,166.582000,166.628400,166.568970,166.590280,753.07
2024-05-03T17:00:00+00:00,166.590280,166.671340,166.447960,166.498600,903.00
2024-05-03T18:00:00+00:00,166.498600,166.517630,166.376950,166.398100,889.06
2024-05-03T19:00:00+00:00,166.398100,166.429650,166.371730,166.384470,641.74
2024-05-03T20:00:00+00:00,166.384470,166.405990,166.319660,166.352590,563.77
2024-05-03T21:00:00+00:00,166.352590,166.422450,166.281070,166.284220,842.46
2024-05-03T22:00:00+00:00,166.284220,166.303360,166.178930,166.204090,929.73
2024-05-03T23:00:00+00:00,166.204090,166.242280,166.195330,166.226980,947.81
2024-05-04T00:00:00+00:00,166.226980,166.284390,166.211870,166.249960,769.89
2024-05-04T01:00:00+00:00,166.249960,166.358890,166.240770,166.319050,1128.65
2024-05-04T02:00:00+00:00,166.319050,166.405770,166.290450,166.368270,1039.41
2024-05-04T03:00:00+00:00,166.368270,166.408790,166.284440,166.308320,1104.84
2024-05-04T04:00:00+00:00,166.308320,166.424970,166.299720,166.410540,909.93
2024-05-04T05:00:00+00:00,166.410540,166.479630,166.401450,166.447050,580.87
2024-05-04T06:00:00+00:00,166.447050,166.510650,166.416110,166.473530,552.08
2024-05-04T07:00:00+00:00,166.473530,166.576980,166.441600,166.509510,593.57
2024-05-04T08:00:00+00:00,166.509510,166.525920,166.421220,166.430270,1056.05
2024-05-04T09:00:00+00:00,166.430270,166.474620,166.421350,166.434800,804.63
2024-05-04T10:00:00+00:00,166.434800,166.492290,166.381080,166.484110,659.89
2024-05-04T11:00:00+00:00,166.484110,166.655230,166.441580,166.602660,1047.94
2024-05-04T12:00:00+00:00,166.602660,166.677380,166.544030,166.566980,921.31
2024-05-04T13:00:00+00:00,166.566980,166.618490,166.510780,166.607770,610.67
2024-05-04T14:00:00+00:00,166.607770,166.634240,166.583380,166.591240,795.01
2024-05-04T15:00:00+00:00,166.591240,166.732800,166.587270,166.667270,801.40
2024-05-04T16:00:00+00:00,166.667270,166.744630,166.610480,166.716000,661.76
2024-05-04T17:00:00+00:00,166.716000,166.896930,166.675840,166.822470,1040.82
2024-05-04T18:00:00+00:00,166.822470,166.944680,166.766280,166.882720,717.60
2024-05-04T19:00:00+00:00,166.882720,166.986370,166.838310,166.964690,804.74
2024-05-04T20:00:00+00:00,166.964690,167.100400,166.874420,167.081650,958.27
2024-05-04T21:00:00+00:00,167.081650,167.092950,166.976610,167.029920,931.92
2024-05-04T22:00:00+00:00,167.029920,167.045860,166.992040,167.043280,610.27
2024-05-04T23:00:00+00:00,167.043280,167.179540,166.977740,167.119840,890.62
